{
"type": "FeatureCollection",
"name": "Athletic_Courts",
"crs": { "type": "name", "properties": { "name": "urn:ogc:def:crs:OGC:1.3:CRS84" } },
"features": [
{ "type": "Feature", "properties": { "OBJECTID": 1, "Asset_ID": "RP-ATHCRT-1", "Parent_Asset_ID": "RP-PARK-31", "Asset_Name": "Pickleball", "Asset_Type": "Pickleball", "Location_Description": "North of Progress Pavilion - Shelter / Restroom", "Asset_Description": "Pickleball Courts", "Install_Date": "2020-07-15T00:00:00Z", "Warranty_Date": null, "Life_Expectancy": null, "Comments": "4 Tennis Courts Removed 7/15/2020", "Asset_Owner": "Henrico County Recreation & Parks", "Asset_Maintainer": "Henrico County Recreation & Parks", "Original_Cost": null, "Estimated_Replacement_Cost": null, "Surface_Type": null, "Asset_Status": "In Service", "Asset_Operator": "Henrico County Recreation & Parks", "Legacy_ID": null, "created_user": "zur", "created_date": null, "last_edited_user": "ZUR", "last_edited_date": "2021-11-05T18:20:45Z", "Number_of_Courts": 8, "NRPA_Type": null, "Court_Lighting": "No", "ShapeSTArea": 21509.390360315523, "ShapeSTLength": 600.78473247244028 }, "geometry": { "type": "Polygon", "coordinates": [ [ [ -77.327949468075886, 37.557992472459148 ], [ -77.327959952602882, 37.558318734150539 ], [ -77.32858792342482, 37.558306334200438 ], [ -77.328581006413984, 37.557985652370256 ], [ -77.327949468075886, 37.557992472459148 ] ] ] } },
{ "type": "Feature", "properties": { "OBJECTID": 2, "Asset_ID": "RP-ATHCRT-2", "Parent_Asset_ID": "RP-PARK-42", "Asset_Name": "Tennis 1,2,3", "Asset_Type": "Tennis", "Location_Description": "West of pond", "Asset_Description": "Tennis Court", "Install_Date": "1984-07-21T00:00:00Z", "Warranty_Date": null, "Life_Expectancy": null, "Comments": null, "Asset_Owner": "Henrico County Recreation & Parks", "Asset_Maintainer": "Henrico County Recreation & Parks", "Original_Cost": null, "Estimated_Replacement_Cost": null, "Surface_Type": null, "Asset_Status": "In Service", "Asset_Operator": "Henrico County Recreation & Parks", "Legacy_ID": "110337, 110338, 110339", "created_user": "zur", "created_date": null, "last_edited_user": "ZUR", "last_edited_date": "2021-11-05T18:15:16Z", "Number_of_Courts": 3, "NRPA_Type": null, "Court_Lighting": "No", "ShapeSTArea": 19008.98225257056, "ShapeSTLength": 556.50234686558326 }, "geometry": { "type": "Polygon", "coordinates": [ [ [ -77.341724384380825, 37.460340363980478 ], [ -77.34172223224337, 37.460009422503681 ], [ -77.341179592177056, 37.460010290905664 ], [ -77.341180019029807, 37.460341238961995 ], [ -77.341724384380825, 37.460340363980478 ] ] ] } },
{ "type": "Feature", "properties": { "OBJECTID": 3, "Asset_ID": "RP-ATHCRT-3", "Parent_Asset_ID": "RP-PARK-45", "Asset_Name": "Tennis", "Asset_Type": "Tennis", "Location_Description": "East of Diamond 1 Field", "Asset_Description": "Tennis Court", "Install_Date": null, "Warranty_Date": null, "Life_Expectancy": null, "Comments": null, "Asset_Owner": "Henrico County Recreation & Parks", "Asset_Maintainer": "Henrico County Recreation & Parks", "Original_Cost": null, "Estimated_Replacement_Cost": null, "Surface_Type": null, "Asset_Status": "In Service", "Asset_Operator": "Henrico County Recreation & Parks", "Legacy_ID": "113401, 113402", "created_user": "zur", "created_date": null, "last_edited_user": "ZUR", "last_edited_date": "2021-11-05T18:16:19Z", "Number_of_Courts": 2, "NRPA_Type": null, "Court_Lighting": "Yes", "ShapeSTArea": 12929.275722834331, "ShapeSTLength": 455.16759818309612 }, "geometry": { "type": "Polygon", "coordinates": [ [ [ -77.21109573774703, 37.4944501443807 ], [ -77.211083876632529, 37.49412599669138 ], [ -77.210706955553817, 37.494134752878239 ], [ -77.210718825686982, 37.494459203502856 ], [ -77.211095749520894, 37.494450447291186 ], [ -77.21109573774703, 37.4944501443807 ] ] ] } },
{ "type": "Feature", "properties": { "OBJECTID": 4, "Asset_ID": "RP-ATHCRT-4", "Parent_Asset_ID": "RP-PARK-26", "Asset_Name": "Tennis 1,2", "Asset_Type": "Tennis", "Location_Description": "South of rectangular Parking Lot", "Asset_Description": "Tennis Court", "Install_Date": null, "Warranty_Date": null, "Life_Expectancy": null, "Comments": null, "Asset_Owner": "Henrico County Public Schools", "Asset_Maintainer": "Henrico County Recreation & Parks", "Original_Cost": null, "Estimated_Replacement_Cost": null, "Surface_Type": null, "Asset_Status": "In Service", "Asset_Operator": "Henrico County Recreation & Parks", "Legacy_ID": "115208, 115209", "created_user": "zur", "created_date": null, "last_edited_user": "ZUR", "last_edited_date": "2021-11-05T18:18:09Z", "Number_of_Courts": 2, "NRPA_Type": null, "Court_Lighting": "No", "ShapeSTArea": 13200.019897813647, "ShapeSTLength": 460.00033548345471 }, "geometry": { "type": "Polygon", "coordinates": [ [ [ -77.365392830996129, 37.572577408260024 ], [ -77.365014112885646, 37.572597449405514 ], [ -77.365041581144453, 37.57292628803085 ], [ -77.365420300905029, 37.572906246799242 ], [ -77.365392830996129, 37.572577408260024 ] ] ] } },
{ "type": "Feature", "properties": { "OBJECTID": 5, "Asset_ID": "RP-ATHCRT-5", "Parent_Asset_ID": "RP-PARK-23", "Asset_Name": "Tennis", "Asset_Type": "Tennis", "Location_Description": "East of Mutlipurpose 1", "Asset_Description": "Tennis Court", "Install_Date": null, "Warranty_Date": null, "Life_Expectancy": null, "Comments": null, "Asset_Owner": "Henrico County Recreation & Parks", "Asset_Maintainer": "Henrico County Recreation & Parks", "Original_Cost": null, "Estimated_Replacement_Cost": null, "Surface_Type": null, "Asset_Status": "In Service", "Asset_Operator": "Henrico County Recreation & Parks", "Legacy_ID": "111034", "created_user": "zur", "created_date": null, "last_edited_user": "ZUR", "last_edited_date": "2021-11-05T18:19:28Z", "Number_of_Courts": 1, "NRPA_Type": null, "Court_Lighting": "No", "ShapeSTArea": 7200.0051664886414, "ShapeSTLength": 360.00012916219288 }, "geometry": { "type": "Polygon", "coordinates": [ [ [ -77.51014209996039, 37.676780274060015 ], [ -77.51004753995835, 37.676459402440209 ], [ -77.509845687106846, 37.676496981018495 ], [ -77.509940246293098, 37.676817852795786 ], [ -77.51014209996039, 37.676780274060015 ] ] ] } },
{ "type": "Feature", "properties": { "OBJECTID": 6, "Asset_ID": "RP-ATHCRT-6", "Parent_Asset_ID": "RP-PARK-70", "Asset_Name": "Tennis", "Asset_Type": "Tennis", "Location_Description": "East of Parking Lot", "Asset_Description": "Tennis Court", "Install_Date": null, "Warranty_Date": null, "Life_Expectancy": null, "Comments": null, "Asset_Owner": "Henrico County Recreation & Parks", "Asset_Maintainer": "Henrico County Recreation & Parks", "Original_Cost": null, "Estimated_Replacement_Cost": null, "Surface_Type": null, "Asset_Status": "In Service", "Asset_Operator": "Henrico County Recreation & Parks", "Legacy_ID": "116302, 116303", "created_user": "zur", "created_date": null, "last_edited_user": "ZUR", "last_edited_date": "2021-11-05T18:19:28Z", "Number_of_Courts": 2, "NRPA_Type": null, "Court_Lighting": "No", "ShapeSTArea": 13052.730691988134, "ShapeSTLength": 457.50290055204943 }, "geometry": { "type": "Polygon", "coordinates": [ [ [ -77.350855734662034, 37.556506923126364 ], [ -77.350805045504245, 37.556181218110119 ], [ -77.350430144792895, 37.556218080809316 ], [ -77.350484472860757, 37.556544798978699 ], [ -77.350855734662034, 37.556506923126364 ] ] ] } },
{ "type": "Feature", "properties": { "OBJECTID": 7, "Asset_ID": "RP-ATHCRT-7", "Parent_Asset_ID": "RP-PARK-11", "Asset_Name": "Tennis Pickleball", "Asset_Type": "Pickleball / Tennis", "Location_Description": "North of Concession Building next to American Legion", "Asset_Description": "Tennis Court and two Pickleball Courts", "Install_Date": null, "Warranty_Date": null, "Life_Expectancy": null, "Comments": "Tennis Court and two Pickleball Courts renovated 9/18/2020.", "Asset_Owner": "Henrico County Recreation & Parks", "Asset_Maintainer": "Henrico County Recreation & Parks", "Original_Cost": null, "Estimated_Replacement_Cost": null, "Surface_Type": null, "Asset_Status": "In Service", "Asset_Operator": "Henrico County Recreation & Parks", "Legacy_ID": "114910, 114911", "created_user": "zur", "created_date": null, "last_edited_user": "ZUR", "last_edited_date": "2021-11-05T18:19:28Z", "Number_of_Courts": 3, "NRPA_Type": null, "Court_Lighting": "Yes", "ShapeSTArea": 11743.7318168314, "ShapeSTLength": 438.32829430656034 }, "geometry": { "type": "Polygon", "coordinates": [ [ [ -77.314713992082389, 37.524992852218517 ], [ -77.314398465758813, 37.524972569745238 ], [ -77.314387629823401, 37.524971872921647 ], [ -77.314363575291281, 37.525316861027889 ], [ -77.314679101904815, 37.525337144482172 ], [ -77.314713992082389, 37.524992852218517 ] ] ] } },
{ "type": "Feature", "properties": { "OBJECTID": 8, "Asset_ID": "RP-ATHCRT-8", "Parent_Asset_ID": "RP-PARK-29", "Asset_Name": "Tennis", "Asset_Type": "Tennis", "Location_Description": "East of Multipurpose 2", "Asset_Description": "Tennis Court", "Install_Date": null, "Warranty_Date": null, "Life_Expectancy": null, "Comments": null, "Asset_Owner": "Henrico County Recreation & Parks", "Asset_Maintainer": "Henrico County Recreation & Parks", "Original_Cost": null, "Estimated_Replacement_Cost": null, "Surface_Type": null, "Asset_Status": "In Service", "Asset_Operator": "Henrico County Recreation & Parks", "Legacy_ID": "110406, 110407", "created_user": "zur", "created_date": null, "last_edited_user": "ZUR", "last_edited_date": "2021-11-05T18:20:45Z", "Number_of_Courts": 2, "NRPA_Type": null, "Court_Lighting": "Yes", "ShapeSTArea": 13581.879668611675, "ShapeSTLength": 466.50966777190757 }, "geometry": { "type": "Polygon", "coordinates": [ [ [ -77.481491370602114, 37.659133555339778 ], [ -77.481674403069036, 37.659433845819528 ], [ -77.482023957597946, 37.659301997663782 ], [ -77.481843964264243, 37.659003600802215 ], [ -77.481491370602114, 37.659133555339778 ] ] ] } },
{ "type": "Feature", "properties": { "OBJECTID": 9, "Asset_ID": "RP-ATHCRT-9", "Parent_Asset_ID": "RP-PARK-19", "Asset_Name": "Pickleball", "Asset_Type": "Pickleball", "Location_Description": "North of Parking", "Asset_Description": "Pickleball Courts", "Install_Date": null, "Warranty_Date": null, "Life_Expectancy": null, "Comments": "New Pickleball Courts for fall 2022", "Asset_Owner": "Henrico County Recreation & Parks", "Asset_Maintainer": "Henrico County Recreation & Parks", "Original_Cost": null, "Estimated_Replacement_Cost": null, "Surface_Type": null, "Asset_Status": "In Service", "Asset_Operator": "Henrico County Recreation & Parks", "Legacy_ID": "112606, 112607", "created_user": "zur", "created_date": null, "last_edited_user": "ZUR", "last_edited_date": "2023-05-19T15:34:01Z", "Number_of_Courts": 6, "NRPA_Type": null, "Court_Lighting": "No", "ShapeSTArea": 11543.120731873816, "ShapeSTLength": 429.93581593525187 }, "geometry": { "type": "Polygon", "coordinates": [ [ [ -77.39549195594725, 37.556276485711443 ], [ -77.395498368459585, 37.555985955709453 ], [ -77.395110027951517, 37.555991562355153 ], [ -77.395131465143606, 37.556284929009585 ], [ -77.39549195594725, 37.556276485711443 ] ] ] } },
{ "type": "Feature", "properties": { "OBJECTID": 10, "Asset_ID": "RP-ATHCRT-10", "Parent_Asset_ID": "RP-PARK-52", "Asset_Name": "Tennis 1, 2, 3, 4", "Asset_Type": "Tennis", "Location_Description": "North of Recreation Center", "Asset_Description": "Tennis Court", "Install_Date": null, "Warranty_Date": null, "Life_Expectancy": null, "Comments": null, "Asset_Owner": "Henrico County Recreation & Parks", "Asset_Maintainer": "Henrico County Recreation & Parks", "Original_Cost": null, "Estimated_Replacement_Cost": null, "Surface_Type": "Clay", "Asset_Status": "In Service", "Asset_Operator": "Henrico County Recreation & Parks", "Legacy_ID": "100417", "created_user": "zur", "created_date": null, "last_edited_user": "ZUR", "last_edited_date": "2021-11-05T17:46:44Z", "Number_of_Courts": 4, "NRPA_Type": null, "Court_Lighting": "No", "ShapeSTArea": 24381.374974945913, "ShapeSTLength": 631.53803649928409 }, "geometry": { "type": "Polygon", "coordinates": [ [ [ -77.461945094140091, 37.619549126606444 ], [ -77.461965019953155, 37.619532368642155 ], [ -77.461968860028648, 37.619529023168766 ], [ -77.461964216530689, 37.619447819303382 ], [ -77.461959730996284, 37.619369366022148 ], [ -77.461952232318708, 37.619238211771126 ], [ -77.461926990511202, 37.619219880114073 ], [ -77.461271667612849, 37.619243586357413 ], [ -77.461259884748472, 37.619253851990329 ], [ -77.461248622450441, 37.619263664428232 ], [ -77.461265247441119, 37.619554475922591 ], [ -77.461269457771039, 37.619557533204194 ], [ -77.461276225240269, 37.619562448373202 ], [ -77.46129048921199, 37.619572806817899 ], [ -77.461945094140091, 37.619549126606444 ] ] ] } },
{ "type": "Feature", "properties": { "OBJECTID": 11, "Asset_ID": "RP-ATHCRT-11", "Parent_Asset_ID": "RP-PARK-52", "Asset_Name": "Tennis 7, 8", "Asset_Type": "Tennis", "Location_Description": "North of Recreation Center", "Asset_Description": "Tennis Court", "Install_Date": null, "Warranty_Date": null, "Life_Expectancy": null, "Comments": null, "Asset_Owner": "Henrico County Recreation & Parks", "Asset_Maintainer": "Henrico County Recreation & Parks", "Original_Cost": null, "Estimated_Replacement_Cost": null, "Surface_Type": "Asphalt", "Asset_Status": "In Service", "Asset_Operator": "Henrico County Recreation & Parks", "Legacy_ID": "100421", "created_user": "zur", "created_date": null, "last_edited_user": "ZUR", "last_edited_date": "2021-11-05T17:46:44Z", "Number_of_Courts": 2, "NRPA_Type": null, "Court_Lighting": "No", "ShapeSTArea": 12864.409646924381, "ShapeSTLength": 439.82185922674074 }, "geometry": { "type": "Polygon", "coordinates": [ [ [ -77.461596976101504, 37.619190581358829 ], [ -77.46162221783112, 37.619208912185229 ], [ -77.461946429665701, 37.619197183362274 ], [ -77.461946725484751, 37.619196926437851 ], [ -77.461969408272012, 37.619179200494592 ], [ -77.461969385571507, 37.619178875906151 ], [ -77.461969271657864, 37.619177282695986 ], [ -77.46196947574127, 37.619177106066573 ], [ -77.461967137493133, 37.619136223298831 ], [ -77.461952846974185, 37.618886294633924 ], [ -77.461927605284856, 37.618867962975408 ], [ -77.46160339486876, 37.61887969174785 ], [ -77.461580349906782, 37.618899769884862 ], [ -77.461596976101504, 37.619190581358829 ] ] ] } },
{ "type": "Feature", "properties": { "OBJECTID": 12, "Asset_ID": "RP-ATHCRT-12", "Parent_Asset_ID": "RP-PARK-52", "Asset_Name": "Tennis 5, 6", "Asset_Type": "Tennis", "Location_Description": "North of Recreation Center", "Asset_Description": "Tennis Court", "Install_Date": null, "Warranty_Date": null, "Life_Expectancy": null, "Comments": null, "Asset_Owner": "Henrico County Recreation & Parks", "Asset_Maintainer": "Henrico County Recreation & Parks", "Original_Cost": null, "Estimated_Replacement_Cost": null, "Surface_Type": "Clay", "Asset_Status": "In Service", "Asset_Operator": "Henrico County Recreation & Parks", "Legacy_ID": "100423", "created_user": "zur", "created_date": null, "last_edited_user": "ZUR", "last_edited_date": "2021-11-05T17:46:44Z", "Number_of_Courts": 2, "NRPA_Type": null, "Court_Lighting": "No", "ShapeSTArea": 12862.003680005422, "ShapeSTLength": 439.59818645383808 }, "geometry": { "type": "Polygon", "coordinates": [ [ [ -77.461580349906782, 37.618899769884862 ], [ -77.461555108303827, 37.61888143814717 ], [ -77.461376809289632, 37.618887888488473 ], [ -77.461230897771372, 37.618893165902008 ], [ -77.461207851572951, 37.618913243956705 ], [ -77.461224477460817, 37.619204055491792 ], [ -77.461249717971285, 37.619222386387449 ], [ -77.461573931042423, 37.619210659493007 ], [ -77.461596976101504, 37.619190581358829 ], [ -77.461580349906782, 37.618899769884862 ] ] ] } },
{ "type": "Feature", "properties": { "OBJECTID": 13, "Asset_ID": "RP-ATHCRT-13", "Parent_Asset_ID": "RP-PARK-23", "Asset_Name": "Tennis Practice", "Asset_Type": "Tennis", "Location_Description": "East of Mutlipurpose 1", "Asset_Description": "Practice Tennis", "Install_Date": null, "Warranty_Date": null, "Life_Expectancy": null, "Comments": "Small practice court with wall.", "Asset_Owner": "Henrico County Recreation & Parks", "Asset_Maintainer": "Henrico County Recreation & Parks", "Original_Cost": null, "Estimated_Replacement_Cost": null, "Surface_Type": null, "Asset_Status": "In Service", "Asset_Operator": "Henrico County Recreation & Parks", "Legacy_ID": null, "created_user": "zur", "created_date": null, "last_edited_user": "ZUR", "last_edited_date": "2021-11-05T17:46:44Z", "Number_of_Courts": 0, "NRPA_Type": null, "Court_Lighting": "No", "ShapeSTArea": 990.00451611895164, "ShapeSTLength": 126.00029892212181 }, "geometry": { "type": "Polygon", "coordinates": [ [ [ -77.51004753995835, 37.676459402440209 ], [ -77.510071179883028, 37.676539620354788 ], [ -77.510182199322145, 37.676518951611193 ], [ -77.510158559285244, 37.676438733718285 ], [ -77.51004753995835, 37.676459402440209 ] ] ] } },
{ "type": "Feature", "properties": { "OBJECTID": 14, "Asset_ID": "RP-ATHCRT-14", "Parent_Asset_ID": "RP-PARK-1001", "Asset_Name": "Tennis 1,2", "Asset_Type": "Tennis", "Location_Description": "West of Track", "Asset_Description": "Tennis Court", "Install_Date": null, "Warranty_Date": null, "Life_Expectancy": null, "Comments": null, "Asset_Owner": "VA Community College System", "Asset_Maintainer": "Henrico County Recreation & Parks", "Original_Cost": null, "Estimated_Replacement_Cost": null, "Surface_Type": null, "Asset_Status": "In Service", "Asset_Operator": null, "Legacy_ID": "117204, 117205", "created_user": "zur", "created_date": null, "last_edited_user": "ZUR", "last_edited_date": "2021-11-05T17:46:44Z", "Number_of_Courts": 2, "NRPA_Type": null, "Court_Lighting": "Yes", "ShapeSTArea": 13020.821826333771, "ShapeSTLength": 456.99216218890132 }, "geometry": { "type": "Polygon", "coordinates": [ [ [ -77.476652574751355, 37.630633215198387 ], [ -77.476772574681007, 37.630948328905582 ], [ -77.477131519360555, 37.630861868043439 ], [ -77.477011519183151, 37.630546755603042 ], [ -77.476652574751355, 37.630633215198387 ] ] ] } },
{ "type": "Feature", "properties": { "OBJECTID": 15, "Asset_ID": "RP-ATHCRT-15", "Parent_Asset_ID": "RP-PARK-1001", "Asset_Name": "Tennis 3,4,5,6", "Asset_Type": "Tennis", "Location_Description": "West of Track", "Asset_Description": "Tennis Court", "Install_Date": null, "Warranty_Date": null, "Life_Expectancy": null, "Comments": null, "Asset_Owner": "VA Community College System", "Asset_Maintainer": "Henrico County Recreation & Parks", "Original_Cost": null, "Estimated_Replacement_Cost": null, "Surface_Type": null, "Asset_Status": "In Service", "Asset_Operator": null, "Legacy_ID": "117206, 07, 08, 09", "created_user": "zur", "created_date": null, "last_edited_user": "ZUR", "last_edited_date": "2021-11-05T17:46:44Z", "Number_of_Courts": 4, "NRPA_Type": null, "Court_Lighting": "Yes", "ShapeSTArea": 24870.382842645238, "ShapeSTLength": 651.34041323777353 }, "geometry": { "type": "Polygon", "coordinates": [ [ [ -77.477011519183151, 37.630546755603042 ], [ -77.477324766802099, 37.63047130076388 ], [ -77.477202371960573, 37.630149903553338 ], [ -77.476530182523319, 37.630311817307735 ], [ -77.476652574751355, 37.630633215198387 ], [ -77.477011519183151, 37.630546755603042 ] ] ] } },
{ "type": "Feature", "properties": { "OBJECTID": 16, "Asset_ID": "RP-ATHCRT-16", "Parent_Asset_ID": "RP-PARK-29", "Asset_Name": "Basketball", "Asset_Type": "Basketball", "Location_Description": "Between shelter and playground", "Asset_Description": "Basketball Court 1 and 2", "Install_Date": null, "Warranty_Date": null, "Life_Expectancy": null, "Comments": null, "Asset_Owner": "Henrico County Recreation & Parks", "Asset_Maintainer": "Henrico County Recreation & Parks", "Original_Cost": null, "Estimated_Replacement_Cost": null, "Surface_Type": null, "Asset_Status": "In Service", "Asset_Operator": "Henrico County Recreation & Parks", "Legacy_ID": "110404, 110405", "created_user": "zur", "created_date": null, "last_edited_user": "ZUR", "last_edited_date": "2021-11-05T18:20:45Z", "Number_of_Courts": 2, "NRPA_Type": null, "Court_Lighting": "Yes", "ShapeSTArea": 10773.833879066919, "ShapeSTLength": 415.69048288904548 }, "geometry": { "type": "Polygon", "coordinates": [ [ [ -77.482115366931254, 37.660331787185164 ], [ -77.482303065562803, 37.660560778721511 ], [ -77.482620885500154, 37.660399596366382 ], [ -77.482433515849337, 37.660173886245417 ], [ -77.482115366931254, 37.660331787185164 ] ] ] } },
{ "type": "Feature", "properties": { "OBJECTID": 17, "Asset_ID": "RP-ATHCRT-17", "Parent_Asset_ID": "RP-PARK-6", "Asset_Name": "Basketball 1", "Asset_Type": "Basketball", "Location_Description": "East of Diamond Multipurpose Fields", "Asset_Description": "Basketball Court 1", "Install_Date": null, "Warranty_Date": null, "Life_Expectancy": null, "Comments": null, "Asset_Owner": "Henrico County Public Schools", "Asset_Maintainer": "Henrico County Recreation & Parks", "Original_Cost": null, "Estimated_Replacement_Cost": null, "Surface_Type": null, "Asset_Status": "In Service", "Asset_Operator": "Henrico County Recreation & Parks", "Legacy_ID": "114701", "created_user": "zur", "created_date": null, "last_edited_user": "ZUR", "last_edited_date": "2021-11-05T18:14:29Z", "Number_of_Courts": 1, "NRPA_Type": null, "Court_Lighting": "No", "ShapeSTArea": 5287.8085045458647, "ShapeSTLength": 296.86648460966097 }, "geometry": { "type": "Polygon", "coordinates": [ [ [ -77.398104363906214, 37.555707700072588 ], [ -77.397909833060794, 37.555651408739905 ], [ -77.397803588518357, 37.555880344980238 ], [ -77.397993734304166, 37.555936374955465 ], [ -77.398104363906214, 37.555707700072588 ] ] ] } },
{ "type": "Feature", "properties": { "OBJECTID": 18, "Asset_ID": "RP-ATHCRT-18", "Parent_Asset_ID": "RP-PARK-6", "Asset_Name": "Basketball 2", "Asset_Type": "Basketball", "Location_Description": "East of Diamond Multipurpose Fields", "Asset_Description": "Basketball Court 2", "Install_Date": null, "Warranty_Date": null, "Life_Expectancy": null, "Comments": null, "Asset_Owner": "Henrico County Public Schools", "Asset_Maintainer": "Henrico County Recreation & Parks", "Original_Cost": null, "Estimated_Replacement_Cost": null, "Surface_Type": null, "Asset_Status": "In Service", "Asset_Operator": "Henrico County Recreation & Parks", "Legacy_ID": "114702", "created_user": "zur", "created_date": null, "last_edited_user": "ZUR", "last_edited_date": "2021-11-05T18:14:29Z", "Number_of_Courts": 1, "NRPA_Type": null, "Court_Lighting": "Yes", "ShapeSTArea": 5288.3758382323758, "ShapeSTLength": 297.71909905981789 }, "geometry": { "type": "Polygon", "coordinates": [ [ [ -77.397891020201399, 37.555691933125367 ], [ -77.397600683999642, 37.555604362848484 ], [ -77.397528863407928, 37.555754594811035 ], [ -77.39782091013906, 37.555842952500562 ], [ -77.397891020201399, 37.555691933125367 ] ] ] } },
{ "type": "Feature", "properties": { "OBJECTID": 19, "Asset_ID": "RP-ATHCRT-19", "Parent_Asset_ID": "RP-PARK-45", "Asset_Name": "Basketball 1", "Asset_Type": "Basketball", "Location_Description": "East of Diamond Field", "Asset_Description": "Basketball Court 1", "Install_Date": null, "Warranty_Date": null, "Life_Expectancy": null, "Comments": null, "Asset_Owner": "Henrico County Recreation & Parks", "Asset_Maintainer": "Henrico County Recreation & Parks", "Original_Cost": null, "Estimated_Replacement_Cost": null, "Surface_Type": null, "Asset_Status": "In Service", "Asset_Operator": "Henrico County Recreation & Parks", "Legacy_ID": "113403", "created_user": "zur", "created_date": null, "last_edited_user": "ZUR", "last_edited_date": "2021-11-05T18:16:19Z", "Number_of_Courts": 1, "NRPA_Type": null, "Court_Lighting": "Yes", "ShapeSTArea": 3663.6082354199143, "ShapeSTLength": 247.40620659836642 }, "geometry": { "type": "Polygon", "coordinates": [ [ [ -77.211006782255751, 37.494068282591265 ], [ -77.211022583681682, 37.493933815445679 ], [ -77.21077360991471, 37.493907878636456 ], [ -77.210746488057993, 37.494041361976592 ], [ -77.211006782255751, 37.494068282591265 ] ] ] } },
{ "type": "Feature", "properties": { "OBJECTID": 20, "Asset_ID": "RP-ATHCRT-20", "Parent_Asset_ID": "RP-PARK-16", "Asset_Name": "Basketball 1", "Asset_Type": "Basketball", "Location_Description": "South of Diamond Field", "Asset_Description": "Basketball Court 1 and 2", "Install_Date": null, "Warranty_Date": null, "Life_Expectancy": null, "Comments": null, "Asset_Owner": "Henrico County Recreation & Parks", "Asset_Maintainer": "Henrico County Recreation & Parks", "Original_Cost": null, "Estimated_Replacement_Cost": null, "Surface_Type": null, "Asset_Status": "Out of Service", "Asset_Operator": "Henrico County Recreation & Parks", "Legacy_ID": "110003, 110004", "created_user": "zur", "created_date": null, "last_edited_user": "ZUR", "last_edited_date": "2021-11-19T16:40:45Z", "Number_of_Courts": 2, "NRPA_Type": null, "Court_Lighting": "Yes", "ShapeSTArea": 9876.1000530242727, "ShapeSTLength": 397.54092479041714 }, "geometry": { "type": "Polygon", "coordinates": [ [ [ -77.384306370718562, 37.543783181016892 ], [ -77.384322642369781, 37.543506098504004 ], [ -77.383983034846537, 37.543497496342923 ], [ -77.383966998369431, 37.54377054587578 ], [ -77.384306370718562, 37.543783181016892 ] ] ] } },
{ "type": "Feature", "properties": { "OBJECTID": 21, "Asset_ID": "RP-ATHCRT-21", "Parent_Asset_ID": "RP-PARK-3", "Asset_Name": "Basketball 1", "Asset_Type": "Basketball", "Location_Description": "Northeast of Diamond 1", "Asset_Description": "Basketball Court 1", "Install_Date": null, "Warranty_Date": null, "Life_Expectancy": null, "Comments": null, "Asset_Owner": "Henrico County Recreation & Parks", "Asset_Maintainer": "Henrico County Recreation & Parks", "Original_Cost": null, "Estimated_Replacement_Cost": null, "Surface_Type": null, "Asset_Status": "In Service", "Asset_Operator": "Henrico County Recreation & Parks", "Legacy_ID": "114507", "created_user": "zur", "created_date": null, "last_edited_user": "ZUR", "last_edited_date": "2021-11-05T18:18:09Z", "Number_of_Courts": 1, "NRPA_Type": null, "Court_Lighting": "No", "ShapeSTArea": 4709.8498704914864, "ShapeSTLength": 292.27585485732902 }, "geometry": { "type": "Polygon", "coordinates": [ [ [ -77.500119818687224, 37.688730210643506 ], [ -77.499953650745155, 37.688495213948912 ], [ -77.499809084586474, 37.688559769908828 ], [ -77.499975253340395, 37.688794767712174 ], [ -77.500119818687224, 37.688730210643506 ] ] ] } },
{ "type": "Feature", "properties": { "OBJECTID": 22, "Asset_ID": "RP-ATHCRT-22", "Parent_Asset_ID": "RP-PARK-70", "Asset_Name": "Basketball 1", "Asset_Type": "Basketball", "Location_Description": "South of Picnic Shelter / Restroom 1", "Asset_Description": "Basketball Court 1", "Install_Date": null, "Warranty_Date": null, "Life_Expectancy": null, "Comments": null, "Asset_Owner": "Henrico County Recreation & Parks", "Asset_Maintainer": "Henrico County Recreation & Parks", "Original_Cost": null, "Estimated_Replacement_Cost": null, "Surface_Type": null, "Asset_Status": "In Service", "Asset_Operator": "Henrico County Recreation & Parks", "Legacy_ID": "116304", "created_user": "zur", "created_date": null, "last_edited_user": "ZUR", "last_edited_date": "2022-05-02T15:05:05Z", "Number_of_Courts": 1, "NRPA_Type": null, "Court_Lighting": "Yes", "ShapeSTArea": 5247.1231129185471, "ShapeSTLength": 297.3608795581311 }, "geometry": { "type": "Polygon", "coordinates": [ [ [ -77.349747020486291, 37.555744117475179 ], [ -77.349708537552203, 37.555496104069441 ], [ -77.349511189742174, 37.555515170842504 ], [ -77.349549724607513, 37.555763520935031 ], [ -77.349747020486291, 37.555744117475179 ] ] ] } },
{ "type": "Feature", "properties": { "OBJECTID": 23, "Asset_ID": "RP-ATHCRT-23", "Parent_Asset_ID": "RP-PARK-47", "Asset_Name": "Basketball 1", "Asset_Type": "Basketball", "Location_Description": "Between parking lot 1 and pond ", "Asset_Description": "Basketball Court 1", "Install_Date": null, "Warranty_Date": null, "Life_Expectancy": null, "Comments": null, "Asset_Owner": "Henrico County Recreation & Parks", "Asset_Maintainer": "Henrico County Recreation & Parks", "Original_Cost": null, "Estimated_Replacement_Cost": null, "Surface_Type": null, "Asset_Status": "In Service", "Asset_Operator": "Henrico County Recreation & Parks", "Legacy_ID": "112714", "created_user": "zur", "created_date": null, "last_edited_user": "ZUR", "last_edited_date": "2021-11-05T18:16:19Z", "Number_of_Courts": 1, "NRPA_Type": null, "Court_Lighting": "No", "ShapeSTArea": 5929.3524018582812, "ShapeSTLength": 314.93225349837871 }, "geometry": { "type": "Polygon", "coordinates": [ [ [ -77.588092391371106, 37.623742191392097 ], [ -77.587882832400553, 37.623541250053322 ], [ -77.587711946580242, 37.623647770355475 ], [ -77.587929065246755, 37.623847390549017 ], [ -77.587931422076352, 37.623845954334293 ], [ -77.587990828031081, 37.623809738206354 ], [ -77.588002226176684, 37.623802157689461 ], [ -77.588092391371106, 37.623742191392097 ] ] ] } },
{ "type": "Feature", "properties": { "OBJECTID": 24, "Asset_ID": "RP-ATHCRT-24", "Parent_Asset_ID": "RP-PARK-1001", "Asset_Name": "Basketball 1 and 2", "Asset_Type": "Basketball", "Location_Description": "West of parking lot", "Asset_Description": "Basketball Court 1 and 2", "Install_Date": null, "Warranty_Date": null, "Life_Expectancy": null, "Comments": null, "Asset_Owner": "VA Community College System", "Asset_Maintainer": "Henrico County Recreation & Parks", "Original_Cost": null, "Estimated_Replacement_Cost": null, "Surface_Type": null, "Asset_Status": "In Service", "Asset_Operator": "Henrico County Recreation & Parks", "Legacy_ID": "117202, 117203", "created_user": "zur", "created_date": null, "last_edited_user": "ZUR", "last_edited_date": "2021-11-05T18:18:09Z", "Number_of_Courts": 2, "NRPA_Type": null, "Court_Lighting": "No", "ShapeSTArea": 15825.807603118357, "ShapeSTLength": 505.91758478516442 }, "geometry": { "type": "Polygon", "coordinates": [ [ [ -77.477162739299189, 37.631204973250838 ], [ -77.477276243602546, 37.631503019838867 ], [ -77.477737496003471, 37.631391914649619 ], [ -77.477623990049281, 37.631093867593371 ], [ -77.477162739299189, 37.631204973250838 ] ] ] } },
{ "type": "Feature", "properties": { "OBJECTID": 25, "Asset_ID": "RP-ATHCRT-25", "Parent_Asset_ID": "RP-PARK-31", "Asset_Name": "Croquet 1", "Asset_Type": "Croquet", "Location_Description": "South of Pickleball Courts", "Asset_Description": "Croquet 1", "Install_Date": null, "Warranty_Date": null, "Life_Expectancy": null, "Comments": null, "Asset_Owner": "Henrico County Recreation & Parks", "Asset_Maintainer": "Henrico County Recreation & Parks", "Original_Cost": null, "Estimated_Replacement_Cost": null, "Surface_Type": null, "Asset_Status": "In Service", "Asset_Operator": "Henrico County Recreation & Parks", "Legacy_ID": null, "created_user": "zur", "created_date": null, "last_edited_user": "ZUR", "last_edited_date": "2021-12-01T17:08:17Z", "Number_of_Courts": 1, "NRPA_Type": null, "Court_Lighting": "No", "ShapeSTArea": 6813.1516473239635, "ShapeSTLength": 333.28362045466912 }, "geometry": { "type": "Polygon", "coordinates": [ [ [ -77.328539677118812, 37.557876639464055 ], [ -77.328530722616165, 37.557614938620937 ], [ -77.328409951652446, 37.557617456188019 ], [ -77.328282486094011, 37.557618697287324 ], [ -77.328282579538737, 37.557705701393566 ], [ -77.328286970571625, 37.557861764065137 ], [ -77.328305655578106, 37.557861948698488 ], [ -77.328305483118783, 37.557873009935442 ], [ -77.328414713749595, 37.557874470394175 ], [ -77.328428565358919, 37.557877277244451 ], [ -77.328458287950014, 37.557876426496158 ], [ -77.328539677118812, 37.557876639464055 ] ] ] } },
{ "type": "Feature", "properties": { "OBJECTID": 26, "Asset_ID": "RP-ATHCRT-26", "Parent_Asset_ID": "RP-PARK-19", "Asset_Name": "Horseshoe Pit 1", "Asset_Type": "Horseshoe", "Location_Description": "West of Playground", "Asset_Description": "Horseshoe Pit 1", "Install_Date": null, "Warranty_Date": null, "Life_Expectancy": null, "Comments": null, "Asset_Owner": "Henrico County Recreation & Parks", "Asset_Maintainer": "Henrico County Recreation & Parks", "Original_Cost": null, "Estimated_Replacement_Cost": null, "Surface_Type": null, "Asset_Status": "In Service", "Asset_Operator": "Henrico County Recreation & Parks", "Legacy_ID": null, "created_user": "zur", "created_date": null, "last_edited_user": "ZUR", "last_edited_date": "2021-11-05T18:18:09Z", "Number_of_Courts": 1, "NRPA_Type": null, "Court_Lighting": "No", "ShapeSTArea": 229.99535451878754, "ShapeSTLength": 101.99964658418453 }, "geometry": { "type": "Polygon", "coordinates": [ [ [ -77.396350807052784, 37.556104439442713 ], [ -77.396392350186005, 37.555982512095419 ], [ -77.39637570328776, 37.55597891764436 ], [ -77.396334160129484, 37.556100844985913 ], [ -77.396350807052784, 37.556104439442713 ] ] ] } },
{ "type": "Feature", "properties": { "OBJECTID": 27, "Asset_ID": "RP-ATHCRT-27", "Parent_Asset_ID": "RP-PARK-45", "Asset_Name": "Horseshoe Pits", "Asset_Type": "Horseshoe", "Location_Description": "South of Playground", "Asset_Description": "Horseshoe Pits 1, 2, and 3", "Install_Date": null, "Warranty_Date": null, "Life_Expectancy": null, "Comments": "Combine all three courts into one amenity", "Asset_Owner": "Henrico County Recreation & Parks", "Asset_Maintainer": "Henrico County Recreation & Parks", "Original_Cost": null, "Estimated_Replacement_Cost": null, "Surface_Type": null, "Asset_Status": "In Service", "Asset_Operator": "Henrico County Recreation & Parks", "Legacy_ID": null, "created_user": "zur", "created_date": null, "last_edited_user": "ZUR", "last_edited_date": "2021-11-29T16:40:39Z", "Number_of_Courts": 1, "NRPA_Type": null, "Court_Lighting": "No", "ShapeSTArea": 809.99047202102395, "ShapeSTLength": 305.99944981599799 }, "geometry": { "type": "MultiPolygon", "coordinates": [ [ [ [ -77.212053770590998, 37.493771823297401 ], [ -77.212064125686211, 37.493757559111337 ], [ -77.211929854974727, 37.493695684355437 ], [ -77.211919500993375, 37.493709948542225 ], [ -77.212053770590998, 37.493771823297401 ] ] ], [ [ [ -77.212036512090265, 37.493795596938689 ], [ -77.212046867192001, 37.493781332754217 ], [ -77.211912596452294, 37.493719457979026 ], [ -77.21190224246439, 37.493733722164237 ], [ -77.212036512090265, 37.493795596938689 ] ] ], [ [ [ -77.212019253578603, 37.49381937057732 ], [ -77.21202960868689, 37.49380510639444 ], [ -77.211895337918946, 37.49374323160005 ], [ -77.211884983924506, 37.493757495783662 ], [ -77.212019253578603, 37.49381937057732 ] ] ] ] } },
{ "type": "Feature", "properties": { "OBJECTID": 28, "Asset_ID": "RP-ATHCRT-30", "Parent_Asset_ID": "RP-PARK-36", "Asset_Name": "Horseshoe Pits", "Asset_Type": "Horseshoe", "Location_Description": "North of parking lot 1", "Asset_Description": "Horseshoe Pits 1, 2, 3 and 4", "Install_Date": null, "Warranty_Date": null, "Life_Expectancy": null, "Comments": "Combine all four courts into one amenity", "Asset_Owner": "Henrico County Recreation & Parks", "Asset_Maintainer": "Henrico County Recreation & Parks", "Original_Cost": null, "Estimated_Replacement_Cost": null, "Surface_Type": null, "Asset_Status": "In Service", "Asset_Operator": "Henrico County Recreation & Parks", "Legacy_ID": "110926", "created_user": "zur", "created_date": null, "last_edited_user": "ZUR", "last_edited_date": "2021-11-29T15:54:23Z", "Number_of_Courts": 1, "NRPA_Type": null, "Court_Lighting": "No", "ShapeSTArea": 1059.2484569311403, "ShapeSTLength": 404.93087591889747 }, "geometry": { "type": "MultiPolygon", "coordinates": [ [ [ [ -77.516413033381127, 37.6742491179306 ], [ -77.516427366761903, 37.674126777411296 ], [ -77.516406641649695, 37.674125903842899 ], [ -77.516392308235282, 37.674248244359781 ], [ -77.516413033381127, 37.6742491179306 ] ] ], [ [ [ -77.516208172160091, 37.674240344190423 ], [ -77.516217659281338, 37.674117938319739 ], [ -77.516197301280229, 37.674117079469539 ], [ -77.516187814114119, 37.674239486239628 ], [ -77.516208172160091, 37.674240344190423 ] ] ], [ [ [ -77.516278252645691, 37.674243298081414 ], [ -77.516287739652938, 37.674120892205181 ], [ -77.516267381638457, 37.674120034267993 ], [ -77.516257894598056, 37.674242440142585 ], [ -77.516278252645691, 37.674243298081414 ] ] ], [ [ [ -77.516344133492851, 37.67424621354418 ], [ -77.516353620393019, 37.674123807662831 ], [ -77.516353631268274, 37.674123669889966 ], [ -77.516333273264095, 37.674122811063071 ], [ -77.516323775443709, 37.674245355616677 ], [ -77.516344133492851, 37.67424621354418 ] ] ] ] } },
{ "type": "Feature", "properties": { "OBJECTID": 29, "Asset_ID": "RP-ATHCRT-34", "Parent_Asset_ID": "RP-PARK-43", "Asset_Name": "Volleyball", "Asset_Type": "Volleyball", "Location_Description": "New Pickleball Courts", "Asset_Description": "Vollleyball Courts", "Install_Date": "1997-09-08T00:00:00Z", "Warranty_Date": null, "Life_Expectancy": null, "Comments": "Removed for installation of pickleball courts", "Asset_Owner": "Henrico County Recreation & Parks", "Asset_Maintainer": "Henrico County Recreation & Parks", "Original_Cost": null, "Estimated_Replacement_Cost": null, "Surface_Type": "Sand", "Asset_Status": "Removed", "Asset_Operator": "Henrico County Recreation & Parks", "Legacy_ID": null, "created_user": "zur", "created_date": null, "last_edited_user": "ZUR", "last_edited_date": "2021-11-05T18:40:33Z", "Number_of_Courts": 3, "NRPA_Type": null, "Court_Lighting": "No", "ShapeSTArea": 14352.383821225289, "ShapeSTLength": 502.09130116856068 }, "geometry": { "type": "Polygon", "coordinates": [ [ [ -77.612379043856308, 37.669502628922451 ], [ -77.612726859640631, 37.669150608062125 ], [ -77.612487596367487, 37.66900123520503 ], [ -77.612139781286572, 37.669353255386859 ], [ -77.612379043856308, 37.669502628922451 ] ] ] } },
{ "type": "Feature", "properties": { "OBJECTID": 30, "Asset_ID": "RP-ATHCRT-35", "Parent_Asset_ID": "RP-PARK-47", "Asset_Name": "Gymnasium", "Asset_Type": "Gymnasium", "Location_Description": "Recreation Center Lower Level", "Asset_Description": "Gymnasium", "Install_Date": null, "Warranty_Date": null, "Life_Expectancy": null, "Comments": null, "Asset_Owner": "Henrico County Recreation & Parks", "Asset_Maintainer": "Henrico County Recreation & Parks", "Original_Cost": null, "Estimated_Replacement_Cost": null, "Surface_Type": null, "Asset_Status": "In Service", "Asset_Operator": "Henrico County Recreation & Parks", "Legacy_ID": null, "created_user": "zur", "created_date": null, "last_edited_user": "ZUR", "last_edited_date": "2021-11-05T18:20:45Z", "Number_of_Courts": 1, "NRPA_Type": null, "Court_Lighting": "Yes", "ShapeSTArea": 4618.9437069465384, "ShapeSTLength": 277.42374571850894 }, "geometry": { "type": "Polygon", "coordinates": [ [ [ -77.589420840419834, 37.625929448186959 ], [ -77.589296057905713, 37.625723672390315 ], [ -77.589123370441399, 37.62578991569292 ], [ -77.589248152581391, 37.625995692568679 ], [ -77.589420840419834, 37.625929448186959 ] ] ] } },
{ "type": "Feature", "properties": { "OBJECTID": 31, "Asset_ID": "RP-ATHCRT-36", "Parent_Asset_ID": "RP-PARK-59", "Asset_Name": "Gymnasium", "Asset_Type": "Gymnasium", "Location_Description": "Recreation Center Lower Level", "Asset_Description": "Gymnasium", "Install_Date": null, "Warranty_Date": null, "Life_Expectancy": null, "Comments": null, "Asset_Owner": "Henrico County Recreation & Parks", "Asset_Maintainer": "Henrico County Recreation & Parks", "Original_Cost": null, "Estimated_Replacement_Cost": null, "Surface_Type": null, "Asset_Status": "In Service", "Asset_Operator": "Henrico County Recreation & Parks", "Legacy_ID": null, "created_user": "zur", "created_date": null, "last_edited_user": "ZUR", "last_edited_date": "2021-11-05T18:20:45Z", "Number_of_Courts": 1, "NRPA_Type": null, "Court_Lighting": "Yes", "ShapeSTArea": 7945.5389053174868, "ShapeSTLength": 360.83881819206914 }, "geometry": { "type": "Polygon", "coordinates": [ [ [ -77.380151683847316, 37.566320260570521 ], [ -77.380138852280879, 37.56611084012011 ], [ -77.379780198767449, 37.56612476478962 ], [ -77.379793030455161, 37.566334186189806 ], [ -77.380151683847316, 37.566320260570521 ] ] ] } },
{ "type": "Feature", "properties": { "OBJECTID": 32, "Asset_ID": "RP-ATHCRT-37", "Parent_Asset_ID": "RP-PARK-1001", "Asset_Name": "Track", "Asset_Type": "Track", "Location_Description": "East of Basketball", "Asset_Description": "Track", "Install_Date": null, "Warranty_Date": null, "Life_Expectancy": null, "Comments": null, "Asset_Owner": "VA Community College System", "Asset_Maintainer": "Henrico County Recreation & Parks", "Original_Cost": null, "Estimated_Replacement_Cost": null, "Surface_Type": null, "Asset_Status": "In Service", "Asset_Operator": null, "Legacy_ID": null, "created_user": "zur", "created_date": null, "last_edited_user": "ZUR", "last_edited_date": "2021-11-05T18:18:09Z", "Number_of_Courts": 1, "NRPA_Type": null, "Court_Lighting": "Yes", "ShapeSTArea": 46659.086532626388, "ShapeSTLength": 2867.2769633795419 }, "geometry": { "type": "Polygon", "coordinates": [ [ [ -77.475971090708455, 37.632294274194955 ], [ -77.475984254224784, 37.632302486653252 ], [ -77.475997770650849, 37.632310327305746 ], [ -77.476011623103886, 37.632317787897165 ], [ -77.476025793580604, 37.632324859261146 ], [ -77.476040267464001, 37.63233153316186 ], [ -77.47605502563006, 37.632337799522276 ], [ -77.476070050026323, 37.632343652780222 ], [ -77.476085321504129, 37.632349084660603 ], [ -77.476100823156003, 37.632354088709967 ], [ -77.476116534663689, 37.632358659346508 ], [ -77.476132437974471, 37.632362791007921 ], [ -77.476148512769996, 37.632366478112452 ], [ -77.476164739852365, 37.632369715988943 ], [ -77.476181098878655, 37.632372500857727 ], [ -77.476197570638675, 37.632374828948578 ], [ -77.476214134752482, 37.632376699184697 ], [ -77.476230769756597, 37.632378106875521 ], [ -77.476247457512144, 37.632379052765621 ], [ -77.476264176543296, 37.632379533065404 ], [ -77.476280906433203, 37.632379549401058 ], [ -77.476297626802022, 37.632379100695637 ], [ -77.476314317245269, 37.632378187674284 ], [ -77.4763309573584, 37.632376811062109 ], [ -77.476347526712416, 37.632374973386227 ], [ -77.476364006035723, 37.63237267538149 ], [ -77.47638037372954, 37.632369922268225 ], [ -77.476396610510008, 37.632366715682267 ], [ -77.476412695935863, 37.632363059051791 ], [ -77.476428611794674, 37.632358958527249 ], [ -77.476444337632969, 37.632354418437878 ], [ -77.476459854130013, 37.632349443122408 ], [ -77.47647514191604, 37.632344040523641 ], [ -77.476490183923957, 37.632338215901008 ], [ -77.476504960784055, 37.632331977197275 ], [ -77.476519454259432, 37.632325332364992 ], [ -77.476533647270713, 37.632318287564566 ], [ -77.47654752154429, 37.632310853451443 ], [ -77.476561061096916, 37.632303038898776 ], [ -77.476574249957551, 37.632294851878619 ], [ -77.476587069840363, 37.632286303947502 ], [ -77.476599507015663, 37.632277404898964 ], [ -77.476611545475663, 37.632268165408149 ], [ -77.476623170333269, 37.632258597060741 ], [ -77.476634368954777, 37.632248712363079 ], [ -77.476645125332624, 37.63223852199026 ], [ -77.476655427966023, 37.632228038458265 ], [ -77.476665263064007, 37.632217276065646 ], [ -77.476674620283475, 37.632206245536274 ], [ -77.476683485808806, 37.632194962970573 ], [ -77.476691851538078, 37.632183440913842 ], [ -77.476699705958481, 37.632171692783153 ], [ -77.476707038665424, 37.632159733807299 ], [ -77.476713841532529, 37.632147578333473 ], [ -77.476724238700342, 37.632174879639933 ], [ -77.476830636838883, 37.632149251056084 ], [ -77.476410520704945, 37.63104605599743 ], [ -77.476405398701246, 37.631033404832003 ], [ -77.476399724003102, 37.631020904786617 ], [ -77.4763935043689, 37.631008568543336 ], [ -77.476386747495425, 37.63099641328882 ], [ -77.476379461128715, 37.630984452606064 ], [ -77.476371655255861, 37.630972701899388 ], [ -77.476363337622828, 37.630961174751718 ], [ -77.476354519361792, 37.630949885676152 ], [ -77.47634521162955, 37.630938847383966 ], [ -77.476335424413108, 37.630928075279456 ], [ -77.476325171147238, 37.630917581192485 ], [ -77.476314462988626, 37.630907377834156 ], [ -77.476303313359665, 37.630897477935321 ], [ -77.476291736827804, 37.630887893335455 ], [ -77.476279746827785, 37.630878635864313 ], [ -77.476267357939292, 37.630869716460531 ], [ -77.476254584729745, 37.630861146963646 ], [ -77.476241442924035, 37.630852937420954 ], [ -77.476227949379805, 37.630845097889647 ], [ -77.47621411984646, 37.630837636615269 ], [ -77.476199972302169, 37.630830564565542 ], [ -77.476185521375669, 37.630823889075309 ], [ -77.476170787347797, 37.630817618429063 ], [ -77.476155787100524, 37.630811760881983 ], [ -77.476140538661241, 37.630806323798204 ], [ -77.47612506121456, 37.630801312749497 ], [ -77.476109373932928, 37.630796734208815 ], [ -77.476093493735149, 37.63079259372838 ], [ -77.476077443204559, 37.630788896909472 ], [ -77.476061239272184, 37.630785648403474 ], [ -77.476044902292443, 37.630782851089208 ], [ -77.476028453740227, 37.630780508756111 ], [ -77.476011911704063, 37.630778624263428 ], [ -77.475995296538301, 37.630777200490037 ], [ -77.475978629754579, 37.630776238522529 ], [ -77.475961930598999, 37.63077573942801 ], [ -77.475945219450324, 37.630775704283373 ], [ -77.475928517832557, 37.630776133274317 ], [ -77.475911843883466, 37.630777025656201 ], [ -77.475895220284443, 37.630778379822743 ], [ -77.475878666306116, 37.630780195038945 ], [ -77.475862201243672, 37.630782468768224 ], [ -77.475845846670211, 37.630785197592402 ], [ -77.475829621880933, 37.630788378974771 ], [ -77.475813546195695, 37.630792008576726 ], [ -77.475797638934154, 37.630796082059589 ], [ -77.475781921681943, 37.630800595104326 ], [ -77.4757664103971, 37.630805540640118 ], [ -77.475751126665202, 37.630810914347855 ], [ -77.475736087577303, 37.630816709166481 ], [ -77.47572131249008, 37.630822918054541 ], [ -77.475706818506865, 37.63082953304999 ], [ -77.475692623863978, 37.630836546200591 ], [ -77.475678745676944, 37.630843948643317 ], [ -77.475665199916435, 37.630851732406505 ], [ -77.475652004855547, 37.630859886834926 ], [ -77.475639175344341, 37.630868403046065 ], [ -77.47562672740257, 37.630877269464314 ], [ -77.475614675880394, 37.63088647720712 ], [ -77.475603035689232, 37.630896012887135 ], [ -77.475591821703901, 37.630905865819884 ], [ -77.475581046545727, 37.630916024400413 ], [ -77.475570722860553, 37.630926475221763 ], [ -77.475560865535499, 37.630937206698547 ], [ -77.47555148381791, 37.630948205394482 ], [ -77.475542591486771, 37.63095945791239 ], [ -77.47553419780165, 37.630970949915096 ], [ -77.475526313142964, 37.630982667976049 ], [ -77.475518947903367, 37.630994597767845 ], [ -77.475512111342496, 37.631006724953203 ], [ -77.475505810466956, 37.631019034274331 ], [ -77.475500053403522, 37.631031511384194 ], [ -77.475494848303896, 37.631044140133817 ], [ -77.475490199896413, 37.631056906146803 ], [ -77.475486114066953, 37.631069793254611 ], [ -77.475482596701454, 37.631082785288676 ], [ -77.475479651395517, 37.631095867862797 ], [ -77.475477281781622, 37.631109023887916 ], [ -77.47547549146762, 37.631122238076799 ], [ -77.475474281820311, 37.631135493320777 ], [ -77.47547365418184, 37.631148774313168 ], [ -77.475473611039618, 37.631162064855936 ], [ -77.475474149228958, 37.631175347801332 ], [ -77.475475271224894, 37.631188607852295 ], [ -77.475476974971031, 37.631201829672818 ], [ -77.475479256182098, 37.631214995204225 ], [ -77.475482115055115, 37.631228090030916 ], [ -77.475485546159589, 37.631241096985534 ], [ -77.475489546306363, 37.631254000722109 ], [ -77.475494110040302, 37.631266785875191 ], [ -77.475814907249003, 37.632109206632613 ], [ -77.475820035839476, 37.632121871393394 ], [ -77.475825717137226, 37.632134385036245 ], [ -77.475831944529475, 37.632146733987874 ], [ -77.47583871142821, 37.632158902873009 ], [ -77.475846008991766, 37.632170875395822 ], [ -77.475853827208823, 37.632182637953704 ], [ -77.475862157200865, 37.632194176953746 ], [ -77.475870990113975, 37.632205477001115 ], [ -77.475880312538024, 37.632216524463772 ], [ -77.475890115594538, 37.632227305748863 ], [ -77.475900386981664, 37.632237809036148 ], [ -77.47591111216866, 37.632248019782779 ], [ -77.475922279986577, 37.632257926178347 ], [ -77.475933875867682, 37.632267516382946 ], [ -77.475945886377318, 37.63227677856657 ], [ -77.475958296935389, 37.632285701790394 ], [ -77.475971090708455, 37.632294274194955 ] ], [ [ -77.475946867615519, 37.630864108948451 ], [ -77.47595969839513, 37.630864135845364 ], [ -77.475972519789153, 37.630864518586137 ], [ -77.475985315937749, 37.630865257033967 ], [ -77.475998073259021, 37.630866350170535 ], [ -77.476010773639757, 37.630867796938546 ], [ -77.476023403510382, 37.630869595418829 ], [ -77.476035947035498, 37.630871743672593 ], [ -77.476048388404507, 37.630874237959183 ], [ -77.476060711782111, 37.630877076339843 ], [ -77.476072904756052, 37.630880255103207 ], [ -77.476084949249952, 37.630883770489127 ], [ -77.476096832863902, 37.630887617885207 ], [ -77.476108540932344, 37.630891792659668 ], [ -77.476120057656672, 37.63089629017081 ], [ -77.47613137064937, 37.630901104905448 ], [ -77.476142465281583, 37.630906229528726 ], [ -77.47615332800828, 37.630911660319562 ], [ -77.476163946490956, 37.630917388160874 ], [ -77.476174307208993, 37.630923407529579 ], [ -77.47618439666644, 37.630929711100677 ], [ -77.476194203645363, 37.630936290667826 ], [ -77.47620371578256, 37.630943138915789 ], [ -77.476212921872303, 37.630950246737179 ], [ -77.476221810696629, 37.63095760592558 ], [ -77.476230371061973, 37.630965206472773 ], [ -77.476238592870942, 37.63097304108296 ], [ -77.476246464954528, 37.63098109794592 ], [ -77.476253979481015, 37.630989369785496 ], [ -77.476261126426479, 37.630997843900268 ], [ -77.476267896838664, 37.631006512103347 ], [ -77.476274282947088, 37.631015362613709 ], [ -77.476280276969035, 37.631024384551402 ], [ -77.476285871109567, 37.631033567937372 ], [ -77.47629105873105, 37.631042901000349 ], [ -77.476295834328781, 37.631052371978988 ], [ -77.476300190120028, 37.631061969993169 ], [ -77.476304123998617, 37.631071683310829 ], [ -77.476624929462417, 37.631914101920238 ], [ -77.476628433751358, 37.631923917847836 ], [ -77.47663150511373, 37.631933825557041 ], [ -77.476634139189699, 37.631943812395313 ], [ -77.476636333873032, 37.631953866630411 ], [ -77.476638087082009, 37.631963974728293 ], [ -77.476639394432368, 37.631974125838234 ], [ -77.476640256095791, 37.631984307346556 ], [ -77.476640669990658, 37.631994505719234 ], [ -77.476640636264065, 37.63200471014455 ], [ -77.476640155100114, 37.632014907107902 ], [ -77.47663922665825, 37.632025084896668 ], [ -77.476637852255394, 37.632035230005989 ], [ -77.47663603317163, 37.632045331634011 ], [ -77.476633771856726, 37.632055376285528 ], [ -77.476631070748212, 37.632065351366556 ], [ -77.476627934524842, 37.632075246104399 ], [ -77.476624365624119, 37.632085047904894 ], [ -77.476620368749309, 37.632094744193537 ], [ -77.476615948579237, 37.632104324197691 ], [ -77.476611110950032, 37.632113775352465 ], [ -77.47660586168567, 37.632123085994024 ], [ -77.476600206585488, 37.632132246260461 ], [ -77.476594152618532, 37.632141243596635 ], [ -77.476587708995197, 37.632150067269087 ], [ -77.476580880394266, 37.632158706505088 ], [ -77.47657367827955, 37.632167151491494 ], [ -77.476566108475083, 37.632175390564505 ], [ -77.476558183552939, 37.632183415722729 ], [ -77.476549909337237, 37.632191215302264 ], [ -77.476541299545232, 37.632198780410569 ], [ -77.476532362229918, 37.632206102106238 ], [ -77.476523108842969, 37.632213171477034 ], [ -77.476513551968864, 37.632219979620757 ], [ -77.476503700793458, 37.632226517605638 ], [ -77.476493568997398, 37.632232779242116 ], [ -77.476483169165192, 37.632238755627782 ], [ -77.476472513856834, 37.632244439662252 ], [ -77.47646161449947, 37.632249824235387 ], [ -77.476450485906682, 37.632254903167308 ], [ -77.47643914177128, 37.632259669367414 ], [ -77.476427594604317, 37.632264119339119 ], [ -77.476415859243843, 37.632268245100754 ], [ -77.476403950478826, 37.632272042274288 ], [ -77.476391881953134, 37.632275507373059 ], [ -77.476379668468155, 37.632278635118169 ], [ -77.476367324800478, 37.632281422032747 ], [ -77.476354867992725, 37.632283864659342 ], [ -77.476342310543487, 37.632285960402541 ], [ -77.476329668362581, 37.632287705795115 ], [ -77.47631695846782, 37.632289099181698 ], [ -77.476304194466252, 37.632290139778569 ], [ -77.476291392267626, 37.63229082411852 ], [ -77.476278567707837, 37.632291154140368 ], [ -77.476265737817116, 37.632291127287665 ], [ -77.476252915057387, 37.632290743667987 ], [ -77.476240118663213, 37.632290005249274 ], [ -77.476227361096434, 37.63228891213911 ], [ -77.476214660471129, 37.632287465394789 ], [ -77.476202030357456, 37.632285666935495 ], [ -77.476189486579031, 37.632283519600996 ], [ -77.476177044984084, 37.632281024429126 ], [ -77.476164721371688, 37.632278186061527 ], [ -77.476152528166793, 37.632275007308699 ], [ -77.476140483446528, 37.632271491930872 ], [ -77.4761285996113, 37.63226764454047 ], [ -77.476116891327209, 37.632263469769455 ], [ -77.476105374393327, 37.632258972259486 ], [ -77.476094061185449, 37.632254158425035 ], [ -77.476082966369589, 37.632249032897981 ], [ -77.476072103442178, 37.632243603003459 ], [ -77.476061484791288, 37.632237874254891 ], [ -77.476051123900902, 37.63223185487832 ], [ -77.476041034279618, 37.632225551297957 ], [ -77.476031227145754, 37.63221897172027 ], [ -77.476021714862625, 37.632212123460647 ], [ -77.476012508636217, 37.632205015626674 ], [ -77.476003619672497, 37.632197657325818 ], [ -77.475995059201821, 37.632190055863717 ], [ -77.475986837272714, 37.632182222139988 ], [ -77.475978965103337, 37.632174164361288 ], [ -77.475971450476322, 37.632165893407702 ], [ -77.475964303464593, 37.632157418376977 ], [ -77.475957532983685, 37.632148750159111 ], [ -77.475951146816229, 37.632139899634204 ], [ -77.475945152744742, 37.632130877682442 ], [ -77.47593955856415, 37.63212169428293 ], [ -77.475934370911787, 37.632112361207056 ], [ -77.475929595292257, 37.632102890216423 ], [ -77.475925239487964, 37.632093292191115 ], [ -77.475921305604871, 37.632083578863408 ], [ -77.475600507299589, 37.631241159289097 ], [ -77.475597003189137, 37.631231342428528 ], [ -77.47559393199208, 37.631221434690737 ], [ -77.47559129807982, 37.63121144782761 ], [ -77.475589103545843, 37.631201394472264 ], [ -77.475587350508192, 37.631191285456005 ], [ -77.475586043313697, 37.631181134332508 ], [ -77.475585181790123, 37.631170953715483 ], [ -77.475584768055512, 37.631160754436053 ], [ -77.475584801925208, 37.631150550008861 ], [ -77.475585283226977, 37.631140353047563 ], [ -77.475586211800774, 37.631130175264772 ], [ -77.475587586329169, 37.631120030165327 ], [ -77.475589405531579, 37.631109928551105 ], [ -77.475591666945448, 37.631099884818049 ], [ -77.475594368169553, 37.631089908857319 ], [ -77.475597504488022, 37.631080014144359 ], [ -77.475601073475048, 37.631070212372244 ], [ -77.475605070426866, 37.631060516115411 ], [ -77.475609490652204, 37.631050937047377 ], [ -77.47561432833902, 37.631041485930943 ], [ -77.475619577663053, 37.631032174429741 ], [ -77.475625232787735, 37.631023015108461 ], [ -77.475631286780597, 37.631014017819133 ], [ -77.475637730418811, 37.631005194196128 ], [ -77.475644559035658, 37.630996554110951 ], [ -77.475651761130266, 37.630988110079407 ], [ -77.475659330927741, 37.630979870161291 ], [ -77.475667255806599, 37.630971845961618 ], [ -77.47567552997964, 37.630964046441193 ], [ -77.47568413972958, 37.630956480492387 ], [ -77.4756930769788, 37.630949158858371 ], [ -77.475702330275823, 37.630942090450944 ], [ -77.475711887060839, 37.630935282370388 ], [ -77.475721738148039, 37.630928743548104 ], [ -77.475731869820279, 37.63092248287645 ], [ -77.47574226952996, 37.630916506554655 ], [ -77.475752924705134, 37.630910822583829 ], [ -77.475763823918896, 37.630905438073938 ], [ -77.475774952358179, 37.63090035920473 ], [ -77.475786296342577, 37.630895592165523 ], [ -77.475797843324841, 37.630891143155623 ], [ -77.475809578504013, 37.630887017453666 ], [ -77.475821487091665, 37.630883219437465 ], [ -77.475833555419854, 37.630879754395473 ], [ -77.475845768700097, 37.630876626705444 ], [ -77.47585811215616, 37.630873839844178 ], [ -77.475870568746146, 37.630871397268812 ], [ -77.475883125959626, 37.630869302475773 ], [ -77.475895767924428, 37.630867556229148 ], [ -77.475908477586344, 37.630866162887159 ], [ -77.475921241339009, 37.63086512323347 ], [ -77.475934043310218, 37.630864438032205 ], [ -77.475946867615519, 37.630864108948451 ] ] ] } },
{ "type": "Feature", "properties": { "OBJECTID": 33, "Asset_ID": "RP-ATHCRT-38", "Parent_Asset_ID": "RP-PARK-59", "Asset_Name": "Track", "Asset_Type": "Track", "Location_Description": "West of Recreation Center", "Asset_Description": "Track", "Install_Date": null, "Warranty_Date": null, "Life_Expectancy": null, "Comments": null, "Asset_Owner": "Henrico County Recreation & Parks", "Asset_Maintainer": "Henrico County Recreation & Parks", "Original_Cost": null, "Estimated_Replacement_Cost": null, "Surface_Type": null, "Asset_Status": "In Service", "Asset_Operator": "Henrico County Recreation & Parks", "Legacy_ID": null, "created_user": "zur", "created_date": null, "last_edited_user": "ZUR", "last_edited_date": "2021-11-05T18:16:19Z", "Number_of_Courts": 1, "NRPA_Type": null, "Court_Lighting": "Yes", "ShapeSTArea": 25427.180276848489, "ShapeSTLength": 2771.2646274088306 }, "geometry": { "type": "Polygon", "coordinates": [ [ [ -77.381845593007085, 37.566037735475845 ], [ -77.381804885379253, 37.566062924270206 ], [ -77.381768049035799, 37.566093496645415 ], [ -77.381735790773632, 37.566128865994393 ], [ -77.381708729547782, 37.566168353668175 ], [ -77.381687384595182, 37.566211201997476 ], [ -77.381672165471883, 37.566256588830484 ], [ -77.381663364194623, 37.56630364330789 ], [ -77.381661149637793, 37.566351462572449 ], [ -77.381665564293201, 37.566399129092595 ], [ -77.381676523454686, 37.566445728267531 ], [ -77.381693816843452, 37.566490365976144 ], [ -77.381717112642832, 37.56653218573291 ], [ -77.38174596386493, 37.566570385121764 ], [ -77.381779816927278, 37.566604231192358 ], [ -77.381818022274629, 37.566633074523629 ], [ -77.381859846842332, 37.566656361684494 ], [ -77.381904488122004, 37.566673645852831 ], [ -77.381951089559593, 37.566684595388857 ], [ -77.381998756990583, 37.56668900019848 ], [ -77.382046575796707, 37.566686775764474 ], [ -77.382093628455166, 37.566677964768125 ], [ -77.382995220522261, 37.566637475343754 ], [ -77.383042505091936, 37.566639662461299 ], [ -77.383089633123959, 37.566635239497437 ], [ -77.383135685081001, 37.566624292750724 ], [ -77.383179762421562, 37.566607035808303 ], [ -77.383221005131773, 37.566583805378556 ], [ -77.383258608505599, 37.566555054721377 ], [ -77.383291838845849, 37.56652134480445 ], [ -77.383320047779605, 37.566483333357908 ], [ -77.383342684909024, 37.566441762041066 ], [ -77.383359308550354, 37.566397441971567 ], [ -77.383369594351876, 37.566351237899248 ], [ -77.383373341622459, 37.566304051333624 ], [ -77.383370477247311, 37.566256802954108 ], [ -77.383361057114612, 37.566210414646186 ], [ -77.383345265025042, 37.566165791514081 ], [ -77.383323409105529, 37.566123804220837 ], [ -77.383295915797262, 37.566085272000393 ], [ -77.383263321535182, 37.566050946673137 ], [ -77.38322626228134, 37.566021497976777 ], [ -77.383185461116412, 37.565997500498753 ], [ -77.383141714131199, 37.565979422465205 ], [ -77.383355017510368, 37.565969824904876 ], [ -77.383351512660695, 37.565920468224384 ], [ -77.381584861709115, 37.565999950886642 ], [ -77.381588366547405, 37.566049306728154 ], [ -77.381845593007085, 37.566037735475845 ] ], [ [ -77.382946542046753, 37.565988204622947 ], [ -77.382991273311006, 37.565982049065163 ], [ -77.383036422858837, 37.565982592409384 ], [ -77.383080993034071, 37.565989822649485 ], [ -77.383123998982754, 37.566003580021011 ], [ -77.383164490415155, 37.566023560531377 ], [ -77.383201572604094, 37.566049322677173 ], [ -77.383234426155425, 37.566080297199896 ], [ -77.383262325113961, 37.566115799664686 ], [ -77.383284653004651, 37.56615504558409 ], [ -77.383300916454729, 37.566197167752655 ], [ -77.38331075609554, 37.566241235409294 ], [ -77.383313954503464, 37.566286274804042 ], [ -77.383310441004241, 37.566331290714736 ], [ -77.383300293234598, 37.566375288438138 ], [ -77.383283735426815, 37.566417295769568 ], [ -77.383261133453857, 37.566456384485477 ], [ -77.383232986744815, 37.566491690854072 ], [ -77.383199917249215, 37.566522434720994 ], [ -77.38316265569388, 37.566547936748108 ], [ -77.383122025436379, 37.56656763342469 ], [ -77.383078924271473, 37.56658108951909 ], [ -77.383034304592854, 37.566588007695998 ], [ -77.382989152348316, 37.566588235086478 ], [ -77.38209352621304, 37.56662852929 ], [ -77.382047976213443, 37.566636169764955 ], [ -77.382001794867634, 37.56663684992705 ], [ -77.381956039614707, 37.566630554202256 ], [ -77.381911758137278, 37.56661742674715 ], [ -77.381869964372115, 37.566597768148142 ], [ -77.381831615293535, 37.566572028538729 ], [ -77.381797589000968, 37.566540797292582 ], [ -77.38176866461275, 37.566504789528317 ], [ -77.381745504426121, 37.566464829735068 ], [ -77.381728638752335, 37.566421832893688 ], [ -77.381718453773757, 37.566376783525961 ], [ -77.381715182701342, 37.566330713151466 ], [ -77.381718900434578, 37.566284676668317 ], [ -77.381729521846538, 37.56623972819861 ], [ -77.381746803733037, 37.566196896951602 ], [ -77.381770350381444, 37.56615716365738 ], [ -77.38179962263149, 37.566121438110514 ], [ -77.381833950220738, 37.566090538338067 ], [ -77.381872547131934, 37.566065171868722 ], [ -77.381914529590858, 37.566045919532151 ], [ -77.38195893630261, 37.566033222159462 ], [ -77.382004750462826, 37.566027370489209 ], [ -77.382050923040069, 37.566028498510235 ], [ -77.382946542046753, 37.565988204622947 ] ] ] } },
{ "type": "Feature", "properties": { "OBJECTID": 34, "Asset_ID": "RP-ATHCRT-39", "Parent_Asset_ID": "RP-PARK-1003", "Asset_Name": "Tennis 3,4", "Asset_Type": "Tennis", "Location_Description": "South of Diamond 1 Field", "Asset_Description": "Tennis Court", "Install_Date": null, "Warranty_Date": null, "Life_Expectancy": null, "Comments": null, "Asset_Owner": "Henrico County Public Schools", "Asset_Maintainer": "Henrico County Public Schools", "Original_Cost": null, "Estimated_Replacement_Cost": null, "Surface_Type": null, "Asset_Status": "In Service", "Asset_Operator": "Henrico County Public Schools", "Legacy_ID": null, "created_user": "zur", "created_date": null, "last_edited_user": "ZUR", "last_edited_date": "2021-11-05T18:10:22Z", "Number_of_Courts": 2, "NRPA_Type": null, "Court_Lighting": "Yes", "ShapeSTArea": 12704.451799715715, "ShapeSTLength": 451.65357551370732 }, "geometry": { "type": "Polygon", "coordinates": [ [ [ -77.55765079405829, 37.600972046615958 ], [ -77.557780372840369, 37.600660123374034 ], [ -77.557432292067631, 37.600568587188775 ], [ -77.55730271199802, 37.600880510057443 ], [ -77.55765079405829, 37.600972046615958 ] ] ] } },
{ "type": "Feature", "properties": { "OBJECTID": 35, "Asset_ID": "RP-ATHCRT-40", "Parent_Asset_ID": "RP-PARK-1003", "Asset_Name": "Tennis 5,6", "Asset_Type": "Tennis", "Location_Description": "South of Diamond 1 Field", "Asset_Description": "Tennis Court", "Install_Date": null, "Warranty_Date": null, "Life_Expectancy": null, "Comments": null, "Asset_Owner": "Henrico County Public Schools", "Asset_Maintainer": "Henrico County Public Schools", "Original_Cost": null, "Estimated_Replacement_Cost": null, "Surface_Type": null, "Asset_Status": "In Service", "Asset_Operator": "Henrico County Public Schools", "Legacy_ID": null, "created_user": "zur", "created_date": null, "last_edited_user": "ZUR", "last_edited_date": "2021-11-05T18:10:22Z", "Number_of_Courts": 2, "NRPA_Type": null, "Court_Lighting": "Yes", "ShapeSTArea": 12704.381224158949, "ShapeSTLength": 451.65232542897161 }, "geometry": { "type": "Polygon", "coordinates": [ [ [ -77.557173261140889, 37.600880717739329 ], [ -77.557302841737169, 37.60056879591302 ], [ -77.556954763102084, 37.600477258333825 ], [ -77.55682518121823, 37.600789179786858 ], [ -77.557173261140889, 37.600880717739329 ] ] ] } },
{ "type": "Feature", "properties": { "OBJECTID": 36, "Asset_ID": "RP-ATHCRT-41", "Parent_Asset_ID": "RP-PARK-1003", "Asset_Name": "Tennis 1,2", "Asset_Type": "Tennis", "Location_Description": "South of Diamond 1 Field", "Asset_Description": "Tennis Court", "Install_Date": null, "Warranty_Date": null, "Life_Expectancy": null, "Comments": null, "Asset_Owner": "Henrico County Public Schools", "Asset_Maintainer": "Henrico County Public Schools", "Original_Cost": null, "Estimated_Replacement_Cost": null, "Surface_Type": null, "Asset_Status": "In Service", "Asset_Operator": "Henrico County Public Schools", "Legacy_ID": null, "created_user": "zur", "created_date": null, "last_edited_user": "ZUR", "last_edited_date": "2021-11-05T18:10:22Z", "Number_of_Courts": 2, "NRPA_Type": null, "Court_Lighting": "Yes", "ShapeSTArea": 12704.414415835621, "ShapeSTLength": 451.65295047124516 }, "geometry": { "type": "Polygon", "coordinates": [ [ [ -77.55704367945701, 37.601192640301711 ], [ -77.557173261140889, 37.600880717739329 ], [ -77.55682518121823, 37.600789179786858 ], [ -77.556695598246733, 37.601101101975956 ], [ -77.55704367945701, 37.601192640301711 ] ] ] } },
{ "type": "Feature", "properties": { "OBJECTID": 37, "Asset_ID": "RP-ATHCRT-42", "Parent_Asset_ID": "RP-PARK-1004", "Asset_Name": "Tennis 1,2,3", "Asset_Type": "Tennis", "Location_Description": "North of Driver's Training", "Asset_Description": "Tennis Court", "Install_Date": null, "Warranty_Date": null, "Life_Expectancy": null, "Comments": null, "Asset_Owner": "Henrico County Public Schools", "Asset_Maintainer": "Henrico County Public Schools", "Original_Cost": null, "Estimated_Replacement_Cost": null, "Surface_Type": null, "Asset_Status": "In Service", "Asset_Operator": "Henrico County Public Schools", "Legacy_ID": null, "created_user": "zur", "created_date": null, "last_edited_user": "ZUR", "last_edited_date": "2021-11-05T18:10:22Z", "Number_of_Courts": 3, "NRPA_Type": null, "Court_Lighting": "No", "ShapeSTArea": 19021.749417945899, "ShapeSTLength": 556.14543904147024 }, "geometry": { "type": "Polygon", "coordinates": [ [ [ -77.537826672035933, 37.664221424831318 ], [ -77.53728937029274, 37.664170771600112 ], [ -77.537242138616506, 37.664502205026736 ], [ -77.537779442700796, 37.664552858467275 ], [ -77.537826672035933, 37.664221424831318 ] ] ] } },
{ "type": "Feature", "properties": { "OBJECTID": 38, "Asset_ID": "RP-ATHCRT-43", "Parent_Asset_ID": "RP-PARK-1004", "Asset_Name": "Tennis 4,5,6", "Asset_Type": "Tennis", "Location_Description": "North of Driver's Training", "Asset_Description": "Tennis Court", "Install_Date": null, "Warranty_Date": null, "Life_Expectancy": null, "Comments": null, "Asset_Owner": "Henrico County Public Schools", "Asset_Maintainer": "Henrico County Public Schools", "Original_Cost": null, "Estimated_Replacement_Cost": null, "Surface_Type": null, "Asset_Status": "In Service", "Asset_Operator": "Henrico County Public Schools", "Legacy_ID": null, "created_user": "zur", "created_date": null, "last_edited_user": "ZUR", "last_edited_date": "2021-11-05T18:10:22Z", "Number_of_Courts": 3, "NRPA_Type": null, "Court_Lighting": "No", "ShapeSTArea": 19021.726833683777, "ShapeSTLength": 556.14507926006638 }, "geometry": { "type": "Polygon", "coordinates": [ [ [ -77.537210003268527, 37.664087473431287 ], [ -77.536672704033933, 37.664036817417482 ], [ -77.536625469718558, 37.66436825061038 ], [ -77.537162772427621, 37.664418906842748 ], [ -77.537210003268527, 37.664087473431287 ] ] ] } },
{ "type": "Feature", "properties": { "OBJECTID": 39, "Asset_ID": "RP-ATHCRT-44", "Parent_Asset_ID": "RP-PARK-1005", "Asset_Name": "Tennis 1,2,3,4", "Asset_Type": "Tennis", "Location_Description": "North of Bus Loop", "Asset_Description": "Tennis Court", "Install_Date": null, "Warranty_Date": null, "Life_Expectancy": null, "Comments": null, "Asset_Owner": "Henrico County Public Schools", "Asset_Maintainer": "Henrico County Public Schools", "Original_Cost": null, "Estimated_Replacement_Cost": null, "Surface_Type": null, "Asset_Status": "In Service", "Asset_Operator": "Henrico County Public Schools", "Legacy_ID": null, "created_user": "zur", "created_date": null, "last_edited_user": "ZUR", "last_edited_date": "2021-11-05T18:18:09Z", "Number_of_Courts": 4, "NRPA_Type": null, "Court_Lighting": "Yes", "ShapeSTArea": 24456.324126587242, "ShapeSTLength": 648.13533402497978 }, "geometry": { "type": "Polygon", "coordinates": [ [ [ -77.517154096726372, 37.635030064688223 ], [ -77.51645494590116, 37.634956955414594 ], [ -77.51640076438926, 37.635282654685966 ], [ -77.517101601013891, 37.635355919675568 ], [ -77.517154096726372, 37.635030064688223 ] ] ] } },
{ "type": "Feature", "properties": { "OBJECTID": 40, "Asset_ID": "RP-ATHCRT-45", "Parent_Asset_ID": "RP-PARK-1005", "Asset_Name": "Tennis5,6,7,8", "Asset_Type": "Tennis", "Location_Description": "North of Bus Loop", "Asset_Description": "Tennis Court", "Install_Date": null, "Warranty_Date": null, "Life_Expectancy": null, "Comments": null, "Asset_Owner": "Henrico County Public Schools", "Asset_Maintainer": "Henrico County Public Schools", "Original_Cost": null, "Estimated_Replacement_Cost": null, "Surface_Type": null, "Asset_Status": "In Service", "Asset_Operator": "Henrico County Public Schools", "Legacy_ID": null, "created_user": "zur", "created_date": null, "last_edited_user": "ZUR", "last_edited_date": "2021-11-05T18:18:09Z", "Number_of_Courts": 4, "NRPA_Type": null, "Court_Lighting": "Yes", "ShapeSTArea": 24456.288500877243, "ShapeSTLength": 648.13496747965996 }, "geometry": { "type": "Polygon", "coordinates": [ [ [ -77.516907147906906, 37.634408505231377 ], [ -77.516208001977574, 37.634335394482534 ], [ -77.516153820975887, 37.634661093701418 ], [ -77.516854650436102, 37.634734359250004 ], [ -77.516907147906906, 37.634408505231377 ] ] ] } },
{ "type": "Feature", "properties": { "OBJECTID": 41, "Asset_ID": "RP-ATHCRT-46", "Parent_Asset_ID": "RP-PARK-42", "Asset_Name": "Horseshoe Pits", "Asset_Type": "Horseshoe", "Location_Description": "East of Diamond 1 and 2", "Asset_Description": "Horseshoe Pits 1, 2, 3 and 4", "Install_Date": null, "Warranty_Date": null, "Life_Expectancy": null, "Comments": "Combine all four courts into one amenity", "Asset_Owner": "Henrico County Recreation & Parks", "Asset_Maintainer": "Henrico County Recreation & Parks", "Original_Cost": null, "Estimated_Replacement_Cost": null, "Surface_Type": null, "Asset_Status": "In Service", "Asset_Operator": "Henrico County Recreation & Parks", "Legacy_ID": null, "created_user": "zur", "created_date": null, "last_edited_user": "ZUR", "last_edited_date": "2021-11-29T16:21:21Z", "Number_of_Courts": 1, "NRPA_Type": null, "Court_Lighting": "No", "ShapeSTArea": 1151.9940331201724, "ShapeSTLength": 432.02108022918759 }, "geometry": { "type": "MultiPolygon", "coordinates": [ [ [ [ -77.338217282389095, 37.465976432681643 ], [ -77.338077827344605, 37.465905546171541 ], [ -77.338066897332141, 37.465919533473802 ], [ -77.338206351261917, 37.465990419985459 ], [ -77.338217282389095, 37.465976432681643 ] ] ], [ [ [ -77.338326179112542, 37.465845236084093 ], [ -77.338186725338957, 37.465774349711459 ], [ -77.338175795365729, 37.465788337024108 ], [ -77.338315250285348, 37.465859223420502 ], [ -77.338326179112542, 37.465845236084093 ] ] ], [ [ [ -77.338291140197867, 37.465890080330063 ], [ -77.338151686388045, 37.465819193015783 ], [ -77.338140757532258, 37.465833180336183 ], [ -77.338280210227239, 37.465904067652026 ], [ -77.338291140197867, 37.465890080330063 ] ] ], [ [ [ -77.3382534690044, 37.465932385499237 ], [ -77.338114015137791, 37.465861499042205 ], [ -77.338103085138471, 37.465875486347926 ], [ -77.338242540151029, 37.465946372828689 ], [ -77.3382534690044, 37.465932385499237 ] ] ] ] } },
{ "type": "Feature", "properties": { "OBJECTID": 42, "Asset_ID": "RP-ATHCRT-50", "Parent_Asset_ID": "RP-PARK-43", "Asset_Name": "Pickleball 1", "Asset_Type": "Pickleball", "Location_Description": "West of Shelter", "Asset_Description": "Pickleball Courts 1-4", "Install_Date": "2018-02-24T00:00:00Z", "Warranty_Date": null, "Life_Expectancy": null, "Comments": "Dedication Date", "Asset_Owner": "Henrico County Recreation & Parks", "Asset_Maintainer": "Henrico County Recreation & Parks", "Original_Cost": null, "Estimated_Replacement_Cost": null, "Surface_Type": "Asphalt", "Asset_Status": "In Service", "Asset_Operator": "Henrico County Recreation & Parks", "Legacy_ID": null, "created_user": "zur", "created_date": null, "last_edited_user": "ZUR", "last_edited_date": "2024-01-10T17:11:23Z", "Number_of_Courts": 4, "NRPA_Type": null, "Court_Lighting": "Yes", "ShapeSTArea": 7201.4039490816949, "ShapeSTLength": 360.03385355947802 }, "geometry": { "type": "Polygon", "coordinates": [ [ [ -77.613084588898019, 37.669331593952975 ], [ -77.613181293505178, 37.669329316503159 ], [ -77.613195108764145, 37.669328978148172 ], [ -77.613284905703665, 37.669326872494622 ], [ -77.61329181336464, 37.669326700608345 ], [ -77.613388517959251, 37.66932442298981 ], [ -77.613402332082899, 37.669324084602209 ], [ -77.613499037804218, 37.66932180690214 ], [ -77.613492881148034, 37.669157086492355 ], [ -77.613285657173563, 37.669161979287061 ], [ -77.613078433161419, 37.669166872621176 ], [ -77.613084588898019, 37.669331593952975 ] ] ] } },
{ "type": "Feature", "properties": { "OBJECTID": 43, "Asset_ID": "RP-ATHCRT-51", "Parent_Asset_ID": "RP-PARK-55", "Asset_Name": "Volleyball", "Asset_Type": "Volleyball", "Location_Description": "West of Restrooms", "Asset_Description": "Volleyball", "Install_Date": null, "Warranty_Date": null, "Life_Expectancy": null, "Comments": null, "Asset_Owner": "Henrico County Recreation & Parks", "Asset_Maintainer": "Henrico County Recreation & Parks", "Original_Cost": null, "Estimated_Replacement_Cost": null, "Surface_Type": null, "Asset_Status": "In Service", "Asset_Operator": "Henrico County Recreation & Parks", "Legacy_ID": null, "created_user": "zur", "created_date": null, "last_edited_user": "ZUR", "last_edited_date": "2021-11-05T18:10:22Z", "Number_of_Courts": 4, "NRPA_Type": null, "Court_Lighting": "No", "ShapeSTArea": 20108.865771707107, "ShapeSTLength": 583.9448932236362 }, "geometry": { "type": "Polygon", "coordinates": [ [ [ -77.490664207958829, 37.681049226089641 ], [ -77.490612079156463, 37.681014434470839 ], [ -77.490238245835158, 37.680764932586527 ], [ -77.490186116306376, 37.680730139867613 ], [ -77.490142339167377, 37.680771571729814 ], [ -77.489982566723299, 37.680922784403442 ], [ -77.489938790505292, 37.68096421529723 ], [ -77.48998875255613, 37.68099756150162 ], [ -77.490364752613559, 37.681248510760135 ], [ -77.490416882597472, 37.681283302494876 ], [ -77.490460659883425, 37.681241870537164 ], [ -77.490620432043457, 37.681090657233185 ], [ -77.490664207958829, 37.681049226089641 ] ] ] } },
{ "type": "Feature", "properties": { "OBJECTID": 44, "Asset_ID": "RP-ATHCRT-52", "Parent_Asset_ID": "RP-PARK-55", "Asset_Name": "Volleyball", "Asset_Type": "Volleyball", "Location_Description": "West of Restrooms", "Asset_Description": "Volleyball", "Install_Date": null, "Warranty_Date": null, "Life_Expectancy": null, "Comments": null, "Asset_Owner": "Henrico County Recreation & Parks", "Asset_Maintainer": "Henrico County Recreation & Parks", "Original_Cost": null, "Estimated_Replacement_Cost": null, "Surface_Type": null, "Asset_Status": "In Service", "Asset_Operator": "Henrico County Recreation & Parks", "Legacy_ID": null, "created_user": "zur", "created_date": null, "last_edited_user": "ZUR", "last_edited_date": "2021-11-05T18:10:22Z", "Number_of_Courts": 4, "NRPA_Type": null, "Court_Lighting": "No", "ShapeSTArea": 20108.865771707107, "ShapeSTLength": 583.9448932236362 }, "geometry": { "type": "Polygon", "coordinates": [ [ [ -77.490214134202986, 37.681479277347549 ], [ -77.490162005310566, 37.681444485535273 ], [ -77.489788171343193, 37.681194982262923 ], [ -77.489736041724271, 37.681160189350436 ], [ -77.489692264085875, 37.681201621042035 ], [ -77.48953248981887, 37.681352833093015 ], [ -77.489488713101409, 37.681394263816173 ], [ -77.489538675238592, 37.681427610206072 ], [ -77.489914675945798, 37.681678560860661 ], [ -77.489966806019837, 37.681713352788968 ], [ -77.490010583805216, 37.681671921001836 ], [ -77.490170357788159, 37.681520708320541 ], [ -77.490214134202986, 37.681479277347549 ] ] ] } },
{ "type": "Feature", "properties": { "OBJECTID": 45, "Asset_ID": "RP-ATHCRT-53", "Parent_Asset_ID": "RP-PARK-31", "Asset_Name": "Shuffleboard 1", "Asset_Type": "Shuffleboard", "Location_Description": "South of Progress Pavilion - Shelter / Restroom", "Asset_Description": "Shuffleboard", "Install_Date": null, "Warranty_Date": null, "Life_Expectancy": null, "Comments": null, "Asset_Owner": "Henrico County Recreation & Parks", "Asset_Maintainer": "Henrico County Recreation & Parks", "Original_Cost": null, "Estimated_Replacement_Cost": null, "Surface_Type": null, "Asset_Status": "In Service", "Asset_Operator": "Henrico County Recreation & Parks", "Legacy_ID": null, "created_user": "zur", "created_date": null, "last_edited_user": "ZUR", "last_edited_date": "2021-11-05T18:20:45Z", "Number_of_Courts": 1, "NRPA_Type": null, "Court_Lighting": "No", "ShapeSTArea": 1061.2454681471793, "ShapeSTLength": 145.13920951058927 }, "geometry": { "type": "Polygon", "coordinates": [ [ [ -77.328253669812781, 37.5578642969298 ], [ -77.32825124263492, 37.557720362794377 ], [ -77.328180788244566, 37.557721651707674 ], [ -77.328184038762188, 37.557864750542322 ], [ -77.328253669812781, 37.5578642969298 ] ] ] } },
{ "type": "Feature", "properties": { "OBJECTID": 46, "Asset_ID": "RP-ATHCRT-1001", "Parent_Asset_ID": "RP-PARK-1013", "Asset_Name": "Track", "Asset_Type": "Track", "Location_Description": "North of High School", "Asset_Description": "Track at Turf Field", "Install_Date": "2018-08-01T00:00:00Z", "Warranty_Date": null, "Life_Expectancy": null, "Comments": null, "Asset_Owner": "Henrico County Public Schools", "Asset_Maintainer": "Henrico County Recreation & Parks", "Original_Cost": null, "Estimated_Replacement_Cost": null, "Surface_Type": "Rubber", "Asset_Status": "In Service", "Asset_Operator": "Henrico County Recreation & Parks", "Legacy_ID": null, "created_user": "ZUR", "created_date": "2019-08-02T19:50:54Z", "last_edited_user": "ZUR", "last_edited_date": "2021-11-05T18:20:45Z", "Number_of_Courts": 1, "NRPA_Type": null, "Court_Lighting": "Yes", "ShapeSTArea": 44140.454894866751, "ShapeSTLength": 2848.3682958041641 }, "geometry": { "type": "Polygon", "coordinates": [ [ [ -77.37659761791042, 37.474242971427635 ], [ -77.376643621816058, 37.474276494864426 ], [ -77.376693041474596, 37.474304741589862 ], [ -77.376745274258241, 37.474327367160804 ], [ -77.376799683235689, 37.474344095678994 ], [ -77.376855604938939, 37.474354723155358 ], [ -77.376912357453662, 37.474359119997487 ], [ -77.37696924873454, 37.474357232589888 ], [ -77.377025585044137, 37.474349083947779 ], [ -77.377080679412401, 37.474334773436446 ], [ -77.377133860013572, 37.474314475559559 ], [ -77.3771844783586, 37.47428843783127 ], [ -77.377224298196424, 37.474262958331238 ], [ -77.377260077939226, 37.474232061172629 ], [ -77.37729108635186, 37.474196377804624 ], [ -77.377316689711407, 37.474156637492776 ], [ -77.377336364758747, 37.474113652414928 ], [ -77.377349709392433, 37.474068301062594 ], [ -77.377356450886452, 37.47402151028718 ], [ -77.377356515699304, 37.474021409975883 ], [ -77.377360064566943, 37.474018394217445 ], [ -77.377387728364013, 37.473994883028318 ], [ -77.377456086710239, 37.473936787693717 ], [ -77.377414358493908, 37.473905614397538 ], [ -77.377164589324067, 37.473719017934911 ], [ -77.376102330448049, 37.47292542017815 ], [ -77.375999264693633, 37.473013508134365 ], [ -77.375997762121358, 37.473014792391879 ], [ -77.375982877588768, 37.473016367775351 ], [ -77.375982766614328, 37.473016379337906 ], [ -77.375934173836058, 37.473023243947324 ], [ -77.375886657256615, 37.473035514058957 ], [ -77.375840816217377, 37.473053034906073 ], [ -77.375797228925634, 37.473075585492772 ], [ -77.375756445161457, 37.4731028813815 ], [ -77.375718979343148, 37.473134578280721 ], [ -77.375685304038726, 37.473170276387592 ], [ -77.37565584400528, 37.473209525430775 ], [ -77.37563663938252, 37.473247177336923 ], [ -77.375623016585692, 37.473287188622564 ], [ -77.375615255648796, 37.473328736804596 ], [ -77.375613516107791, 37.473370967807057 ], [ -77.375617833721165, 37.473413013517742 ], [ -77.375628119734884, 37.473454009633336 ], [ -77.375644162706749, 37.473493113426315 ], [ -77.375665632853028, 37.473529521068244 ], [ -77.375692088827392, 37.47356248415354 ], [ -77.375722986793505, 37.473591325083866 ], [ -77.375757691604193, 37.473615450997045 ], [ -77.37659761791042, 37.474242971427635 ] ], [ [ -77.377130902973519, 37.474217956942894 ], [ -77.377085753362621, 37.474241757308484 ], [ -77.377037919228684, 37.474259557319634 ], [ -77.376988194046035, 37.474271061709125 ], [ -77.376937402657802, 37.47427607964174 ], [ -77.376886387593345, 37.474274527879821 ], [ -77.376835995092392, 37.47426643216405 ], [ -77.376787061067546, 37.474251926786458 ], [ -77.37674039723818, 37.47423125236277 ], [ -77.376696777665558, 37.474204751841057 ], [ -77.375819351372328, 37.473549215354886 ], [ -77.375789709316095, 37.473526117797512 ], [ -77.375764287820729, 37.473498442967298 ], [ -77.375743784725728, 37.473466950559498 ], [ -77.37572876285671, 37.473432505064793 ], [ -77.375719634575489, 37.473396052038368 ], [ -77.375716650460362, 37.473358592143661 ], [ -77.375719892427568, 37.473321153683457 ], [ -77.375729271482626, 37.47328476437211 ], [ -77.375744530163303, 37.473250423124057 ], [ -77.375765249607156, 37.473219072632823 ], [ -77.37579086104958, 37.473191573493366 ], [ -77.375827258723945, 37.473160766940516 ], [ -77.375867322216266, 37.473134906720453 ], [ -77.375910383674963, 37.473114423918595 ], [ -77.375955725272945, 37.473099659979738 ], [ -77.376002591173531, 37.473090861016196 ], [ -77.376050200130237, 37.4730881737052 ], [ -77.376097758509886, 37.473091642843748 ], [ -77.376144473522487, 37.473101210601904 ], [ -77.376189566436778, 37.473116717486782 ], [ -77.376232285561628, 37.473137905001266 ], [ -77.376271918776553, 37.473164419953129 ], [ -77.377149359423328, 37.473819939762201 ], [ -77.377178661373463, 37.473845792214924 ], [ -77.377203392278133, 37.473876046734389 ], [ -77.37722289987191, 37.473909905372558 ], [ -77.377236669651637, 37.473946475124542 ], [ -77.377244338446133, 37.473984791481158 ], [ -77.377245703994745, 37.474023843867393 ], [ -77.377240730281798, 37.47406260229581 ], [ -77.377229548486525, 37.474100044531966 ], [ -77.377212453523256, 37.474135183055331 ], [ -77.377189896263218, 37.474167091104675 ], [ -77.377162471643018, 37.474194927120941 ], [ -77.377130902973519, 37.474217956942894 ] ] ] } },
{ "type": "Feature", "properties": { "OBJECTID": 47, "Asset_ID": "RP-ATHCRT-1004", "Parent_Asset_ID": "RP-PARK-1003", "Asset_Name": "Track", "Asset_Type": "Track", "Location_Description": "South of the High School", "Asset_Description": "Track at Turf Field", "Install_Date": "2018-08-01T00:00:00Z", "Warranty_Date": null, "Life_Expectancy": null, "Comments": null, "Asset_Owner": "Henrico County Public Schools", "Asset_Maintainer": "Henrico County Recreation & Parks", "Original_Cost": null, "Estimated_Replacement_Cost": null, "Surface_Type": "Rubber", "Asset_Status": "In Service", "Asset_Operator": null, "Legacy_ID": "41011", "created_user": "ZUR", "created_date": "2019-08-06T18:32:08Z", "last_edited_user": "ZUR", "last_edited_date": "2021-11-05T18:20:45Z", "Number_of_Courts": 1, "NRPA_Type": null, "Court_Lighting": "Yes", "ShapeSTArea": 44802.552830796703, "ShapeSTLength": 2850.1197784980959 }, "geometry": { "type": "Polygon", "coordinates": [ [ [ -77.559096337018644, 37.600651316821065 ], [ -77.559143092199847, 37.600535417062943 ], [ -77.559187477884436, 37.600515486359221 ], [ -77.559228566750718, 37.600489428212427 ], [ -77.559265518482164, 37.600457775542878 ], [ -77.559297577371609, 37.600421175685575 ], [ -77.559324087776361, 37.600380377151453 ], [ -77.559344507526887, 37.600336214319391 ], [ -77.559358419014814, 37.600289590372213 ], [ -77.559365537733569, 37.600241458825487 ], [ -77.559365718096814, 37.600192804026996 ], [ -77.55935895641592, 37.600144621025656 ], [ -77.559345390975338, 37.600097895221552 ], [ -77.559325299204588, 37.600053582213363 ], [ -77.559299092004451, 37.600012588255169 ], [ -77.559267305343568, 37.599975751722532 ], [ -77.559230589297229, 37.599943825966669 ], [ -77.559189694752547, 37.599917463907524 ], [ -77.559145458051958, 37.599897204680794 ], [ -77.55909878388897, 37.59988346261192 ], [ -77.55905062680614, 37.599876518742683 ], [ -77.557972114628825, 37.599601180227289 ], [ -77.557923933635919, 37.599582669996337 ], [ -77.557873801696871, 37.59957038889646 ], [ -77.557822520615531, 37.599564533350012 ], [ -77.557770910575016, 37.599565197009859 ], [ -77.557719797019729, 37.599572369261509 ], [ -77.557669997453402, 37.599585935392881 ], [ -77.55762230836396, 37.599605678428986 ], [ -77.557577492484626, 37.599631282602225 ], [ -77.557536266594909, 37.599662338402702 ], [ -77.557499290056413, 37.599698349127891 ], [ -77.557467154267229, 37.599738738826829 ], [ -77.557440373203065, 37.599782861511805 ], [ -77.557419375196858, 37.599830011490198 ], [ -77.557404496088054, 37.59987943465125 ], [ -77.557395973851243, 37.599930340527209 ], [ -77.557393944789979, 37.599981914935952 ], [ -77.55739844135681, 37.600033333002948 ], [ -77.557409391634238, 37.600083772354168 ], [ -77.557359419224071, 37.600207852014776 ], [ -77.559096337018644, 37.600651316821065 ] ], [ [ -77.557692326323362, 37.599689304999224 ], [ -77.557736097837221, 37.599676972063371 ], [ -77.557780912571218, 37.599669246369331 ], [ -77.557826286957891, 37.599666211280187 ], [ -77.557871731390904, 37.599667899545665 ], [ -77.557916755508089, 37.599674292948755 ], [ -77.559053412420909, 37.599965412315171 ], [ -77.559094167992683, 37.599982239151558 ], [ -77.559131906500184, 37.60000504187299 ], [ -77.559165758051151, 37.600033294864879 ], [ -77.559194942349691, 37.600066346881036 ], [ -77.559218786682521, 37.600103436055264 ], [ -77.559236741425352, 37.600143707462784 ], [ -77.559248392712007, 37.600186232826658 ], [ -77.559253471974245, 37.600230031915103 ], [ -77.559251862132427, 37.600274095136307 ], [ -77.559243600294252, 37.600317406810056 ], [ -77.559228876899397, 37.600358968579719 ], [ -77.559208031329788, 37.600397822424839 ], [ -77.559181544086655, 37.600433072744053 ], [ -77.559150025714743, 37.600463906999131 ], [ -77.559114202728978, 37.60048961444442 ], [ -77.559074900867813, 37.600509602509931 ], [ -77.559033026059652, 37.600523410460326 ], [ -77.558989543540619, 37.600530720015158 ], [ -77.558945455605439, 37.600531362685381 ], [ -77.55890177850398, 37.600525323657116 ], [ -77.55885951901621, 37.600512742133098 ], [ -77.558819651245329, 37.600493908124015 ], [ -77.558802023072772, 37.600489694514863 ], [ -77.557701665771106, 37.600207942190281 ], [ -77.557659706047502, 37.600197696804216 ], [ -77.557619984822338, 37.600180731822313 ], [ -77.557583570161569, 37.600157503416817 ], [ -77.557551441220852, 37.600128636177473 ], [ -77.557524461916827, 37.60009490631689 ], [ -77.557503357697342, 37.60005722079898 ], [ -77.557488696034824, 37.600016592951484 ], [ -77.557480871167414, 37.599974115218615 ], [ -77.55748009349837, 37.599930929786218 ], [ -77.557486383938468, 37.599888197869539 ], [ -77.557499573343762, 37.599847068489183 ], [ -77.557519307063671, 37.599808647575109 ], [ -77.557545054477231, 37.599773968229165 ], [ -77.557576123260958, 37.599743962946008 ], [ -77.557611678004804, 37.599719438539168 ], [ -77.557650762675479, 37.599701054446648 ], [ -77.557692326323362, 37.599689304999224 ] ] ] } },
{ "type": "Feature", "properties": { "OBJECTID": 48, "Asset_ID": "RP-ATHCRT-1008", "Parent_Asset_ID": "RP-PARK-1005", "Asset_Name": "Track", "Asset_Type": "Track", "Location_Description": "Northeast of High School", "Asset_Description": "Track at Turf Field", "Install_Date": "2018-08-01T00:00:00Z", "Warranty_Date": null, "Life_Expectancy": null, "Comments": null, "Asset_Owner": "Henrico County Public Schools", "Asset_Maintainer": "Henrico County Recreation & Parks", "Original_Cost": null, "Estimated_Replacement_Cost": null, "Surface_Type": "Rubber", "Asset_Status": "In Service", "Asset_Operator": null, "Legacy_ID": "67012", "created_user": "ZUR", "created_date": "2019-08-13T14:40:26Z", "last_edited_user": "ZUR", "last_edited_date": "2021-11-05T18:20:45Z", "Number_of_Courts": 1, "NRPA_Type": null, "Court_Lighting": "Yes", "ShapeSTArea": 44347.832482088175, "ShapeSTLength": 2847.5809560548023 }, "geometry": { "type": "Polygon", "coordinates": [ [ [ -77.513758169974324, 37.634393543355671 ], [ -77.513754524318557, 37.634442754977428 ], [ -77.513759287768607, 37.634491905810386 ], [ -77.513772375925996, 37.634540090473536 ], [ -77.51379354549816, 37.634586423889807 ], [ -77.513822406628691, 37.634630051300746 ], [ -77.513858429421674, 37.634670169045606 ], [ -77.513900949404174, 37.634706039925661 ], [ -77.513949184389375, 37.634737003256468 ], [ -77.514002245640086, 37.634762487576538 ], [ -77.514059156939339, 37.634782025223188 ], [ -77.514118870404559, 37.63479525606904 ], [ -77.514180286775158, 37.634801935800283 ], [ -77.514242274590146, 37.634801942384065 ], [ -77.514303691727292, 37.634795275346242 ], [ -77.514363410317202, 37.634782056879537 ], [ -77.51442032808562, 37.634762531036351 ], [ -77.514473397893568, 37.634737057666122 ], [ -77.514621839432706, 37.634752080047306 ], [ -77.514850579086954, 37.633322385974111 ], [ -77.514699212927525, 37.633307165666615 ], [ -77.51465564461418, 37.633272383863023 ], [ -77.514606578012817, 37.633242590702139 ], [ -77.514552908993167, 37.633218330655282 ], [ -77.5144956163372, 37.633200046160653 ], [ -77.514435748227896, 37.633188071204081 ], [ -77.5143743962645, 37.633182625697458 ], [ -77.514312680842821, 37.633183807247661 ], [ -77.514251729572123, 37.633191595483147 ], [ -77.514192654666019, 37.633205848261603 ], [ -77.5141365359151, 37.633226304231691 ], [ -77.514084396790437, 37.633252590743943 ], [ -77.51403719079093, 37.633284228242289 ], [ -77.513995778690983, 37.633320637283099 ], [ -77.513960915866036, 37.633361154648796 ], [ -77.513933242001627, 37.633405040470294 ], [ -77.51391325937837, 37.63345149246328 ], [ -77.51390133377906, 37.633499663055858 ], [ -77.513758169974324, 37.634393543355671 ] ], [ [ -77.51470438755473, 37.633504078980906 ], [ -77.514708282917752, 37.633542581788596 ], [ -77.514705468848476, 37.633581143339619 ], [ -77.514562268438709, 37.634474991770219 ], [ -77.514552800910764, 37.634512871827269 ], [ -77.514536971166095, 37.634549383496086 ], [ -77.514511901420263, 37.634587104283689 ], [ -77.514479965205282, 37.634621387227007 ], [ -77.514441892318288, 37.634651446335653 ], [ -77.514398552898953, 37.634676594100519 ], [ -77.514350940234579, 37.63469625666967 ], [ -77.514300142330256, 37.634709981722771 ], [ -77.514247323532587, 37.634717457241337 ], [ -77.514193690541063, 37.634718511227156 ], [ -77.514140470774166, 37.634713119632195 ], [ -77.514088882912333, 37.634701406114317 ], [ -77.514040107475481, 37.63468363908941 ], [ -77.513995258605505, 37.634660223386959 ], [ -77.513955364852606, 37.634631696485961 ], [ -77.513921337689553, 37.634598710231209 ], [ -77.513893956925884, 37.634562019898489 ], [ -77.513873847164803, 37.634522465076195 ], [ -77.513861470122478, 37.634480950678103 ], [ -77.513857613758915, 37.634442440963902 ], [ -77.513860387593795, 37.63440387279563 ], [ -77.514001589592638, 37.633521933348113 ], [ -77.514011049900532, 37.633477971912214 ], [ -77.514028769869256, 37.633435656864911 ], [ -77.51405355274261, 37.633397596784874 ], [ -77.514085316371492, 37.633362971908824 ], [ -77.514123323947572, 37.633332584375438 ], [ -77.514166692644196, 37.63330713959683 ], [ -77.514214417656135, 37.633287227535945 ], [ -77.514265390478926, 37.633273311145132 ], [ -77.514318429697653, 37.633265711304155 ], [ -77.514372305921214, 37.633264606126531 ], [ -77.514425766846657, 37.633270020354935 ], [ -77.514477574596157, 37.633281829275752 ], [ -77.514526527263769, 37.633299757095465 ], [ -77.514571488204425, 37.633323389798861 ], [ -77.514611414319717, 37.63335217808622 ], [ -77.514645380756235, 37.633385454698683 ], [ -77.514672598854744, 37.633422448082264 ], [ -77.514692436329824, 37.633462298774568 ], [ -77.514704435077576, 37.633504083880787 ], [ -77.51470438755473, 37.633504078980906 ] ] ] } },
{ "type": "Feature", "properties": { "OBJECTID": 49, "Asset_ID": "RP-ATHCRT-1009", "Parent_Asset_ID": "RP-PARK-1014", "Asset_Name": "Track", "Asset_Type": "Track", "Location_Description": "North of High School", "Asset_Description": "Track at Turf Field", "Install_Date": "2019-08-01T00:00:00Z", "Warranty_Date": null, "Life_Expectancy": null, "Comments": null, "Asset_Owner": "Henrico County Public Schools", "Asset_Maintainer": "Henrico County Recreation & Parks", "Original_Cost": null, "Estimated_Replacement_Cost": null, "Surface_Type": "Rubber", "Asset_Status": "In Service", "Asset_Operator": null, "Legacy_ID": "61026", "created_user": "ZUR", "created_date": "2019-08-13T16:08:34Z", "last_edited_user": "ZUR", "last_edited_date": "2021-11-05T18:20:45Z", "Number_of_Courts": 1, "NRPA_Type": null, "Court_Lighting": "Yes", "ShapeSTArea": 44598.819624487885, "ShapeSTLength": 2850.211949689633 }, "geometry": { "type": "Polygon", "coordinates": [ [ [ -77.430151075812702, 37.604943211002208 ], [ -77.43012100343924, 37.604984907196197 ], [ -77.430098492703934, 37.605029519009101 ], [ -77.430083979494114, 37.60507618442827 ], [ -77.430077745117345, 37.60512400039805 ], [ -77.430079909222798, 37.605172042579539 ], [ -77.430090430714159, 37.605219380677035 ], [ -77.430109106307427, 37.605265100051589 ], [ -77.430135572602055, 37.60530831525594 ], [ -77.430169320506323, 37.60534819089024 ], [ -77.430209696150939, 37.605383956929025 ], [ -77.430255917721283, 37.605414919686986 ], [ -77.430307092174743, 37.60544048089276 ], [ -77.430362229847745, 37.605460145931403 ], [ -77.430420263554353, 37.605473534829933 ], [ -77.430480071146775, 37.605480388768882 ], [ -77.43054049470453, 37.605480574760932 ], [ -77.431740324990002, 37.605417734283691 ], [ -77.431801729342311, 37.605410991878529 ], [ -77.43186130272997, 37.605397366658565 ], [ -77.431917831585608, 37.605377134249011 ], [ -77.431970166081072, 37.60535070781637 ], [ -77.432017240705221, 37.605318624736938 ], [ -77.43205809704223, 37.605281537790269 ], [ -77.432091904335664, 37.60524020272841 ], [ -77.432117972201624, 37.605195460367689 ], [ -77.432135771217418, 37.60514822235627 ], [ -77.432144940022823, 37.605099449611025 ], [ -77.432145290091668, 37.605050135239772 ], [ -77.43213701712456, 37.605002049842177 ], [ -77.432120361140363, 37.604955360475756 ], [ -77.432095652261083, 37.604910986516018 ], [ -77.432063376405992, 37.604869802783789 ], [ -77.432024169897375, 37.604832620574236 ], [ -77.432014067139889, 37.60471059421797 ], [ -77.430139930014207, 37.604808749031626 ], [ -77.430151075812702, 37.604943211002208 ] ], [ [ -77.431690047601705, 37.604810170834398 ], [ -77.431744688764226, 37.604810906984454 ], [ -77.431798430939864, 37.604818788765243 ], [ -77.431849810489553, 37.604833600256576 ], [ -77.431897425324564, 37.604854938668247 ], [ -77.431939975583859, 37.604882221013298 ], [ -77.431976300735172, 37.604914703363981 ], [ -77.432005411014458, 37.604951500057247 ], [ -77.432026510887383, 37.604991606431824 ], [ -77.432039024674197, 37.605033928794647 ], [ -77.432042613140851, 37.605077312502935 ], [ -77.432037176437262, 37.605120574429577 ], [ -77.43202286271044, 37.605162534578923 ], [ -77.432000064260961, 37.605202047589941 ], [ -77.431969401203219, 37.605238036831395 ], [ -77.431931709783555, 37.605269519527695 ], [ -77.43188802042836, 37.60529563719895 ], [ -77.43183952233035, 37.605315676969411 ], [ -77.431787540503763, 37.605329092086471 ], [ -77.43173349138641, 37.605335517741544 ], [ -77.430533691891284, 37.605398355713433 ], [ -77.430479049168, 37.605397619896586 ], [ -77.430425303306379, 37.605389738389739 ], [ -77.430373920246907, 37.605374927153932 ], [ -77.430326303237379, 37.605353589014129 ], [ -77.430283751032277, 37.605326306073117 ], [ -77.430247421884005, 37.605293823166683 ], [ -77.430218310068454, 37.605257026024823 ], [ -77.430197206556628, 37.605216919290406 ], [ -77.430184689260201, 37.605174595793429 ], [ -77.430181099622814, 37.605131210207617 ], [ -77.430186532904941, 37.605087945622337 ], [ -77.430200844271752, 37.605045983861203 ], [ -77.430223641406798, 37.605006467570114 ], [ -77.430254302980074, 37.604970476054426 ], [ -77.430291991606779, 37.604938990254148 ], [ -77.430335681373677, 37.604912868663362 ], [ -77.4303841785445, 37.604892824990564 ], [ -77.430436160396752, 37.604879405080986 ], [ -77.430490210493531, 37.604872975521495 ], [ -77.431690047601705, 37.604810170834398 ] ] ] } },
{ "type": "Feature", "properties": { "OBJECTID": 50, "Asset_ID": "RP-ATHCRT-1011", "Parent_Asset_ID": "RP-PARK-43", "Asset_Name": "Pickleball 2", "Asset_Type": "Pickleball", "Location_Description": "East of Four Pickleball Courts", "Asset_Description": "New Pickleball Courts 1-4 of 8", "Install_Date": "2019-11-07T00:00:00Z", "Warranty_Date": null, "Life_Expectancy": null, "Comments": null, "Asset_Owner": "Henrico County Recreation & Parks", "Asset_Maintainer": "Henrico County Recreation & Parks", "Original_Cost": null, "Estimated_Replacement_Cost": null, "Surface_Type": "Asphalt", "Asset_Status": "In Service", "Asset_Operator": "Henrico County Recreation & Parks", "Legacy_ID": null, "created_user": "ZUR", "created_date": "2019-11-01T13:32:52Z", "last_edited_user": "ZUR", "last_edited_date": "2024-01-10T17:11:52Z", "Number_of_Courts": 4, "NRPA_Type": null, "Court_Lighting": "Yes", "ShapeSTArea": 7416.7892801209355, "ShapeSTLength": 366.17917894171887 }, "geometry": { "type": "Polygon", "coordinates": [ [ [ -77.612689043020765, 37.669469650185917 ], [ -77.612684787272883, 37.669303550896068 ], [ -77.61226135848257, 37.669310351258709 ], [ -77.612265579869046, 37.669476497168525 ], [ -77.612689043020765, 37.669469650185917 ] ] ] } },
{ "type": "Feature", "properties": { "OBJECTID": 51, "Asset_ID": "RP-ATHCRT-1012", "Parent_Asset_ID": "RP-PARK-43", "Asset_Name": "Pickleball 3", "Asset_Type": "Pickleball", "Location_Description": "East of Four Pickleball Courts", "Asset_Description": "New Pickleball Courts 5-8 of 8", "Install_Date": "2019-11-07T00:00:00Z", "Warranty_Date": null, "Life_Expectancy": null, "Comments": null, "Asset_Owner": "Henrico County Recreation & Parks", "Asset_Maintainer": "Henrico County Recreation & Parks", "Original_Cost": null, "Estimated_Replacement_Cost": null, "Surface_Type": "Asphalt", "Asset_Status": "In Service", "Asset_Operator": "Henrico County Recreation & Parks", "Legacy_ID": null, "created_user": "ZUR", "created_date": "2019-11-01T13:32:52Z", "last_edited_user": "ZUR", "last_edited_date": "2024-01-10T17:12:12Z", "Number_of_Courts": 4, "NRPA_Type": null, "Court_Lighting": "Yes", "ShapeSTArea": 7346.2197621005316, "ShapeSTLength": 366.7496176282902 }, "geometry": { "type": "Polygon", "coordinates": [ [ [ -77.612679139874473, 37.669084123857047 ], [ -77.612249924979764, 37.669091066556078 ], [ -77.612254080284231, 37.669253405016399 ], [ -77.612683241658587, 37.669246465500073 ], [ -77.612679139874473, 37.669084123857047 ] ] ] } },
{ "type": "Feature", "properties": { "OBJECTID": 52, "Asset_ID": "RP-ATHCRT-1013", "Parent_Asset_ID": "RP-PARK-24", "Asset_Name": "Volleyball", "Asset_Type": "Volleyball", "Location_Description": "East of Last Parking Lot", "Asset_Description": "New Vollleyball Courts", "Install_Date": "2020-02-12T00:00:00Z", "Warranty_Date": null, "Life_Expectancy": null, "Comments": "Nets installed 2/12/2020.", "Asset_Owner": "Henrico County Recreation & Parks", "Asset_Maintainer": "Henrico County Recreation & Parks", "Original_Cost": null, "Estimated_Replacement_Cost": null, "Surface_Type": "Sand", "Asset_Status": "In Service", "Asset_Operator": "Henrico County Recreation & Parks", "Legacy_ID": null, "created_user": "ZUR", "created_date": "2019-11-01T14:13:23Z", "last_edited_user": "ZUR", "last_edited_date": "2021-11-05T18:20:45Z", "Number_of_Courts": 4, "NRPA_Type": null, "Court_Lighting": "No", "ShapeSTArea": 17014.891526266936, "ShapeSTLength": 567.32870022362363 }, "geometry": { "type": "Polygon", "coordinates": [ [ [ -77.596916190150054, 37.678870789313194 ], [ -77.596233977301196, 37.678854613671099 ], [ -77.596225081752436, 37.679091077724024 ], [ -77.596907296749407, 37.679107253416198 ], [ -77.596916190150054, 37.678870789313194 ] ] ] } },
{ "type": "Feature", "properties": { "OBJECTID": 53, "Asset_ID": "RP-ATHCRT-1014", "Parent_Asset_ID": "RP-PARK-1098", "Asset_Name": "Basketball 1, 2, 3 and 4", "Asset_Type": "Basketball", "Location_Description": "East of Parking Lot", "Asset_Description": "Basketball Court 1, 2, 3 and 4", "Install_Date": "2022-06-23T00:00:00Z", "Warranty_Date": null, "Life_Expectancy": null, "Comments": "Dedicated 6/23/2022", "Asset_Owner": "Henrico County Public Schools", "Asset_Maintainer": "Henrico County Recreation & Parks", "Original_Cost": null, "Estimated_Replacement_Cost": null, "Surface_Type": "Asphalt", "Asset_Status": "In Service", "Asset_Operator": "Henrico County Recreation & Parks", "Legacy_ID": null, "created_user": "ZUR", "created_date": "2021-05-18T19:33:58Z", "last_edited_user": "ZUR", "last_edited_date": "2023-08-09T13:02:59Z", "Number_of_Courts": 4, "NRPA_Type": null, "Court_Lighting": "Yes", "ShapeSTArea": 26287.99849171556, "ShapeSTLength": 708.00000444369573 }, "geometry": { "type": "Polygon", "coordinates": [ [ [ -77.360662027912113, 37.546887758418642 ], [ -77.360015219166073, 37.546442025596122 ], [ -77.359775942276414, 37.546662145544317 ], [ -77.360422752629319, 37.54710787966107 ], [ -77.360662027912113, 37.546887758418642 ] ] ] } },
{ "type": "Feature", "properties": { "OBJECTID": 54, "Asset_ID": "RP-ATHCRT-1015", "Parent_Asset_ID": "RP-PARK-24", "Asset_Name": "Badminton 1", "Asset_Type": "Badminton", "Location_Description": "Between Small Shelter and Volleyball Courts", "Asset_Description": "Badminton Court", "Install_Date": null, "Warranty_Date": null, "Life_Expectancy": null, "Comments": "Surface Type is Grass", "Asset_Owner": "Henrico County Recreation & Parks", "Asset_Maintainer": "Henrico County Recreation & Parks", "Original_Cost": null, "Estimated_Replacement_Cost": null, "Surface_Type": "Other", "Asset_Status": "In Service", "Asset_Operator": "Henrico County Recreation & Parks", "Legacy_ID": null, "created_user": "ZUR", "created_date": "2021-11-30T14:13:28Z", "last_edited_user": "ZUR", "last_edited_date": "2022-11-15T16:59:04Z", "Number_of_Courts": 1, "NRPA_Type": null, "Court_Lighting": "No", "ShapeSTArea": 880.00640827185737, "ShapeSTLength": 128.00025141789413 }, "geometry": { "type": "Polygon", "coordinates": [ [ [ -77.596466949095088, 37.678815325920418 ], [ -77.596463663928873, 37.678694517054048 ], [ -77.59639457326638, 37.678695703455524 ], [ -77.596397856054224, 37.678816512306533 ], [ -77.596466949095088, 37.678815325920418 ] ] ] } },
{ "type": "Feature", "properties": { "OBJECTID": 55, "Asset_ID": "RP-ATHCRT-1016", "Parent_Asset_ID": "RP-PARK-24", "Asset_Name": "Badminton 2", "Asset_Type": "Badminton", "Location_Description": "Between Small Shelter and Volleyball Courts", "Asset_Description": "Badminton Court", "Install_Date": null, "Warranty_Date": null, "Life_Expectancy": null, "Comments": "Surface Type is Grass", "Asset_Owner": "Henrico County Recreation & Parks", "Asset_Maintainer": "Henrico County Recreation & Parks", "Original_Cost": null, "Estimated_Replacement_Cost": null, "Surface_Type": "Other", "Asset_Status": "In Service", "Asset_Operator": "Henrico County Recreation & Parks", "Legacy_ID": null, "created_user": "ZUR", "created_date": "2021-11-30T14:13:28Z", "last_edited_user": "ZUR", "last_edited_date": "2022-11-15T16:59:04Z", "Number_of_Courts": 1, "NRPA_Type": null, "Court_Lighting": "No", "ShapeSTArea": 880.01212528472888, "ShapeSTLength": 128.00085060238104 }, "geometry": { "type": "Polygon", "coordinates": [ [ [ -77.596357736081146, 37.678816554885849 ], [ -77.596355335556524, 37.678695731120207 ], [ -77.596286237396882, 37.67869659842777 ], [ -77.596288635564747, 37.678817420375509 ], [ -77.596357736081146, 37.678816554885849 ] ] ] } },
{ "type": "Feature", "properties": { "OBJECTID": 56, "Asset_ID": "RP-ATHCRT-1017", "Parent_Asset_ID": "RP-PARK-1110", "Asset_Name": "Track", "Asset_Type": "Track", "Location_Description": "South of the High School", "Asset_Description": "Track at Turf Field", "Install_Date": null, "Warranty_Date": null, "Life_Expectancy": null, "Comments": null, "Asset_Owner": "Henrico County Public Schools", "Asset_Maintainer": "Henrico County Recreation & Parks", "Original_Cost": null, "Estimated_Replacement_Cost": null, "Surface_Type": "Rubberized Surface", "Asset_Status": "In Service", "Asset_Operator": null, "Legacy_ID": null, "created_user": "ZUR", "created_date": "2022-01-21T16:07:25Z", "last_edited_user": "ZUR", "last_edited_date": "2022-01-21T16:21:10Z", "Number_of_Courts": null, "NRPA_Type": null, "Court_Lighting": null, "ShapeSTArea": 44303.115867457345, "ShapeSTLength": 2859.298995648443 }, "geometry": { "type": "Polygon", "coordinates": [ [ [ -77.326460779794047, 37.536658852811968 ], [ -77.325006082506533, 37.537555765476242 ], [ -77.325083028689008, 37.537634810744038 ], [ -77.325081239895795, 37.537646811193468 ], [ -77.325079974364542, 37.53765885467589 ], [ -77.325079232348955, 37.53767092497371 ], [ -77.325079014060535, 37.537683008572316 ], [ -77.325079320856361, 37.53769509106732 ], [ -77.3250801540933, 37.537707158054268 ], [ -77.325081508353961, 37.537719194160502 ], [ -77.325083386098513, 37.537731186794815 ], [ -77.325085783040905, 37.537743120595614 ], [ -77.325088696012386, 37.537754981113771 ], [ -77.325092124121142, 37.537766753021323 ], [ -77.325096060761908, 37.537778424538381 ], [ -77.32510050164845, 37.537789980303259 ], [ -77.32510544245244, 37.537801407657568 ], [ -77.325110875493408, 37.537812691206064 ], [ -77.325116795297504, 37.537823819179948 ], [ -77.325123196432884, 37.537834777107442 ], [ -77.325130067796678, 37.537845551361741 ], [ -77.325137403900811, 37.537856131074967 ], [ -77.325145194773668, 37.537866502631459 ], [ -77.325153431575131, 37.537876652426753 ], [ -77.325162104305448, 37.537886568647266 ], [ -77.325171204053987, 37.537896242193327 ], [ -77.325180716351525, 37.537905657602536 ], [ -77.325190632273348, 37.537914806676319 ], [ -77.325200940702217, 37.537923676688735 ], [ -77.325211627084343, 37.537932257583186 ], [ -77.325222679142954, 37.537940538424586 ], [ -77.325234084558815, 37.537948510980662 ], [ -77.32524583108335, 37.537956162514298 ], [ -77.325257901815206, 37.537963488352403 ], [ -77.325270283374266, 37.537970475746619 ], [ -77.325282961136153, 37.537977119145246 ], [ -77.325295919401455, 37.537983409381461 ], [ -77.325309144719469, 37.537989338211865 ], [ -77.325322617940103, 37.537994900039912 ], [ -77.325336324467187, 37.538000087511996 ], [ -77.325350248558934, 37.53800489416416 ], [ -77.325364373327957, 37.538009314422389 ], [ -77.32537868188713, 37.538013342712567 ], [ -77.32539315732086, 37.538016975262515 ], [ -77.325407780493052, 37.538020205574824 ], [ -77.32542253556332, 37.538023033492514 ], [ -77.325437404541049, 37.538025451628215 ], [ -77.325452370482552, 37.538027458011946 ], [ -77.325467414139112, 37.538029053353995 ], [ -77.325482518623218, 37.538030232080324 ], [ -77.325497664700251, 37.538030994000344 ], [ -77.325512834266874, 37.538031338934722 ], [ -77.325528010351249, 37.538031266715265 ], [ -77.325543174892374, 37.538030774459692 ], [ -77.325558307453605, 37.538029866471156 ], [ -77.325573392208668, 37.53802854169173 ], [ -77.325588411012063, 37.538026802645057 ], [ -77.325603344600836, 37.538024650942489 ], [ -77.3256181748296, 37.538022089107699 ], [ -77.325632886933008, 37.538019120598889 ], [ -77.325647460516834, 37.538015747016331 ], [ -77.325661878482563, 37.53801197630073 ], [ -77.325676124961689, 37.538007810097177 ], [ -77.325690180635121, 37.538003253621056 ], [ -77.325704031826845, 37.537998313044731 ], [ -77.325717658086333, 37.537992993572459 ], [ -77.325731823214582, 37.537986863025864 ], [ -77.325745711546844, 37.537980341355045 ], [ -77.325759305956481, 37.537973438302664 ], [ -77.325772590448452, 37.537966163622727 ], [ -77.32578554795252, 37.53795852345403 ], [ -77.326734496247823, 37.537372220642297 ], [ -77.326745175687577, 37.537365519313219 ], [ -77.326755576486534, 37.537358544890772 ], [ -77.326765686100629, 37.537351303558779 ], [ -77.326775494220286, 37.537343803325236 ], [ -77.3267849905221, 37.537336053099253 ], [ -77.326794163551128, 37.537328061778723 ], [ -77.326803981971793, 37.537318958560427 ], [ -77.326813400519526, 37.537309591862652 ], [ -77.326822407711433, 37.53729997238532 ], [ -77.326830995416614, 37.53729011356473 ], [ -77.326839153325778, 37.537280023408982 ], [ -77.326846867622791, 37.537269717100401 ], [ -77.326854134744792, 37.537259205417222 ], [ -77.326860943180748, 37.537248500861168 ], [ -77.326867284813986, 37.537237615967676 ], [ -77.326873153790714, 37.537226563294425 ], [ -77.326878540820502, 37.537215358068615 ], [ -77.326883441209304, 37.537204011057099 ], [ -77.326887847943595, 37.537192536608515 ], [ -77.326891757404439, 37.537180949104858 ], [ -77.326895164883496, 37.537169260214135 ], [ -77.32689806449892, 37.53715748429601 ], [ -77.326900453735021, 37.537145637545706 ], [ -77.326902330146297, 37.537133731653547 ], [ -77.326903692362677, 37.537121781924874 ], [ -77.326904535647714, 37.537109801829715 ], [ -77.32690486205361, 37.537097804905059 ], [ -77.326904671341595, 37.537085806467452 ], [ -77.326903962169538, 37.537073820020396 ], [ -77.326902734284687, 37.537061861781424 ], [ -77.32690099091279, 37.5370499425959 ], [ -77.326898735195357, 37.537038078714886 ], [ -77.326895968053037, 37.537026283664204 ], [ -77.326892693800843, 37.537014571003283 ], [ -77.326888914462941, 37.537002956071042 ], [ -77.326884636659301, 37.53699144974636 ], [ -77.3268798646627, 37.536980068291506 ], [ -77.326874602802278, 37.536968824364941 ], [ -77.326868859918633, 37.536957731570723 ], [ -77.326862640354875, 37.536946801666346 ], [ -77.326855951820278, 37.536936048244769 ], [ -77.326848804272785, 37.536925485822216 ], [ -77.326841204346309, 37.536915124376655 ], [ -77.326833160867523, 37.536904978413077 ], [ -77.326824685010124, 37.536895057053187 ], [ -77.326815785614613, 37.536885373901143 ], [ -77.32680647268117, 37.536875940770244 ], [ -77.326796758486623, 37.536866768595374 ], [ -77.326786653073341, 37.536857866486876 ], [ -77.326776170938857, 37.536849248104957 ], [ -77.326765321022052, 37.536840920746911 ], [ -77.326754118994103, 37.536832895381082 ], [ -77.326742576014524, 37.53682518203005 ], [ -77.326730707796585, 37.536817788959404 ], [ -77.326718526645266, 37.536810725301869 ], [ -77.326706049391248, 37.536804000235172 ], [ -77.326693287264192, 37.536797619276967 ], [ -77.326680258212122, 37.536791592517211 ], [ -77.326666975727491, 37.536785925495963 ], [ -77.326653455523584, 37.536780626478752 ], [ -77.326639715632666, 37.536775700149555 ], [ -77.326625771781934, 37.536771153872913 ], [ -77.326611638637445, 37.536766990497235 ], [ -77.326597335306701, 37.536763218321674 ], [ -77.3265828764698, 37.536759839293651 ], [ -77.326568281290349, 37.53675685810844 ], [ -77.32655356555172, 37.536754278526729 ], [ -77.326460779794047, 37.536658852811968 ] ], [ [ -77.32631917162432, 37.53685710653167 ], [ -77.326324377052217, 37.536855071987141 ], [ -77.326334954320757, 37.536851288396399 ], [ -77.326345689927237, 37.536847800136066 ], [ -77.326356571397952, 37.536844608884827 ], [ -77.3263675850434, 37.536841721716009 ], [ -77.32637871730067, 37.536839137594214 ], [ -77.326389954480376, 37.536836863592754 ], [ -77.326401285240266, 37.536834901401583 ], [ -77.326412693726425, 37.536833251764847 ], [ -77.326424168554567, 37.536831919075304 ], [ -77.326435692767504, 37.536830902264093 ], [ -77.326447254994875, 37.536830204822962 ], [ -77.326458841659786, 37.536829826617563 ], [ -77.326470436908451, 37.536829768392032 ], [ -77.326482027149879, 37.536830030912981 ], [ -77.326493598849311, 37.536830611342992 ], [ -77.3265051384017, 37.536831511349668 ], [ -77.326516633375647, 37.53683272990888 ], [ -77.326528067987667, 37.536834263259848 ], [ -77.326539427515272, 37.536836112158049 ], [ -77.326550701818093, 37.536838273799724 ], [ -77.326561872849723, 37.536840744401815 ], [ -77.32657293271842, 37.536843522083991 ], [ -77.326583862246494, 37.536846603052012 ], [ -77.326594652424731, 37.536849984513331 ], [ -77.32660528977479, 37.536853660026829 ], [ -77.326615760733588, 37.536857628557172 ], [ -77.32662605185088, 37.536861881861164 ], [ -77.326636150709206, 37.536866418013766 ], [ -77.326646048383751, 37.536871228816608 ], [ -77.326655730222413, 37.536876310520292 ], [ -77.326665183892032, 37.536881655793856 ], [ -77.326674400425773, 37.536887259141885 ], [ -77.326683368621914, 37.536893113244673 ], [ -77.326692075015828, 37.536899210760062 ], [ -77.326700510654675, 37.536905545291638 ], [ -77.326708667745081, 37.53691210865238 ], [ -77.326716532822374, 37.536918893500157 ], [ -77.326724098107363, 37.536925890746751 ], [ -77.326731354660964, 37.536933093094923 ], [ -77.326738294717956, 37.536940490555551 ], [ -77.326744907090614, 37.536948074907983 ], [ -77.326751186262427, 37.53695583708646 ], [ -77.326757124425797, 37.536963769804885 ], [ -77.326762712740233, 37.536971859459065 ], [ -77.326767946792472, 37.53698009879642 ], [ -77.326772817685637, 37.536988477816742 ], [ -77.326777322180106, 37.536996986575673 ], [ -77.326781453670051, 37.537005613293367 ], [ -77.326785207756146, 37.537014349816332 ], [ -77.32678858008137, 37.53702318528812 ], [ -77.326791565185331, 37.537032107039025 ], [ -77.326794159800215, 37.537041106926758 ], [ -77.3267963630053, 37.53705017142547 ], [ -77.326798169255866, 37.537059293271433 ], [ -77.32679957764536, 37.537068458037808 ], [ -77.326800586051334, 37.537077656692432 ], [ -77.326801194642471, 37.537086878423629 ], [ -77.326801401352569, 37.537096110595336 ], [ -77.326801206350197, 37.537105342395826 ], [ -77.326800608658516, 37.537114563903152 ], [ -77.326799611868523, 37.537123762537263 ], [ -77.326798214989196, 37.537132929277178 ], [ -77.326796420480122, 37.537142051531639 ], [ -77.326794228509968, 37.537151118488886 ], [ -77.326791644890292, 37.537160120294082 ], [ -77.326788670935343, 37.537169045245818 ], [ -77.326785310207882, 37.537177882565913 ], [ -77.32678156740225, 37.537186621487294 ], [ -77.326777447198751, 37.537195252144144 ], [ -77.326772953146261, 37.537203764659182 ], [ -77.32676809108456, 37.537212147375691 ], [ -77.326762867942819, 37.537220391351049 ], [ -77.32675728841528, 37.537228485818247 ], [ -77.326751361708077, 37.53723642095617 ], [ -77.326745091341934, 37.537244188689478 ], [ -77.326738488785736, 37.53725177921941 ], [ -77.326731557602471, 37.537259181767809 ], [ -77.326724311467714, 37.537266390162088 ], [ -77.326716753944467, 37.537273393624119 ], [ -77.326709793815041, 37.537279460431598 ], [ -77.326702587638977, 37.537285340975878 ], [ -77.326695142275156, 37.537291030819198 ], [ -77.326687466901546, 37.537296521942316 ], [ -77.326679568391157, 37.537301809006507 ], [ -77.32667145586575, 37.537306887596458 ], [ -77.325722345648899, 37.537893290130853 ], [ -77.325712384074592, 37.537899156837909 ], [ -77.325702173335344, 37.537904747136857 ], [ -77.325691725989671, 37.537910053943015 ], [ -77.325681056873009, 37.537915069293341 ], [ -77.325670176224719, 37.537919789684757 ], [ -77.325659756345388, 37.537923845110846 ], [ -77.325649164450681, 37.537927611376197 ], [ -77.32563841643703, 37.537931085033698 ], [ -77.325627523745737, 37.537934258086658 ], [ -77.325616499939983, 37.537937131570501 ], [ -77.325605357578382, 37.537939698400706 ], [ -77.325594111397905, 37.53794195692096 ], [ -77.325582771623843, 37.537943904529214 ], [ -77.325571356401511, 37.537945538701855 ], [ -77.325559875942247, 37.537946857737808 ], [ -77.325548346128514, 37.537947859091013 ], [ -77.325536777157495, 37.537948541961384 ], [ -77.325525187146425, 37.537948905627331 ], [ -77.325513588527159, 37.53794895111313 ], [ -77.325501994919364, 37.537948675850274 ], [ -77.325490419858269, 37.537948082676301 ], [ -77.325478876935293, 37.537947170824758 ], [ -77.325467381990777, 37.537945940452552 ], [ -77.325455945165558, 37.537944394363556 ], [ -77.325444584520483, 37.537942535440081 ], [ -77.325433310238708, 37.537940363782958 ], [ -77.325422136958721, 37.537937884042947 ], [ -77.325411078257829, 37.537935096354531 ], [ -77.32540014762894, 37.537932006258195 ], [ -77.325389357461674, 37.5379286174811 ], [ -77.325378721277161, 37.537924933761836 ], [ -77.325368251479034, 37.537920957926573 ], [ -77.325357960400567, 37.537916697306599 ], [ -77.325347860445419, 37.537912154728126 ], [ -77.325337963946922, 37.537907337522363 ], [ -77.32532828328047, 37.537902250317572 ], [ -77.32531882739913, 37.537896899510343 ], [ -77.325309612044464, 37.537891291564513 ], [ -77.325300643892604, 37.537885433755193 ], [ -77.325291936436273, 37.537879331622868 ], [ -77.325283498600257, 37.537872993366044 ], [ -77.325275342717774, 37.537866426315944 ], [ -77.325267476582212, 37.53785963865991 ], [ -77.325259909118245, 37.537852638596426 ], [ -77.325252649250686, 37.537845434324048 ], [ -77.325245708167117, 37.537838034063789 ], [ -77.325239093632746, 37.537830447804851 ], [ -77.325232811191952, 37.537822682811189 ], [ -77.32522686972726, 37.537814749984335 ], [ -77.325221277017874, 37.537806658412435 ], [ -77.325216038580038, 37.537798417161468 ], [ -77.325211162164791, 37.537790037121738 ], [ -77.325206652156936, 37.537781527347725 ], [ -77.325202514044634, 37.537772898707374 ], [ -77.325198753330085, 37.53776416116753 ], [ -77.325195374369841, 37.537755325584683 ], [ -77.325192381534706, 37.537746401914561 ], [ -77.325189778063944, 37.537737400101541 ], [ -77.325187566009149, 37.537728333682672 ], [ -77.325185750900502, 37.537719210822885 ], [ -77.325184331409403, 37.53771004412458 ], [ -77.325183311906528, 37.537700843543419 ], [ -77.325182693354151, 37.537691619902276 ], [ -77.325182475569108, 37.53768238491395 ], [ -77.325182658382275, 37.537673149389995 ], [ -77.325183242741943, 37.53766392505451 ], [ -77.325184227361518, 37.53765472180681 ], [ -77.325185610940537, 37.537645550447571 ], [ -77.325187392136201, 37.537636424480077 ], [ -77.325189568558727, 37.537627351990672 ], [ -77.325192137762087, 37.537618344669688 ], [ -77.325195096168827, 37.537609414196055 ], [ -77.325198442506547, 37.537600569568333 ], [ -77.325202169789364, 37.537591823332882 ], [ -77.325206274482099, 37.537583184465852 ], [ -77.325210751875858, 37.53757466463491 ], [ -77.325215597318063, 37.537566271904019 ], [ -77.325220804954256, 37.537558018830723 ], [ -77.325226366737738, 37.537549913445297 ], [ -77.325232277987752, 37.537541965613606 ], [ -77.325238530615167, 37.537534186068712 ], [ -77.325245116559159, 37.537526583741922 ], [ -77.325252030035784, 37.537519166685854 ], [ -77.325259261824598, 37.537511945622541 ], [ -77.325266801630022, 37.537504927658766 ], [ -77.325273779051273, 37.53749884939181 ], [ -77.325280987988478, 37.537492945531703 ], [ -77.325288422700055, 37.53748722142825 ], [ -77.325296075167401, 37.537481683309792 ], [ -77.325303938531533, 37.537476335613739 ], [ -77.325312005933469, 37.537471182777871 ], [ -77.326261802147513, 37.536885573356656 ], [ -77.326270057198244, 37.536880642186333 ], [ -77.326278498044289, 37.536875914704886 ], [ -77.326287117798671, 37.536871397152019 ], [ -77.326295907353781, 37.536867093041892 ], [ -77.326304860996274, 37.536863005922328 ], [ -77.326313967327536, 37.536859141087163 ], [ -77.32631917162432, 37.53685710653167 ] ] ] } },
{ "type": "Feature", "properties": { "OBJECTID": 57, "Asset_ID": "RP-ATHCRT-1018", "Parent_Asset_ID": "RP-PARK-1109", "Asset_Name": "Track", "Asset_Type": "Track", "Location_Description": "West of High School, Turf Field", "Asset_Description": "Track at Turf Field", "Install_Date": null, "Warranty_Date": null, "Life_Expectancy": null, "Comments": null, "Asset_Owner": "Henrico County Public Schools", "Asset_Maintainer": "Henrico County Recreation & Parks", "Original_Cost": null, "Estimated_Replacement_Cost": null, "Surface_Type": "Rubberized Surface", "Asset_Status": "In Service", "Asset_Operator": "Henrico County Public Schools", "Legacy_ID": "16005", "created_user": "ZUR", "created_date": "2022-01-25T15:05:11Z", "last_edited_user": "ZUR", "last_edited_date": "2022-01-25T15:05:11Z", "Number_of_Courts": null, "NRPA_Type": null, "Court_Lighting": "Yes", "ShapeSTArea": 44325.919321638547, "ShapeSTLength": 2848.7354259995868 }, "geometry": { "type": "Polygon", "coordinates": [ [ [ -77.601062991708844, 37.675609052249342 ], [ -77.601210741473722, 37.675589496601873 ], [ -77.601224131566468, 37.675596078329299 ], [ -77.601237799304414, 37.675602290019825 ], [ -77.601251727770517, 37.67560812433701 ], [ -77.601265901192008, 37.675613573051812 ], [ -77.601280301496715, 37.675618630621145 ], [ -77.601294912879482, 37.675623291518917 ], [ -77.601309717278838, 37.675627549300977 ], [ -77.601324697745198, 37.675631399333767 ], [ -77.601339836195635, 37.675634836975163 ], [ -77.601355114536133, 37.675637858483903 ], [ -77.601370514683595, 37.675640459217803 ], [ -77.601386018522618, 37.675642637237772 ], [ -77.601401606814917, 37.675644389694945 ], [ -77.601417262578565, 37.6756457146587 ], [ -77.601432966564417, 37.675646610181346 ], [ -77.60144869952353, 37.675647074315016 ], [ -77.601464443297132, 37.675647108724526 ], [ -77.601480179769766, 37.675646711470691 ], [ -77.601495889649229, 37.675645884209651 ], [ -77.601511553664864, 37.675644626795602 ], [ -77.60152715478074, 37.67564294180297 ], [ -77.6015426725819, 37.675640829978313 ], [ -77.601558090010911, 37.675638295697951 ], [ -77.601573388919917, 37.675635339725709 ], [ -77.601588551107056, 37.675631967330247 ], [ -77.601603557258642, 37.675628181969834 ], [ -77.601618390317284, 37.675623988020661 ], [ -77.601633033214654, 37.675619390760161 ], [ -77.601647468882703, 37.675614395465509 ], [ -77.60166167911963, 37.675609007405562 ], [ -77.601675646835744, 37.67560323365953 ], [ -77.6016893560748, 37.675597081315274 ], [ -77.601702792025137, 37.675590556568288 ], [ -77.601715935308292, 37.675583668282648 ], [ -77.601728773358062, 37.67557642447283 ], [ -77.601741290196799, 37.675568834028766 ], [ -77.601753469857641, 37.675560904939275 ], [ -77.601765299752813, 37.675552647020872 ], [ -77.601776763894051, 37.67554407006439 ], [ -77.60178785081628, 37.675535184795841 ], [ -77.601798544531206, 37.675526001006119 ], [ -77.601808834696669, 37.675516530330775 ], [ -77.601818708725077, 37.67550678258641 ], [ -77.601828153985636, 37.675496771193359 ], [ -77.601837160147099, 37.675486506886351 ], [ -77.60184571572303, 37.675476002193442 ], [ -77.601853811494166, 37.675465269659675 ], [ -77.601861438241272, 37.675454321830344 ], [ -77.601868584467283, 37.675443172134337 ], [ -77.601875244353522, 37.675431833142625 ], [ -77.601881408670124, 37.675420318301214 ], [ -77.601887070454126, 37.675408641073496 ], [ -77.601892222721148, 37.675396816724614 ], [ -77.60189685965274, 37.675384857825485 ], [ -77.601900975397967, 37.675372779649827 ], [ -77.601904565261151, 37.675360595678043 ], [ -77.601907625669341, 37.675348320300053 ], [ -77.601910151905273, 37.675335968798251 ], [ -77.601912141529581, 37.675323555571033 ], [ -77.601913593236404, 37.675311095025499 ], [ -77.601914502319275, 37.675298601542984 ], [ -77.601914870851502, 37.675286091358196 ], [ -77.601914696393635, 37.675273578869607 ], [ -77.601913979917811, 37.675261077600382 ], [ -77.601912722363707, 37.675248603776616 ], [ -77.601910924692547, 37.675236171822519 ], [ -77.60190859013278, 37.675223796179296 ], [ -77.601720838769893, 37.674335205865795 ], [ -77.601717933681599, 37.674322766430592 ], [ -77.601714484532707, 37.674310414788103 ], [ -77.601710495674169, 37.674298166289191 ], [ -77.601705972601408, 37.674286035392193 ], [ -77.601700921943163, 37.674274036564178 ], [ -77.601695348050498, 37.674262185155868 ], [ -77.601689257552096, 37.674250495634276 ], [ -77.601682659354751, 37.674238981582526 ], [ -77.601675560087074, 37.67422765746764 ], [ -77.601667969800161, 37.674216535980229 ], [ -77.601659896256166, 37.674205631595953 ], [ -77.601651349495228, 37.674194957906415 ], [ -77.601642340712573, 37.674184526709951 ], [ -77.601632879948127, 37.674174351598275 ], [ -77.601622979530731, 37.674164444378277 ], [ -77.601612650655383, 37.674154816848286 ], [ -77.601601906773453, 37.674145481724651 ], [ -77.601590759101626, 37.674136449003804 ], [ -77.601579223369086, 37.674127730518379 ], [ -77.601567313048676, 37.674119337182823 ], [ -77.601555041634811, 37.674111278109692 ], [ -77.60154242486739, 37.674103564230606 ], [ -77.601529477385057, 37.674096203765707 ], [ -77.601516214949342, 37.674089205844716 ], [ -77.601502654444303, 37.674082580506919 ], [ -77.601488811674443, 37.674076333278066 ], [ -77.60147470353472, 37.67407047329651 ], [ -77.601460348075008, 37.674065007907146 ], [ -77.601445761089053, 37.674059943536712 ], [ -77.601430960659144, 37.674055284827297 ], [ -77.601415965957926, 37.674051040033348 ], [ -77.601400793955776, 37.674047211986398 ], [ -77.601385462724082, 37.674043806229434 ], [ -77.601369992612121, 37.674040827421678 ], [ -77.601354400590211, 37.67403827839459 ], [ -77.601338707029257, 37.674036162005564 ], [ -77.601322930022249, 37.674034481995506 ], [ -77.601307088828051, 37.674033239411365 ], [ -77.601291202683939, 37.674032437101722 ], [ -77.601275292014734, 37.674032073419056 ], [ -77.601259373790683, 37.674032151194965 ], [ -77.60124346955935, 37.674032669691393 ], [ -77.601227596334084, 37.674033628136115 ], [ -77.601211775662449, 37.674035025791106 ], [ -77.60119602571298, 37.674036860090702 ], [ -77.601180365787656, 37.674039128477901 ], [ -77.601164815167067, 37.674041830197517 ], [ -77.601149392052193, 37.674044959981067 ], [ -77.601134115744969, 37.674048515271473 ], [ -77.601119003312888, 37.674052490791681 ], [ -77.601104075202443, 37.674056883092206 ], [ -77.601089348502612, 37.67406168509401 ], [ -77.601074841403602, 37.674066892429657 ], [ -77.601060569860962, 37.674072498011462 ], [ -77.60104655436443, 37.674078494786102 ], [ -77.601032808591668, 37.674084876549855 ], [ -77.601019351920414, 37.67409163443893 ], [ -77.601006199172915, 37.674098761357193 ], [ -77.600993366337008, 37.674106247514047 ], [ -77.600980870512856, 37.67411408492962 ], [ -77.600968724298596, 37.674122262886634 ], [ -77.600956944805176, 37.674130772504157 ], [ -77.600945544630846, 37.674139603064958 ], [ -77.600934538651856, 37.674148742968093 ], [ -77.600923939444939, 37.674158183298317 ], [ -77.600913759640861, 37.674167910635362 ], [ -77.600763407120766, 37.674187876898721 ], [ -77.601062991708844, 37.675609052249342 ] ], [ [ -77.601141428925004, 37.675409306794585 ], [ -77.601138673464618, 37.675404916717717 ], [ -77.601138065772531, 37.675403880408879 ], [ -77.601135676340945, 37.675399691334547 ], [ -77.601133314881366, 37.675395533107753 ], [ -77.601133051756818, 37.675395069775455 ], [ -77.601130799279488, 37.675390709635707 ], [ -77.601128827826386, 37.675386927397874 ], [ -77.601128635467788, 37.675386518664524 ], [ -77.601128432713054, 37.675386126071494 ], [ -77.601124509896295, 37.675377736379957 ], [ -77.601124209634222, 37.675377061018267 ], [ -77.601120588945903, 37.675368433932185 ], [ -77.601120373300773, 37.675367887160903 ], [ -77.601117079614085, 37.675359028274777 ], [ -77.601116936073737, 37.6753586136035 ], [ -77.601113985161064, 37.67534953114631 ], [ -77.601113901213211, 37.675349252084516 ], [ -77.601111311124825, 37.675339953401334 ], [ -77.601111275412435, 37.675339811665168 ], [ -77.601109058498494, 37.675330306761133 ], [ -77.600921443703356, 37.674441681932741 ], [ -77.600919643505136, 37.674432125212697 ], [ -77.600919620283932, 37.674431981768869 ], [ -77.6009182564638, 37.674422525666309 ], [ -77.600918224778979, 37.674422237088258 ], [ -77.600917290395259, 37.674412893264432 ], [ -77.600917255914453, 37.674412459595104 ], [ -77.60091673835781, 37.674403239668237 ], [ -77.600916719217508, 37.67440266104488 ], [ -77.600916604734195, 37.674393577525734 ], [ -77.600916611146999, 37.674392853124637 ], [ -77.600916736333673, 37.67438883896321 ], [ -77.60091693494148, 37.674383049374676 ], [ -77.60091722779363, 37.674379139202976 ], [ -77.600917641588751, 37.674373745005255 ], [ -77.60091815979797, 37.674369286894873 ], [ -77.600918714204639, 37.674364646144006 ], [ -77.600918860614158, 37.674363496602808 ], [ -77.600922505280892, 37.6743440992107 ], [ -77.60092496480928, 37.674334487334356 ], [ -77.600927844013484, 37.674324950719416 ], [ -77.600931140507441, 37.674315499259492 ], [ -77.600934849616664, 37.674306144632894 ], [ -77.60093896778919, 37.674296899427397 ], [ -77.60094348923846, 37.674287773510848 ], [ -77.600948408156484, 37.674278778552996 ], [ -77.600953718745828, 37.674269925322541 ], [ -77.600959415198432, 37.674261225489246 ], [ -77.600965490594291, 37.674252688912311 ], [ -77.600971936879802, 37.674244325442295 ], [ -77.600978745990716, 37.674236145830761 ], [ -77.600985909862615, 37.674228160829315 ], [ -77.600993420463624, 37.674220378486659 ], [ -77.601001268595994, 37.674212809545743 ], [ -77.601009443949906, 37.674205462939021 ], [ -77.601017936215598, 37.674198347598967 ], [ -77.601026736216923, 37.674191472466646 ], [ -77.601035832532276, 37.674184844663969 ], [ -77.601045213707579, 37.674178474015754 ], [ -77.601054869454728, 37.674172367652595 ], [ -77.601064787218618, 37.67416653268787 ], [ -77.601074955588501, 37.674160975342453 ], [ -77.601085361987558, 37.674155704531756 ], [ -77.60109599274891, 37.674150725558547 ], [ -77.601106835338896, 37.674146043734275 ], [ -77.601117877202583, 37.674141666172332 ], [ -77.601129104683679, 37.674137597274523 ], [ -77.601140504115236, 37.674133842343771 ], [ -77.601152061841006, 37.674130405781938 ], [ -77.601163763071384, 37.67412729198233 ], [ -77.601175593027406, 37.674124504437259 ], [ -77.601187539197198, 37.674122046656286 ], [ -77.601199585668425, 37.67411992212309 ], [ -77.601211717683697, 37.674118132528186 ], [ -77.601223921597779, 37.67411668137246 ], [ -77.601236181541253, 37.674115568535782 ], [ -77.601248482735471, 37.674114797510526 ], [ -77.601260809321914, 37.674114367275664 ], [ -77.601273148810279, 37.674114279538713 ], [ -77.601285484197916, 37.674114534171061 ], [ -77.601297800759852, 37.674115130160239 ], [ -77.60131008374961, 37.674116068295632 ], [ -77.601322317330386, 37.674117345754333 ], [ -77.601334487899976, 37.674118962433425 ], [ -77.60134658075502, 37.674120915518508 ], [ -77.601358580047929, 37.674123203087511 ], [ -77.601370471086085, 37.674125821425122 ], [ -77.601382240288899, 37.674128768626531 ], [ -77.601393872974555, 37.674132040075314 ], [ -77.601405355584049, 37.674135632064754 ], [ -77.601416672291265, 37.674139540870961 ], [ -77.601427811825829, 37.674143761002291 ], [ -77.601438758372282, 37.674148287833908 ], [ -77.601449499537509, 37.674153114964689 ], [ -77.60146002178395, 37.674158236885908 ], [ -77.601470313841176, 37.674163648106024 ], [ -77.601480361059657, 37.674169341305799 ], [ -77.601490153313208, 37.674175310101361 ], [ -77.601499677096669, 37.674181546280998 ], [ -77.601508921161056, 37.674188042551243 ], [ -77.601517874246611, 37.674194792519643 ], [ -77.601526526281063, 37.674201785297292 ], [ -77.601534864871141, 37.674209014483139 ], [ -77.60154288105646, 37.67421647099895 ], [ -77.601550565887393, 37.674224144865391 ], [ -77.601557909269999, 37.674232026995597 ], [ -77.601564901110436, 37.674240108302719 ], [ -77.601571534736877, 37.674248377923725 ], [ -77.601577801178081, 37.674256827681212 ], [ -77.601583692650294, 37.674265444901629 ], [ -77.601589201315818, 37.674274221416255 ], [ -77.60158949558469, 37.674274734541456 ], [ -77.601589772321248, 37.674275197074799 ], [ -77.601592188472452, 37.674279425989916 ], [ -77.601594322791414, 37.67428314457711 ], [ -77.601594553290624, 37.674283586937449 ], [ -77.601594794218116, 37.674284010454507 ], [ -77.601597074444925, 37.674288419453738 ], [ -77.60159904016038, 37.674292207047841 ], [ -77.601599412051385, 37.674292959540175 ], [ -77.601603367219155, 37.674301392713843 ], [ -77.601603648696582, 37.674302027384933 ], [ -77.60160728707244, 37.674310692436862 ], [ -77.601607490648306, 37.674311205777016 ], [ -77.601610796459795, 37.674320094478432 ], [ -77.601610936913147, 37.674320482995249 ], [ -77.601613892099124, 37.674329588902175 ], [ -77.601613971718564, 37.674329850810899 ], [ -77.601616568473773, 37.67433916305162 ], [ -77.601616603171749, 37.674339294868396 ], [ -77.601618823456533, 37.674348805196971 ], [ -77.601806576841057, 37.67523741281282 ], [ -77.601808376113524, 37.675246963202014 ], [ -77.601808401495887, 37.675247115672541 ], [ -77.60180976333784, 37.675256558231048 ], [ -77.601809800500078, 37.675256863069229 ], [ -77.601810734141552, 37.675266184351024 ], [ -77.601810770593019, 37.675266643264415 ], [ -77.601811288642978, 37.675275831651156 ], [ -77.601811309647601, 37.675276444528428 ], [ -77.601811425859495, 37.675285487509242 ], [ -77.601811418937501, 37.67528625515709 ], [ -77.601811121052506, 37.675295608573975 ], [ -77.601811106548368, 37.675296062596793 ], [ -77.601810798907124, 37.675300075378011 ], [ -77.601810459124366, 37.67530478443279 ], [ -77.601810395878829, 37.675305332697931 ], [ -77.601810355616976, 37.675305855006215 ], [ -77.601809879983264, 37.675309790828209 ], [ -77.601809313468507, 37.675314405359522 ], [ -77.601809174218246, 37.675315620732746 ], [ -77.601807604916587, 37.675325118615078 ], [ -77.601807565892827, 37.675325348089352 ], [ -77.601805578754309, 37.675334805868467 ], [ -77.601805531925123, 37.675335024471039 ], [ -77.601803119900197, 37.675344462817812 ], [ -77.601803073577926, 37.675344639074588 ], [ -77.601800242722433, 37.675354025596796 ], [ -77.601800195536271, 37.675354179320621 ], [ -77.601796900207319, 37.675363633513534 ], [ -77.601796708481473, 37.675364118634128 ], [ -77.601793191120947, 37.675372990867452 ], [ -77.601793097934973, 37.67537319920784 ], [ -77.601789102045146, 37.675382176849915 ], [ -77.601789074074262, 37.675382240613381 ], [ -77.601784715284438, 37.675391039804801 ], [ -77.601784552629468, 37.6753913692624 ], [ -77.601779632572914, 37.675400366946604 ], [ -77.601774347424396, 37.675409179856047 ], [ -77.601774320835077, 37.675409222905699 ], [ -77.601768645149562, 37.675417893197597 ], [ -77.601768623223904, 37.675417925469759 ], [ -77.601762591568587, 37.675426406550514 ], [ -77.601762547781917, 37.675426465689092 ], [ -77.601756133696881, 37.67543478979659 ], [ -77.601756100317033, 37.675434831893789 ], [ -77.601749316454558, 37.675442983805631 ], [ -77.601749290016201, 37.675443014241665 ], [ -77.601742126077184, 37.675451001989444 ], [ -77.6017346142647, 37.675458787071314 ], [ -77.601734200232301, 37.675459186712153 ], [ -77.601726764899311, 37.675466359653534 ], [ -77.601726571237094, 37.675466532993802 ], [ -77.601718635305645, 37.675473666106271 ], [ -77.601718588312352, 37.675473709001579 ], [ -77.601710392567341, 37.675480575237863 ], [ -77.601710093680126, 37.675480826174137 ], [ -77.601701860025386, 37.675487260517038 ], [ -77.601701290157152, 37.67548770403193 ], [ -77.601692304656936, 37.67549425252821 ], [ -77.601692191453978, 37.675494333668169 ], [ -77.601683002158694, 37.675500576065197 ], [ -77.601682807869665, 37.675500707050979 ], [ -77.601673403292722, 37.675506655876731 ], [ -77.601673148569674, 37.675506816140242 ], [ -77.601663548046318, 37.675512466134471 ], [ -77.601663228387224, 37.675512652938544 ], [ -77.601653440996657, 37.67551800326887 ], [ -77.601653057589104, 37.67551821211709 ], [ -77.601643059354259, 37.675523277019046 ], [ -77.601642648752261, 37.675523484760483 ], [ -77.601641765202984, 37.675523899771811 ], [ -77.601632448752355, 37.675528263401546 ], [ -77.601632014399698, 37.675528466458026 ], [ -77.601631430937218, 37.67552871974685 ], [ -77.601621570477789, 37.675532976540424 ], [ -77.601621168231276, 37.675533149203822 ], [ -77.601620899397489, 37.675533257099204 ], [ -77.601610176305712, 37.675537507366762 ], [ -77.601610122769941, 37.675537528587157 ], [ -77.601599276516737, 37.675541460750274 ], [ -77.601598892816824, 37.675541599313732 ], [ -77.601588213622492, 37.675545118253545 ], [ -77.601587489782887, 37.675545355162321 ], [ -77.601577000146037, 37.675548475465952 ], [ -77.601575928447616, 37.675548792640512 ], [ -77.601565653144718, 37.675551528011233 ], [ -77.601564225857558, 37.675551908272929 ], [ -77.601563201551642, 37.675552149216095 ], [ -77.601554181697793, 37.67555427505696 ], [ -77.601552391145987, 37.675554696722351 ], [ -77.601551312656127, 37.675554918333304 ], [ -77.601541532350709, 37.675556930293865 ], [ -77.601540441359361, 37.675557154513378 ], [ -77.601539427999654, 37.675557333366243 ], [ -77.601538717966619, 37.675557458648186 ], [ -77.601529626143119, 37.675559062231095 ], [ -77.601528391255627, 37.675559279955536 ], [ -77.601527340769223, 37.675559435099984 ], [ -77.601527010291264, 37.675559483960193 ], [ -77.601517687663986, 37.675560859630977 ], [ -77.601516255603471, 37.675561070457363 ], [ -77.601515223642167, 37.675561193303821 ], [ -77.601505615854762, 37.675562336145958 ], [ -77.601504046947539, 37.675562519806348 ], [ -77.601503370521002, 37.67556258407047 ], [ -77.601493485670233, 37.675563480629386 ], [ -77.601491783349275, 37.675563634446476 ], [ -77.601491463418455, 37.675563654552569 ], [ -77.60148131640247, 37.675564291424955 ], [ -77.601479479642208, 37.675564406380474 ], [ -77.601477617403646, 37.675564471585055 ], [ -77.601469133000535, 37.675564767820418 ], [ -77.601467148284627, 37.675564836603563 ], [ -77.601465110939259, 37.675564850925142 ], [ -77.601455568165889, 37.675564919294764 ], [ -77.601454805157275, 37.675564924334886 ], [ -77.601451575046951, 37.675564857547869 ], [ -77.601443590438947, 37.675564692617485 ], [ -77.601442466129981, 37.675564669694523 ], [ -77.601439600784772, 37.67556453087915 ], [ -77.601431629033101, 37.675564144385284 ], [ -77.601430145939091, 37.675564072793875 ], [ -77.601427647388746, 37.67556388178884 ], [ -77.601419697561909, 37.675563273800208 ], [ -77.601417859320918, 37.675563133744532 ], [ -77.601415729584389, 37.675562911289447 ], [ -77.601407809595713, 37.675562083667984 ], [ -77.601405620979349, 37.675561855360868 ], [ -77.601403857552171, 37.675561621260165 ], [ -77.601395978726515, 37.675560574992545 ], [ -77.601395904020166, 37.675560565416752 ], [ -77.601393446773585, 37.675560238663977 ], [ -77.601392048284779, 37.6755600127305 ], [ -77.601384219690658, 37.675558747885489 ], [ -77.601384095226749, 37.675558728021592 ], [ -77.601381350295483, 37.675558284657704 ], [ -77.6013764290105, 37.675557346366205 ], [ -77.601372544914071, 37.675556606044985 ], [ -77.601372294949883, 37.675556558199858 ], [ -77.60136934738253, 37.675555996165173 ], [ -77.601364817917101, 37.67555499866485 ], [ -77.601360969122297, 37.675554150483578 ], [ -77.601360650270536, 37.675554080491807 ], [ -77.601357452738696, 37.675553376000721 ], [ -77.60135331371113, 37.675552340005567 ], [ -77.60134950473055, 37.675551385800489 ], [ -77.601349120445875, 37.675551289182991 ], [ -77.601345679923597, 37.6755504278713 ], [ -77.601341928829271, 37.675549373185611 ], [ -77.601338164186444, 37.675548313892008 ], [ -77.601334043641032, 37.675547154591293 ], [ -77.601330676841982, 37.675546101010937 ], [ -77.601326961049551, 37.675544938465144 ], [ -77.601322558573401, 37.675543560777164 ], [ -77.601319570164463, 37.675542528080747 ], [ -77.601315907745828, 37.675541263218022 ], [ -77.601308622345357, 37.675538659002875 ], [ -77.60130501554616, 37.675537293642357 ], [ -77.601300096288739, 37.67553542907693 ], [ -77.601294301410718, 37.675533033470778 ], [ -77.601289146169208, 37.675530900406535 ], [ -77.601283774375631, 37.675528485474842 ], [ -77.601278402582381, 37.675526070542908 ], [ -77.601267876777442, 37.675520946779784 ], [ -77.601257582313977, 37.675515532823937 ], [ -77.601247531553071, 37.675509837779643 ], [ -77.601237738043466, 37.675503866254715 ], [ -77.601228211879231, 37.675497627336171 ], [ -77.601218965443081, 37.675491128326222 ], [ -77.601210011117757, 37.675484376527109 ], [ -77.601201357874487, 37.67547738011627 ], [ -77.601193016940869, 37.675470148189326 ], [ -77.601184998421701, 37.675462688932306 ], [ -77.601177313533711, 37.675455012341779 ], [ -77.601169968980955, 37.675447126578092 ], [ -77.601162975969416, 37.675439042538763 ], [ -77.60115634232595, 37.675430769293662 ], [ -77.601150074733027, 37.675422316805033 ], [ -77.601144183262932, 37.675413695961801 ], [ -77.601141428925004, 37.675409306794585 ] ] ] } },
{ "type": "Feature", "properties": { "OBJECTID": 58, "Asset_ID": "RP-ATHCRT-1019", "Parent_Asset_ID": "RP-PARK-1004", "Asset_Name": "Track", "Asset_Type": "Track", "Location_Description": "Northwest of High School, Turf Field", "Asset_Description": "Track at Turf Field", "Install_Date": null, "Warranty_Date": null, "Life_Expectancy": null, "Comments": null, "Asset_Owner": "Henrico County Public Schools", "Asset_Maintainer": "Henrico County Recreation & Parks", "Original_Cost": null, "Estimated_Replacement_Cost": null, "Surface_Type": "Rubberized Surface", "Asset_Status": "In Service", "Asset_Operator": "Henrico County Public Schools", "Legacy_ID": "109604", "created_user": "ZUR", "created_date": "2022-01-25T16:08:01Z", "last_edited_user": "ZUR", "last_edited_date": "2022-01-25T16:41:51Z", "Number_of_Courts": null, "NRPA_Type": null, "Court_Lighting": "Yes", "ShapeSTArea": 43438.466691069923, "ShapeSTLength": 2818.1171677146936 }, "geometry": { "type": "Polygon", "coordinates": [ [ [ -77.536321368216008, 37.667840266648412 ], [ -77.536446328828788, 37.666665468859293 ], [ -77.536447145888019, 37.666656481061032 ], [ -77.536447682012337, 37.666647479269429 ], [ -77.536447939376117, 37.666638470710666 ], [ -77.536447824244334, 37.666625808916436 ], [ -77.536447153546391, 37.666613157932439 ], [ -77.536445929341269, 37.666600533994611 ], [ -77.536444152577459, 37.666587951527667 ], [ -77.536441824203607, 37.666575424956214 ], [ -77.536438948533743, 37.666562971435589 ], [ -77.53643552879484, 37.666550604507783 ], [ -77.536431569312597, 37.666538340427032 ], [ -77.536427073302221, 37.666526193636514 ], [ -77.536422048524386, 37.666514177715008 ], [ -77.536416499293097, 37.666502309817652 ], [ -77.536410433392021, 37.666490601721478 ], [ -77.5364038574251, 37.666479068798012 ], [ -77.536396780274643, 37.666467725536336 ], [ -77.5363892108345, 37.666456585524443 ], [ -77.5363811557433, 37.666445661431041 ], [ -77.536372628428538, 37.666434966880956 ], [ -77.536363635505595, 37.666424516344804 ], [ -77.536354191581509, 37.666414319852734 ], [ -77.53634430553862, 37.666404391893714 ], [ -77.536333989693944, 37.66639474428149 ], [ -77.53632325750948, 37.66638538793795 ], [ -77.536312122447384, 37.666376333785017 ], [ -77.536300596813021, 37.666367594537263 ], [ -77.536288694079957, 37.66635918021575 ], [ -77.536276430000115, 37.666351099958781 ], [ -77.536263820302253, 37.666343364706648 ], [ -77.53625087732641, 37.666335984471168 ], [ -77.536237620259371, 37.666328965715323 ], [ -77.536224062563051, 37.666322319361122 ], [ -77.536210222279124, 37.666316052763378 ], [ -77.536196115182562, 37.66631017325853 ], [ -77.536181758181627, 37.666304688192191 ], [ -77.536167170463045, 37.666299604027529 ], [ -77.53615236894656, 37.666294927209215 ], [ -77.536137370552083, 37.666290664181986 ], [ -77.536122194512487, 37.666286817805023 ], [ -77.536106858869374, 37.666283395433197 ], [ -77.536091382867255, 37.666280399024863 ], [ -77.536075785704213, 37.666277834142143 ], [ -77.536060084357899, 37.66627570272491 ], [ -77.536044299206139, 37.66627400674075 ], [ -77.536028449470223, 37.666272749949812 ], [ -77.536012554406071, 37.666271933409476 ], [ -77.5359966332813, 37.666271557276218 ], [ -77.535980705351875, 37.666271622607347 ], [ -77.535964788763479, 37.666272128649069 ], [ -77.535948905050489, 37.666273075576292 ], [ -77.535933073492004, 37.666274462644438 ], [ -77.535917311135208, 37.666276286387607 ], [ -77.535901638380878, 37.666278546971512 ], [ -77.535886074554597, 37.66628124004783 ], [ -77.535870637836808, 37.6662843621598 ], [ -77.535855347541371, 37.666287909860138 ], [ -77.535840221848787, 37.666291879692139 ], [ -77.535825280096162, 37.666296266406604 ], [ -77.535810539365343, 37.666301063834737 ], [ -77.53579601785998, 37.666306266718145 ], [ -77.535781733795361, 37.666311868897225 ], [ -77.535767704253445, 37.666317864203364 ], [ -77.535753945217394, 37.666324243755724 ], [ -77.53574047378082, 37.666331000484824 ], [ -77.535727308170593, 37.666338127330086 ], [ -77.535714462126421, 37.66634561359048 ], [ -77.535701952753413, 37.666353451295436 ], [ -77.535689793768157, 37.666361631545691 ], [ -77.535678001188728, 37.666370142757728 ], [ -77.535666589865144, 37.6663789760415 ], [ -77.535655571270368, 37.666388120677489 ], [ -77.53564496143413, 37.666397564181139 ], [ -77.535634771829436, 37.666407295832848 ], [ -77.535625015074373, 37.666417304021401 ], [ -77.535615702653473, 37.666427577126377 ], [ -77.535606846074558, 37.666438101725312 ], [ -77.535598456845534, 37.666448864395768 ], [ -77.53559054530605, 37.666459854409034 ], [ -77.535583119598527, 37.66647105561222 ], [ -77.535576190074266, 37.666482456375569 ], [ -77.535569763719153, 37.666494042338883 ], [ -77.535563849785888, 37.66650579916039 ], [ -77.535558455260443, 37.666517712479781 ], [ -77.535553585995231, 37.66652976792772 ], [ -77.535549247831213, 37.666541952035608 ], [ -77.53554544665576, 37.666554247731149 ], [ -77.535542187176318, 37.666566641536711 ], [ -77.535539472990266, 37.666579118163341 ], [ -77.535537307694952, 37.666591662322254 ], [ -77.535535693742744, 37.666604259616314 ], [ -77.535440173640907, 37.667502186816819 ], [ -77.535439367532874, 37.667511106215272 ], [ -77.535438837828664, 37.667520039572516 ], [ -77.53543858462109, 37.66752897968091 ], [ -77.535438700729031, 37.667541640581376 ], [ -77.535439372410252, 37.667554290676193 ], [ -77.535440598728457, 37.667566914639686 ], [ -77.535442377625571, 37.667579496235881 ], [ -77.535444705875321, 37.667592021922651 ], [ -77.535447582564657, 37.667604474572286 ], [ -77.535451004467205, 37.667616840642566 ], [ -77.535454964991132, 37.667629103860705 ], [ -77.535459460910147, 37.667641250684568 ], [ -77.535464486765889, 37.667653264850557 ], [ -77.535470037065195, 37.667665132798007 ], [ -77.535476102926054, 37.667676840037693 ], [ -77.535482678866956, 37.667688372107939 ], [ -77.53548975600593, 37.6676997145195 ], [ -77.535497326571402, 37.667710854594304 ], [ -77.535505381681261, 37.667721777843099 ], [ -77.5355139090303, 37.667732471550885 ], [ -77.535522900858211, 37.667742922138629 ], [ -77.53553234599309, 37.667753116900506 ], [ -77.535542232106252, 37.667763044923575 ], [ -77.535552546903844, 37.66777269259196 ], [ -77.53556327805714, 37.667782048992578 ], [ -77.535574413260662, 37.667791101410479 ], [ -77.53558593902909, 37.667799840725429 ], [ -77.535597840778422, 37.667808255105008 ], [ -77.535610103889923, 37.667816335419808 ], [ -77.535622713767964, 37.667824070738341 ], [ -77.535635654660197, 37.667831451922005 ], [ -77.535648911947931, 37.6678384698413 ], [ -77.535662468733804, 37.667845116249353 ], [ -77.535676308109018, 37.66785138380019 ], [ -77.535690414321195, 37.667857263355238 ], [ -77.5357047693048, 37.667862749361262 ], [ -77.535719357284336, 37.66786783448164 ], [ -77.535734157950671, 37.667872511342786 ], [ -77.53574915548181, 37.667876776211926 ], [ -77.535764330690384, 37.667880622625781 ], [ -77.535779665487709, 37.667884046833123 ], [ -77.535795140663126, 37.667887044172623 ], [ -77.53581073813946, 37.667889609992081 ], [ -77.535826438659754, 37.667891743234087 ], [ -77.535842223001907, 37.6678934401383 ], [ -77.535858071920458, 37.667894698746281 ], [ -77.53587396617003, 37.667895517099666 ], [ -77.535889887615582, 37.66789589505116 ], [ -77.535905814733283, 37.667895831525016 ], [ -77.535921730509898, 37.66789532728415 ], [ -77.535937613410013, 37.667894382153683 ], [ -77.535953446408811, 37.667892997797672 ], [ -77.535969209092826, 37.667891174951421 ], [ -77.535984881013718, 37.667888917053226 ], [ -77.536000445135173, 37.667886226668038 ], [ -77.536015882153933, 37.667883106342423 ], [ -77.536031172732081, 37.667879561325833 ], [ -77.536046298699858, 37.667875594174035 ], [ -77.536061241852764, 37.667871210145719 ], [ -77.53607598285285, 37.667866414490312 ], [ -77.536090505739395, 37.667861214286994 ], [ -77.536104791174623, 37.667855614785125 ], [ -77.536118822064211, 37.667849623054664 ], [ -77.536132582447607, 37.66784324617462 ], [ -77.536146055230631, 37.667836491214878 ], [ -77.536159223284486, 37.667829367948258 ], [ -77.536321368216008, 37.667840266648412 ] ], [ [ -77.535542953629957, 37.667523812739134 ], [ -77.535543147950236, 37.667518924239808 ], [ -77.53554396712839, 37.667509163352598 ], [ -77.535639485997194, 37.666611236070239 ], [ -77.535640731798921, 37.666601529104319 ], [ -77.53564239989781, 37.666591861610279 ], [ -77.535644486743053, 37.666582245273133 ], [ -77.535646992172317, 37.666572692706367 ], [ -77.535649924443618, 37.666563178747317 ], [ -77.535653273864142, 37.666553751974625 ], [ -77.535657034616349, 37.666544424054919 ], [ -77.535661204282704, 37.666535206682383 ], [ -77.535665774801885, 37.66652610970322 ], [ -77.535670743744788, 37.666517145712554 ], [ -77.535676103038682, 37.666508325457563 ], [ -77.535681846877395, 37.666499659703881 ], [ -77.535687968333022, 37.666491158306791 ], [ -77.535694460466132, 37.66648283202273 ], [ -77.535701312937121, 37.666474691580483 ], [ -77.53570851996308, 37.666466745943666 ], [ -77.535716071204405, 37.666459005840998 ], [ -77.535723958623009, 37.666451479316777 ], [ -77.535732171879246, 37.666444177099727 ], [ -77.535740701801728, 37.666437107224901 ], [ -77.535749535807184, 37.666430278600757 ], [ -77.535758665846103, 37.666423700172423 ], [ -77.535768078236487, 37.666417378136252 ], [ -77.535777763783855, 37.666411322329267 ], [ -77.535787708806296, 37.6664055389477 ], [ -77.53579790301076, 37.666400035116531 ], [ -77.535808331570266, 37.666394817923688 ], [ -77.535818984203374, 37.666389893593113 ], [ -77.535829846094785, 37.66638526831202 ], [ -77.53584090470774, 37.66638094738493 ], [ -77.535852147505409, 37.666376936116315 ], [ -77.535863558550858, 37.666373239783162 ], [ -77.535875125330378, 37.666369861888107 ], [ -77.535886834162355, 37.66636680862743 ], [ -77.535898669156012, 37.66636408167431 ], [ -77.535910616664353, 37.666361684522052 ], [ -77.535922663028899, 37.666359621565149 ], [ -77.535934792358987, 37.666357894476683 ], [ -77.535946989897283, 37.666356504938946 ], [ -77.535959242020112, 37.66635545464338 ], [ -77.535971531691757, 37.666354746154958 ], [ -77.53598384532313, 37.666354378462323 ], [ -77.535996168157055, 37.666354353247712 ], [ -77.536008484314507, 37.666354671283315 ], [ -77.536020777962676, 37.666355329737392 ], [ -77.536032990187891, 37.666356326329634 ], [ -77.536045151626979, 37.666357658605534 ], [ -77.536057247545855, 37.666359326445559 ], [ -77.536069262100128, 37.666361327918921 ], [ -77.536081182845706, 37.666363661122503 ], [ -77.536092993972957, 37.66636632142275 ], [ -77.536104680770904, 37.666369306898119 ], [ -77.536116230818536, 37.666372613843542 ], [ -77.536127629428051, 37.666376238535626 ], [ -77.536138861934759, 37.666380175448978 ], [ -77.536149915917605, 37.666384420878622 ], [ -77.536160776711895, 37.666388969299071 ], [ -77.53617143191974, 37.666393815203435 ], [ -77.53618186915476, 37.66639895218384 ], [ -77.536192074873995, 37.666404375625028 ], [ -77.53620203784773, 37.666410077326361 ], [ -77.536211745677932, 37.666416051780907 ], [ -77.53622118487948, 37.666422289868599 ], [ -77.536230346454673, 37.666428786110075 ], [ -77.53623921805179, 37.666435531394605 ], [ -77.536247788440875, 37.666442517521403 ], [ -77.536256048658885, 37.666449736308294 ], [ -77.536263988609335, 37.666457179563842 ], [ -77.536271597073764, 37.666464838186315 ], [ -77.536278866257206, 37.666472701299853 ], [ -77.536285787184951, 37.666480761623099 ], [ -77.53629235092852, 37.666489008270922 ], [ -77.536298549681305, 37.666497431268304 ], [ -77.536304376770104, 37.666506020649386 ], [ -77.536309824399723, 37.666514765538217 ], [ -77.536314885896985, 37.666523655969051 ], [ -77.536319555733613, 37.666532681084213 ], [ -77.536323827247841, 37.666541830016975 ], [ -77.536327697189776, 37.666551091027088 ], [ -77.536331157752684, 37.666560454139621 ], [ -77.536334207964998, 37.666569906731787 ], [ -77.536336842298496, 37.666579437945941 ], [ -77.536339058636457, 37.666589036051121 ], [ -77.536340852584075, 37.666598690198946 ], [ -77.536342223169655, 37.666608387766551 ], [ -77.536343169410088, 37.666618117032236 ], [ -77.536343689177315, 37.666627867165964 ], [ -77.536343781499582, 37.666637625544823 ], [ -77.536343585534468, 37.666644588283738 ], [ -77.536343170867923, 37.666651545643703 ], [ -77.536342536435896, 37.666658492209656 ], [ -77.536246983598659, 37.667556802655319 ], [ -77.53624571150155, 37.667566531937901 ], [ -77.536244013712007, 37.66757622082207 ], [ -77.536241891536875, 37.6675858558025 ], [ -77.536239348503571, 37.667595426996151 ], [ -77.536236387052298, 37.667604920906697 ], [ -77.536233010710504, 37.667614327651087 ], [ -77.536229223040323, 37.667623634643356 ], [ -77.536225029847543, 37.667632831117714 ], [ -77.53622043581619, 37.667641905398369 ], [ -77.536215446740542, 37.667650847620493 ], [ -77.536210067316162, 37.66765964520738 ], [ -77.536204306737631, 37.667668288321792 ], [ -77.53619816966588, 37.667676767089837 ], [ -77.536191664173487, 37.667685070764179 ], [ -77.536184798333423, 37.667693188597489 ], [ -77.53617758020674, 37.667701110743465 ], [ -77.53617001897652, 37.66770882826588 ], [ -77.536162124970872, 37.667716331336848 ], [ -77.536153905094423, 37.667723611902694 ], [ -77.536145370820222, 37.667730659243759 ], [ -77.536136533586742, 37.667737465343166 ], [ -77.536127402553944, 37.667744023066767 ], [ -77.5361179891717, 37.667750323496733 ], [ -77.536108306000457, 37.667756359526415 ], [ -77.536098362211703, 37.667762123120639 ], [ -77.53608817263256, 37.667767607191152 ], [ -77.536077748678451, 37.667772805523086 ], [ -77.536067102898045, 37.667777711910858 ], [ -77.53605624897358, 37.667782320157919 ], [ -77.536045198320409, 37.667786624049455 ], [ -77.536033965719426, 37.667790620101201 ], [ -77.536022565997882, 37.667794301224831 ], [ -77.536011010524845, 37.667797664809491 ], [ -77.535999314104416, 37.667800705568844 ], [ -77.535987492639393, 37.667803420928806 ], [ -77.535975557522093, 37.667805806476458 ], [ -77.535963526922131, 37.667807859656072 ], [ -77.535951412208632, 37.667809577856744 ], [ -77.535939230406342, 37.667810959414531 ], [ -77.535926994017743, 37.667812001727683 ], [ -77.535914721177818, 37.66781270494338 ], [ -77.53590242324421, 37.667813067351759 ], [ -77.535890118351816, 37.667813089099973 ], [ -77.535877818991651, 37.667812768487359 ], [ -77.535865540997051, 37.667812108345572 ], [ -77.535853300259419, 37.66781110700159 ], [ -77.535841110333578, 37.66780976816969 ], [ -77.535828987099293, 37.667808091077731 ], [ -77.535816944111488, 37.667806079440126 ], [ -77.535804997215138, 37.66780373518754 ], [ -77.535793161110206, 37.667801061142654 ], [ -77.535781448229699, 37.667798060109575 ], [ -77.535769874383888, 37.667794736722101 ], [ -77.535758454261057, 37.667791094703738 ], [ -77.535747200282756, 37.667787137759646 ], [ -77.535736125980719, 37.667782871406139 ], [ -77.535725247165061, 37.667778300277 ], [ -77.535714573955673, 37.667773430761777 ], [ -77.535704122151202, 37.667768268395385 ], [ -77.535693903004741, 37.667762819576581 ], [ -77.535683928914764, 37.667757089812483 ], [ -77.535674212233076, 37.667751088214189 ], [ -77.535664764224535, 37.667744820279495 ], [ -77.535655597252571, 37.667738294218559 ], [ -77.535646722547341, 37.667731518232173 ], [ -77.535638151350341, 37.667724499620171 ], [ -77.535629891468318, 37.667717248357746 ], [ -77.535621956398003, 37.667709772664203 ], [ -77.535614352835751, 37.667702080703442 ], [ -77.535607091976757, 37.667694183379318 ], [ -77.535600182784307, 37.667686088874248 ], [ -77.535593631919738, 37.66767780805511 ], [ -77.535587448323071, 37.66766935090633 ], [ -77.53558163980081, 37.667660727403018 ], [ -77.535576213014465, 37.667651948412185 ], [ -77.535571175770485, 37.667643023908973 ], [ -77.535566531330105, 37.66763396473258 ], [ -77.53556228859847, 37.667624783570396 ], [ -77.535558450859881, 37.667615489459742 ], [ -77.53555502363082, 37.667606094159254 ], [ -77.535552010149289, 37.667596610310262 ], [ -77.535549413676478, 37.667587048751997 ], [ -77.53554723974031, 37.667577420342127 ], [ -77.535545489300404, 37.66756773860449 ], [ -77.535544164496073, 37.667558013468202 ], [ -77.535543267431819, 37.667548257565272 ], [ -77.535542797957049, 37.667538482608244 ], [ -77.535542778072411, 37.667533591468263 ], [ -77.535542953629957, 37.667523812739134 ] ] ] } },
{ "type": "Feature", "properties": { "OBJECTID": 59, "Asset_ID": "RP-ATHCRT-1021", "Parent_Asset_ID": "RP-PARK-1112", "Asset_Name": "Track", "Asset_Type": "Track", "Location_Description": "South of the High School", "Asset_Description": "Track at Turf Field", "Install_Date": null, "Warranty_Date": null, "Life_Expectancy": null, "Comments": null, "Asset_Owner": "Henrico County Public Schools", "Asset_Maintainer": "Henrico County Recreation & Parks", "Original_Cost": null, "Estimated_Replacement_Cost": null, "Surface_Type": "Rubberized Surface", "Asset_Status": "In Service", "Asset_Operator": "Henrico County Public Schools", "Legacy_ID": "14018", "created_user": "ZUR", "created_date": "2022-01-26T13:38:38Z", "last_edited_user": "ZUR", "last_edited_date": "2022-01-26T13:38:38Z", "Number_of_Courts": null, "NRPA_Type": null, "Court_Lighting": "Yes", "ShapeSTArea": 44244.757322374324, "ShapeSTLength": 2849.5430175035426 }, "geometry": { "type": "Polygon", "coordinates": [ [ [ -77.60542697451416, 37.61719986232238 ], [ -77.605445087351342, 37.617081682120819 ], [ -77.60545682697753, 37.617073347413999 ], [ -77.605468197688623, 37.617064696353047 ], [ -77.605479188050651, 37.617055737862572 ], [ -77.605489783188673, 37.617046484445574 ], [ -77.605499970536002, 37.617036945018107 ], [ -77.60550973973767, 37.617027133018269 ], [ -77.605519077083812, 37.617017058254596 ], [ -77.605527972219349, 37.617006734165209 ], [ -77.605536415954433, 37.616996171493724 ], [ -77.605544395657986, 37.616985384562192 ], [ -77.605551904394645, 37.616974385032279 ], [ -77.605558931820411, 37.616963185441136 ], [ -77.605565469824242, 37.616951801045872 ], [ -77.60557151033818, 37.61694024349972 ], [ -77.605577046394743, 37.616928527167261 ], [ -77.605582072169739, 37.616916665520733 ], [ -77.605586580685099, 37.616904673825829 ], [ -77.605590567249308, 37.616892565563283 ], [ -77.605594027149465, 37.616880356015805 ], [ -77.60559695570501, 37.616868057763106 ], [ -77.605599350457709, 37.616855687005945 ], [ -77.605601206705373, 37.616843258126103 ], [ -77.605602523154673, 37.616830784629784 ], [ -77.605603299602009, 37.616818283635887 ], [ -77.605603533621334, 37.616805768642166 ], [ -77.605603225041207, 37.616793254064405 ], [ -77.60560237480135, 37.616780756128954 ], [ -77.605600982741194, 37.616768288350592 ], [ -77.605599052076386, 37.616755866071799 ], [ -77.605596583757574, 37.616743504617837 ], [ -77.605593582154611, 37.616731217537691 ], [ -77.605590049339952, 37.616719021066146 ], [ -77.605585990826825, 37.616706927859632 ], [ -77.605581410963765, 37.616694953269182 ], [ -77.605576314109939, 37.616683111744642 ], [ -77.605570708043942, 37.61667141595948 ], [ -77.605564598246772, 37.616659881273236 ], [ -77.605557992486339, 37.616648521260345 ], [ -77.605550898530439, 37.616637349495313 ], [ -77.605543325301099, 37.616626377759218 ], [ -77.605535280555245, 37.616615620527583 ], [ -77.605526774336738, 37.616605090490943 ], [ -77.605517816700171, 37.616594799438928 ], [ -77.605508419943845, 37.616584760980118 ], [ -77.605498593011163, 37.616574985093628 ], [ -77.605488348200339, 37.616565485388108 ], [ -77.605477697863449, 37.616556270967273 ], [ -77.6054666554421, 37.616547354547201 ], [ -77.605455232144891, 37.616538746124178 ], [ -77.605443443700139, 37.616530456629391 ], [ -77.605431302470606, 37.616522494265617 ], [ -77.605418823051906, 37.616514869955552 ], [ -77.605406022337306, 37.616507591936106 ], [ -77.605392912678639, 37.616500669310994 ], [ -77.605379510969016, 37.616494110317007 ], [ -77.605365832979757, 37.616487922281578 ], [ -77.605351895603917, 37.616482113441613 ], [ -77.605337714634203, 37.616476689322468 ], [ -77.605323306963683, 37.616471658160989 ], [ -77.605308690661047, 37.616467024598741 ], [ -77.60529388151889, 37.61646279416108 ], [ -77.605278897595184, 37.616458972390525 ], [ -77.605263756969237, 37.616455563027628 ], [ -77.605248478831626, 37.616452571623412 ], [ -77.605233079007121, 37.61645000100031 ], [ -77.60521757786185, 37.61644785311406 ], [ -77.605201992331743, 37.616446132597567 ], [ -77.604077461271714, 37.616337008746889 ], [ -77.604061651153472, 37.616335697272596 ], [ -77.604045792759635, 37.616334824252661 ], [ -77.604029906466977, 37.616334390742118 ], [ -77.604014010386877, 37.616334397778651 ], [ -77.603998124907022, 37.616334845516249 ], [ -77.603982268170995, 37.616335732289748 ], [ -77.603966459433707, 37.616337058244525 ], [ -77.603950719114991, 37.616338820831608 ], [ -77.603935065358527, 37.616341018385846 ], [ -77.603919516318868, 37.616343648341193 ], [ -77.603904093559194, 37.61634670725622 ], [ -77.603888812979392, 37.616350191646696 ], [ -77.603873693888289, 37.616354097153234 ], [ -77.603858755605216, 37.616358418515283 ], [ -77.603844015173635, 37.616363151356332 ], [ -77.603829490791071, 37.616368289506319 ], [ -77.603815200655134, 37.616373826795304 ], [ -77.603801160698097, 37.616379757036135 ], [ -77.603787389139072, 37.616386072256944 ], [ -77.603773903053849, 37.616392765378201 ], [ -77.603760717274298, 37.616399827501283 ], [ -77.603747848887053, 37.616407250645736 ], [ -77.603735312724055, 37.616415025912943 ], [ -77.603723125893353, 37.616423143520493 ], [ -77.603711300972449, 37.616431593651662 ], [ -77.603699852814941, 37.616440365605939 ], [ -77.603688795120206, 37.61644945047621 ], [ -77.603678142763371, 37.616458835759893 ], [ -77.603667907210877, 37.616468509829865 ], [ -77.603658102183687, 37.616478461976982 ], [ -77.603648738026394, 37.616488679664535 ], [ -77.603639826216252, 37.616499150364319 ], [ -77.603631378230432, 37.61650986154816 ], [ -77.603623405546244, 37.616520800687837 ], [ -77.603615915131911, 37.616531953419063 ], [ -77.603608918464701, 37.616543307213448 ], [ -77.603602422512893, 37.616554847706738 ], [ -77.603596435366498, 37.616566561444039 ], [ -77.6035909651373, 37.616578433168513 ], [ -77.603586017639259, 37.61659045030914 ], [ -77.603581598740362, 37.616602595790035 ], [ -77.603577714254698, 37.616614857040197 ], [ -77.60357436889602, 37.616627218776998 ], [ -77.603571567377941, 37.61663966571799 ], [ -77.603569312149077, 37.616652182563485 ], [ -77.603567605657744, 37.616664754013833 ], [ -77.603566450352446, 37.616677364769352 ], [ -77.60356584867084, 37.616690000431404 ], [ -77.603565799674143, 37.616702644773561 ], [ -77.603566303534734, 37.616715283380024 ], [ -77.603567361579195, 37.616727900041589 ], [ -77.603568970592633, 37.61674047941581 ], [ -77.60357112961475, 37.616753007078138 ], [ -77.603573835441409, 37.616765466785253 ], [ -77.603577084847018, 37.616777844095516 ], [ -77.603580874605939, 37.616790124567487 ], [ -77.603585199248684, 37.616802291940481 ], [ -77.603590054406183, 37.616814332665449 ], [ -77.6035954334655, 37.616826231374091 ], [ -77.603601329803027, 37.616837973599281 ], [ -77.603607736784241, 37.616849545774741 ], [ -77.603614645520182, 37.616860933416177 ], [ -77.603622049376241, 37.616872122957254 ], [ -77.60362993833084, 37.616883099905131 ], [ -77.603638303462532, 37.616893852478448 ], [ -77.603647133606117, 37.616904367076636 ], [ -77.603628258419874, 37.617025065168036 ], [ -77.60542697451416, 37.61719986232238 ] ], [ [ -77.605122829060633, 37.617087301799089 ], [ -77.604945558188533, 37.617070512499922 ], [ -77.604732535124711, 37.617049812008538 ], [ -77.603979245031155, 37.616976607041103 ], [ -77.603967223081142, 37.616975268290496 ], [ -77.603967025111885, 37.616975246071178 ], [ -77.60395526504405, 37.616973604735186 ], [ -77.603954873797491, 37.616973546815835 ], [ -77.603943386809576, 37.616971613791804 ], [ -77.603942802404021, 37.61697151026155 ], [ -77.603931600794155, 37.616969299158441 ], [ -77.603930828989675, 37.616969141951081 ], [ -77.603925923813847, 37.616968027234485 ], [ -77.603918968300917, 37.616966440193742 ], [ -77.603914291866346, 37.616965237096849 ], [ -77.603907799567466, 37.616963562545067 ], [ -77.60390722927005, 37.616963415869847 ], [ -77.603902466552299, 37.616962039115535 ], [ -77.60389627919534, 37.616960250627699 ], [ -77.603895632349804, 37.616960063727326 ], [ -77.603891127597024, 37.616958617735975 ], [ -77.603885663691301, 37.61695686174243 ], [ -77.603881982351112, 37.616955614797192 ], [ -77.603874671759257, 37.616953027588501 ], [ -77.603874591684104, 37.6169529981496 ], [ -77.603872915467534, 37.616952405203406 ], [ -77.60387104708127, 37.616951683755289 ], [ -77.603863852143704, 37.616948897381782 ], [ -77.603863524064906, 37.616948766952476 ], [ -77.603860282973798, 37.616947458453971 ], [ -77.603853213830874, 37.616944477497562 ], [ -77.603852577100625, 37.616944202368515 ], [ -77.603849706932806, 37.616942946229543 ], [ -77.603842770358995, 37.61693977254356 ], [ -77.603841854523523, 37.616939344828175 ], [ -77.603840235593054, 37.616938602736539 ], [ -77.603839327987387, 37.616938149853354 ], [ -77.603831292148072, 37.616934162309384 ], [ -77.603829768533771, 37.616933406520289 ], [ -77.603829161898176, 37.616933077554201 ], [ -77.603820978960314, 37.616928696933364 ], [ -77.603819216550889, 37.616927732995883 ], [ -77.603810827236046, 37.616922895775666 ], [ -77.603808338197069, 37.616921406433526 ], [ -77.603800042170704, 37.616916250938338 ], [ -77.603799825157807, 37.616916115941216 ], [ -77.603798700145433, 37.616915371271439 ], [ -77.603790835651367, 37.616910125323201 ], [ -77.603789316805191, 37.616909065007995 ], [ -77.603781895969334, 37.616903756631459 ], [ -77.6037818723877, 37.616903739333033 ], [ -77.603780265684975, 37.616902542292699 ], [ -77.603773232142871, 37.616897148535585 ], [ -77.603772994211667, 37.616896962920542 ], [ -77.603772310623569, 37.616896437840872 ], [ -77.603771473796087, 37.616895749411377 ], [ -77.603764856502295, 37.616890311941646 ], [ -77.603764405644597, 37.616889933691738 ], [ -77.603763734838537, 37.616889381676458 ], [ -77.60376301069698, 37.616888742755677 ], [ -77.603756112306812, 37.616882655293416 ], [ -77.603754840486445, 37.616881493220319 ], [ -77.603748147855583, 37.616875155011989 ], [ -77.603747536270916, 37.616874576411774 ], [ -77.603746478527967, 37.616873510567629 ], [ -77.603739940489476, 37.616866842833737 ], [ -77.603739122889337, 37.616865967126756 ], [ -77.603732681297288, 37.616858906353301 ], [ -77.603732093549155, 37.616858228815396 ], [ -77.603725775609135, 37.616850773405815 ], [ -77.603725398317764, 37.616850305604373 ], [ -77.603719231256761, 37.61684245216005 ], [ -77.603719046159625, 37.616842205671169 ], [ -77.603713047032088, 37.616833948914469 ], [ -77.603707397795134, 37.616825513685015 ], [ -77.603707254294818, 37.616825293641263 ], [ -77.603707039777319, 37.616824949614632 ], [ -77.603702117220124, 37.61681694067272 ], [ -77.603701839592674, 37.616816474524981 ], [ -77.603701627673942, 37.616816102584792 ], [ -77.60369720643952, 37.616808229886196 ], [ -77.603696814026307, 37.616807510572016 ], [ -77.603696637976469, 37.616807170440161 ], [ -77.603692185395289, 37.616798412654056 ], [ -77.603692007564064, 37.616798031960613 ], [ -77.603687959233667, 37.616789191625934 ], [ -77.603687814952224, 37.616788847228634 ], [ -77.603684139932213, 37.616779859234612 ], [ -77.603684030150362, 37.616779566458852 ], [ -77.603680730748977, 37.616770427218761 ], [ -77.603680649910928, 37.61677017701188 ], [ -77.603677738361441, 37.616760905540524 ], [ -77.603677680782354, 37.616760699661761 ], [ -77.603675166027713, 37.616751305938521 ], [ -77.603675127187657, 37.616751143452639 ], [ -77.603673014729665, 37.616741641035148 ], [ -77.60367291554364, 37.616741124874103 ], [ -77.603671289990629, 37.616731922586062 ], [ -77.603671252226107, 37.616731670001279 ], [ -77.603669992728115, 37.616722168619567 ], [ -77.603669145734486, 37.616712652331977 ], [ -77.603669124160575, 37.616712371936309 ], [ -77.603669120479552, 37.616712300724025 ], [ -77.603668703423949, 37.616703112068805 ], [ -77.603668687320251, 37.616702563195688 ], [ -77.603668686237896, 37.616702464069839 ], [ -77.60366867986626, 37.61669274868742 ], [ -77.603668686537077, 37.616692569424899 ], [ -77.603669103934777, 37.616682939240512 ], [ -77.603669117186456, 37.616682778049082 ], [ -77.603669957098973, 37.616673148352618 ], [ -77.603669975938686, 37.616672993510903 ], [ -77.603671240373032, 37.616663385943262 ], [ -77.603671270904968, 37.616663200553461 ], [ -77.603672949043315, 37.616653667294933 ], [ -77.603672985012736, 37.616653500868658 ], [ -77.603675084145593, 37.616644000525078 ], [ -77.603675122165185, 37.616643852135716 ], [ -77.603677642120317, 37.616634399122866 ], [ -77.603677675157599, 37.616634288540837 ], [ -77.603680620583745, 37.616624872982051 ], [ -77.603680782526197, 37.616624402044586 ], [ -77.603684012567697, 37.616615436467036 ], [ -77.603684095513884, 37.61661522534213 ], [ -77.603687799293439, 37.616606144401246 ], [ -77.603687817942969, 37.616606100389696 ], [ -77.603687837703632, 37.616606058188651 ], [ -77.603691893735828, 37.616597170033856 ], [ -77.603692032038992, 37.616596876428588 ], [ -77.603692079607299, 37.61659678217552 ], [ -77.60369636740667, 37.6165883111642 ], [ -77.603696647941405, 37.616587774443246 ], [ -77.603696734794411, 37.616587615609866 ], [ -77.603701658735773, 37.616578804293155 ], [ -77.603701821624028, 37.616578538806735 ], [ -77.603707063095783, 37.616569982187485 ], [ -77.603707255788066, 37.616569687190832 ], [ -77.603712849630199, 37.616561313446596 ], [ -77.60371306623729, 37.616561007817744 ], [ -77.603719012525033, 37.616552810641544 ], [ -77.603719249562999, 37.616552501562651 ], [ -77.603725544865995, 37.616544483631721 ], [ -77.603725795409801, 37.616544181863418 ], [ -77.603732437441209, 37.616536344962569 ], [ -77.603733160748675, 37.616535534957073 ], [ -77.603739684522722, 37.616528399997115 ], [ -77.603740237389758, 37.616527823883551 ], [ -77.603747274622606, 37.61652066216466 ], [ -77.603747639066611, 37.616520308093335 ], [ -77.603755199704722, 37.616513140415016 ], [ -77.603755356599549, 37.616512997428757 ], [ -77.603763383095838, 37.616505899947335 ], [ -77.603763449489009, 37.616505841879182 ], [ -77.60376387969157, 37.61650548289807 ], [ -77.603771710519311, 37.61649902459898 ], [ -77.603772015907069, 37.616498778209994 ], [ -77.603772592175929, 37.616498329323889 ], [ -77.60378032632471, 37.616492378497476 ], [ -77.603780886413645, 37.61649195652123 ], [ -77.603781546875524, 37.616491476733437 ], [ -77.603789221353978, 37.616485969683275 ], [ -77.603790050707303, 37.616485385745712 ], [ -77.603790832976387, 37.616484855516795 ], [ -77.603798384216049, 37.616479803476622 ], [ -77.603798838605556, 37.616479505950771 ], [ -77.603800306602366, 37.616478561902781 ], [ -77.603807804609417, 37.616473888810482 ], [ -77.603808415087073, 37.616473515872364 ], [ -77.603809211671859, 37.616473019992071 ], [ -77.603810110496951, 37.616472499653916 ], [ -77.603818275183286, 37.616467774828031 ], [ -77.60381918882959, 37.6164672464921 ], [ -77.603820747377654, 37.61646640314639 ], [ -77.603828381215536, 37.616462307763179 ], [ -77.603829414124121, 37.616461752394613 ], [ -77.603830723483696, 37.616461097292749 ], [ -77.603838719505831, 37.616457121782993 ], [ -77.603839873856032, 37.616456546606791 ], [ -77.603840921761517, 37.616456063436971 ], [ -77.603849296904073, 37.616452212433792 ], [ -77.603851327411348, 37.616451307774646 ], [ -77.603860024546876, 37.616447622295873 ], [ -77.603861932440182, 37.616446835651871 ], [ -77.60387098558067, 37.616443313250961 ], [ -77.603874084961276, 37.616442161659926 ], [ -77.603882149241031, 37.616439300384982 ], [ -77.603885508971288, 37.616438164275571 ], [ -77.603894803785792, 37.616435178032212 ], [ -77.603895238245855, 37.616435031735257 ], [ -77.603897038772942, 37.616434509194441 ], [ -77.603906073154761, 37.616431894026562 ], [ -77.603906830257159, 37.616431669069534 ], [ -77.6039087528316, 37.616431170877924 ], [ -77.603909865305198, 37.616430877419688 ], [ -77.603917477083627, 37.616428914696449 ], [ -77.60392130655076, 37.616427998389689 ], [ -77.603928999640218, 37.616426246228947 ], [ -77.603932867567394, 37.61642542932988 ], [ -77.603940630619775, 37.61642388944805 ], [ -77.603942390582461, 37.616423538704623 ], [ -77.603944529046274, 37.616423174599845 ], [ -77.603952354111698, 37.61642184873903 ], [ -77.603952446050457, 37.616421833213948 ], [ -77.603956280761395, 37.616421236825424 ], [ -77.603964158778609, 37.616420124917219 ], [ -77.603964378890481, 37.616420095041704 ], [ -77.603966607375327, 37.616419781175026 ], [ -77.603968109077982, 37.616419619508036 ], [ -77.603969490751226, 37.616419454231583 ], [ -77.603973744290982, 37.616418977242859 ], [ -77.603976283912544, 37.616418694559385 ], [ -77.603978824699041, 37.61641840918152 ], [ -77.603979475553984, 37.61641835462504 ], [ -77.603985968256723, 37.616417808039422 ], [ -77.603991094602137, 37.616417377287029 ], [ -77.603991667024147, 37.616417345566141 ], [ -77.604003402306518, 37.616416689885341 ], [ -77.604004351957201, 37.616416656507155 ], [ -77.604015733163052, 37.616416340558381 ], [ -77.604016493305181, 37.616416335484615 ], [ -77.604028071271784, 37.61641633279033 ], [ -77.604028642045122, 37.616416344308163 ], [ -77.604040402997825, 37.61641667008255 ], [ -77.604040782266082, 37.616416687363049 ], [ -77.604052712548778, 37.616417346909394 ], [ -77.604052901541309, 37.616417361852243 ], [ -77.604064984046076, 37.616418364953098 ], [ -77.605189585323373, 37.616527495747711 ], [ -77.605201598301747, 37.616528822593381 ], [ -77.605201669562661, 37.616528831240323 ], [ -77.605213548474353, 37.616530476953713 ], [ -77.605213687565993, 37.616530496924909 ], [ -77.60522541888372, 37.616532455997557 ], [ -77.605225626885058, 37.616532491806481 ], [ -77.605237198235514, 37.616534756936609 ], [ -77.605237472827625, 37.616534813071105 ], [ -77.605248869550763, 37.616537378741789 ], [ -77.605249210690658, 37.616537458805809 ], [ -77.605260422678626, 37.616540317732309 ], [ -77.605260828068808, 37.616540424411774 ], [ -77.605271841804935, 37.61654357018476 ], [ -77.605272309137135, 37.616543707066455 ], [ -77.605283114545642, 37.61654712969829 ], [ -77.605283641500904, 37.616547301270117 ], [ -77.605294574686781, 37.616551123137008 ], [ -77.605294810435723, 37.616551206911701 ], [ -77.605305341281891, 37.616555236594571 ], [ -77.605305802446424, 37.616555415779921 ], [ -77.605315926615532, 37.616559637026924 ], [ -77.605316606249318, 37.616559924185495 ], [ -77.605326317170878, 37.616564318024693 ], [ -77.605327208317178, 37.616564726620055 ], [ -77.605337349640962, 37.616569694981251 ], [ -77.605337595133165, 37.616569816674243 ], [ -77.605347488658595, 37.616575047179872 ], [ -77.605347755424447, 37.616575189757775 ], [ -77.605357401183809, 37.616580679704917 ], [ -77.605357675695814, 37.616580837659441 ], [ -77.605367075932975, 37.616586588867207 ], [ -77.605367345817783, 37.616586754896396 ], [ -77.605376482560501, 37.616592754614416 ], [ -77.605376754560382, 37.616592933274504 ], [ -77.605385649125282, 37.616599198783831 ], [ -77.605385887252794, 37.616599368177901 ], [ -77.60539450934786, 37.616605874921298 ], [ -77.605394737227769, 37.616606048743428 ], [ -77.605403082322454, 37.616612796686873 ], [ -77.605403290979382, 37.616612967660892 ], [ -77.60540390321863, 37.616613492193295 ], [ -77.605411362407196, 37.616619962236008 ], [ -77.605411540654075, 37.616620118563617 ], [ -77.605411959718097, 37.616620503776126 ], [ -77.605419347336792, 37.616627371551559 ], [ -77.605419473921373, 37.616627490545909 ], [ -77.605419716885834, 37.616627729358704 ], [ -77.605427018027697, 37.616635010072756 ], [ -77.605427082938462, 37.616635076340124 ], [ -77.605427161258731, 37.616635158026774 ], [ -77.605434283839898, 37.616642784306123 ], [ -77.605434358751452, 37.616642866868176 ], [ -77.605441075675358, 37.616650599118657 ], [ -77.605441292417055, 37.616650852150862 ], [ -77.6054475323632, 37.616658591618382 ], [ -77.605447874981195, 37.616659023110159 ], [ -77.60545364494935, 37.616666752727184 ], [ -77.605454099765893, 37.616667369783933 ], [ -77.605459832058941, 37.61667569472371 ], [ -77.605459958960608, 37.616675882201676 ], [ -77.605465306912691, 37.616684330393795 ], [ -77.605465443621952, 37.616684550384171 ], [ -77.605470422864855, 37.616693140869046 ], [ -77.605470550469889, 37.616693364395097 ], [ -77.605475144357001, 37.61670206821298 ], [ -77.605475270582616, 37.616702312453214 ], [ -77.60547947033163, 37.616711106110223 ], [ -77.605479600669284, 37.616711385523182 ], [ -77.605483411846805, 37.616720277170941 ], [ -77.605483535206034, 37.61672057184947 ], [ -77.605486979724617, 37.616729623826956 ], [ -77.605487068647534, 37.616729861478504 ], [ -77.605490132147295, 37.616739043041157 ], [ -77.605490196613161, 37.616739241762367 ], [ -77.605492860418337, 37.616748504111712 ], [ -77.605492915833665, 37.616748701863592 ], [ -77.605493064993098, 37.616749303100256 ], [ -77.605495186396553, 37.616758073882494 ], [ -77.605495223039611, 37.616758230944804 ], [ -77.605495305435724, 37.616758636146109 ], [ -77.605497105390285, 37.616767765834282 ], [ -77.605497114961707, 37.616767818168434 ], [ -77.605497148781382, 37.616768022065088 ], [ -77.605498591728661, 37.616777452722744 ], [ -77.605499626477481, 37.616786917247431 ], [ -77.605499646715899, 37.616787120140664 ], [ -77.605500258830631, 37.616796403969005 ], [ -77.605500283428711, 37.616796811437894 ], [ -77.605500488916618, 37.616805902075647 ], [ -77.605500498608421, 37.616806514875968 ], [ -77.605500315720832, 37.616815401647877 ], [ -77.605500293527015, 37.616816218750706 ], [ -77.605499680922009, 37.616825709604484 ], [ -77.605499667202025, 37.61682591043958 ], [ -77.605498647481795, 37.616835344160528 ], [ -77.605498619761931, 37.61683557913075 ], [ -77.605497191514658, 37.616844979136062 ], [ -77.605497153600851, 37.616845214029496 ], [ -77.605495331223253, 37.616854512847425 ], [ -77.605495272266751, 37.616854802547451 ], [ -77.605493046128529, 37.616864047862144 ], [ -77.605492974755677, 37.616864333864285 ], [ -77.60549033894651, 37.616873546355727 ], [ -77.605490265737643, 37.616873796301277 ], [ -77.605487219253504, 37.616882965149038 ], [ -77.60548714761731, 37.616883178162531 ], [ -77.605483695214176, 37.616892284479938 ], [ -77.605483623910672, 37.616892469562835 ], [ -77.605483339426456, 37.616893148627142 ], [ -77.605479791290477, 37.616901447765571 ], [ -77.605479700420346, 37.616901658831956 ], [ -77.60547947608471, 37.616902138312163 ], [ -77.605475449228308, 37.616910590628173 ], [ -77.605475379551194, 37.616910734274136 ], [ -77.60547523230035, 37.616911018803258 ], [ -77.605470692550327, 37.616919640258409 ], [ -77.605470667084361, 37.616919686021035 ], [ -77.605470613854777, 37.616919780232088 ], [ -77.60546562427453, 37.616928411812502 ], [ -77.60546557107719, 37.61692850332058 ], [ -77.605460268229848, 37.6169369018656 ], [ -77.605460092791091, 37.616937175369365 ], [ -77.605454553713585, 37.616945245045244 ], [ -77.605454242548745, 37.616945691432363 ], [ -77.605448487661164, 37.616953429689744 ], [ -77.605448027253345, 37.61695404255083 ], [ -77.605441583752878, 37.616962056750914 ], [ -77.605441452696979, 37.616962217955553 ], [ -77.605434681961384, 37.616970030552174 ], [ -77.605434526926288, 37.616970207795326 ], [ -77.605427426636581, 37.616977823276343 ], [ -77.605427259120617, 37.616978002227505 ], [ -77.605419872801008, 37.616985380372824 ], [ -77.605419658437825, 37.616985593211538 ], [ -77.605411950557084, 37.616992768894981 ], [ -77.605411731792017, 37.616992970887587 ], [ -77.605403751569938, 37.616999901228773 ], [ -77.605403490627793, 37.617000125430174 ], [ -77.605395161392167, 37.61700687562913 ], [ -77.60539494293829, 37.617007051493061 ], [ -77.605386273932879, 37.617013606301242 ], [ -77.605386100189676, 37.617013737448715 ], [ -77.605377112017152, 37.617020078999929 ], [ -77.60537697265103, 37.617020177066983 ], [ -77.605376381185238, 37.617020570880996 ], [ -77.605367676777661, 37.617026293733744 ], [ -77.605367571745802, 37.617026362324346 ], [ -77.605367166611273, 37.617026614272874 ], [ -77.605358003595498, 37.617032228242564 ], [ -77.605357907753771, 37.617032286089561 ], [ -77.605357700169975, 37.617032405267985 ], [ -77.605347993220221, 37.617037941248647 ], [ -77.605300982812949, 37.61705966608401 ], [ -77.605251607402536, 37.617075287086223 ], [ -77.605200655870121, 37.617084554675301 ], [ -77.605161795099164, 37.617087419367685 ], [ -77.605122829060633, 37.617087301799089 ] ] ] } },
{ "type": "Feature", "properties": { "OBJECTID": 60, "Asset_ID": "RP-ATHCRT-1022", "Parent_Asset_ID": "RP-PARK-29", "Asset_Name": "Track", "Asset_Type": "Track", "Location_Description": "South of Picnic Shelter and Basketball Courts", "Asset_Description": "Paved Track", "Install_Date": null, "Warranty_Date": null, "Life_Expectancy": null, "Comments": "Gravel Track Paved 6/2010", "Asset_Owner": "Henrico County Recreation & Parks", "Asset_Maintainer": "Henrico County Recreation & Parks", "Original_Cost": null, "Estimated_Replacement_Cost": null, "Surface_Type": null, "Asset_Status": "In Service", "Asset_Operator": "Henrico County Recreation & Parks", "Legacy_ID": null, "created_user": "ZUR", "created_date": "2022-03-03T15:32:38Z", "last_edited_user": "ZUR", "last_edited_date": "2022-03-03T15:32:38Z", "Number_of_Courts": 1, "NRPA_Type": null, "Court_Lighting": "Yes", "ShapeSTArea": 9849.9018020910189, "ShapeSTLength": 3281.8991960940602 }, "geometry": { "type": "Polygon", "coordinates": [ [ [ -77.483136211330432, 37.659056734461991 ], [ -77.483100221222045, 37.659068161808037 ], [ -77.483064317400533, 37.659080664860937 ], [ -77.483012108767952, 37.659100403530772 ], [ -77.48156089746648, 37.659655763284135 ], [ -77.481542660009282, 37.659662740470154 ], [ -77.481525840051091, 37.659672658886194 ], [ -77.481510907850691, 37.659685241229418 ], [ -77.481498280888161, 37.65970013571792 ], [ -77.481488312192937, 37.659716925925935 ], [ -77.481481280473545, 37.659735142426491 ], [ -77.481475147507666, 37.659762946189865 ], [ -77.481472848632833, 37.659791325367138 ], [ -77.481474426474946, 37.659819753749829 ], [ -77.481481888707464, 37.659858524197688 ], [ -77.481487079406605, 37.659884213117174 ], [ -77.481495540339012, 37.659909017886164 ], [ -77.481507130139107, 37.659932524065688 ], [ -77.48158526266451, 37.660061106747285 ], [ -77.481669948250001, 37.660183394816151 ], [ -77.481730502956168, 37.660261931601156 ], [ -77.481752993071808, 37.660288997519238 ], [ -77.481778779023827, 37.660312944416773 ], [ -77.481807432059597, 37.660333374119766 ], [ -77.481838475754401, 37.660349946935938 ], [ -77.481873005653824, 37.660362651805599 ], [ -77.481909086384775, 37.660369856562355 ], [ -77.481945847562542, 37.660371387404005 ], [ -77.481982402387771, 37.660367207401663 ], [ -77.482045464535005, 37.660345068059492 ], [ -77.48224026499247, 37.660257229920262 ], [ -77.48227731793537, 37.660238444546131 ], [ -77.48231344874776, 37.660217941491368 ], [ -77.482413108881588, 37.660161643314538 ], [ -77.482445246303442, 37.660143977763632 ], [ -77.48247933662141, 37.660130459783268 ], [ -77.482544942461203, 37.660107689805685 ], [ -77.482609692378276, 37.660082589081924 ], [ -77.482703438048915, 37.660041661828487 ], [ -77.482742796154199, 37.660028391928591 ], [ -77.482788275829137, 37.660012452318874 ], [ -77.482863987089033, 37.659983163671775 ], [ -77.482946678634235, 37.659943956297028 ], [ -77.483097725969856, 37.65988477092187 ], [ -77.483199411379459, 37.659841198284425 ], [ -77.483300152307947, 37.659795484363272 ], [ -77.483350508199393, 37.659772041503416 ], [ -77.483398786212916, 37.659744573032562 ], [ -77.483444665206079, 37.659713261669317 ], [ -77.483477529866079, 37.659687209710903 ], [ -77.483507053196803, 37.659657424423287 ], [ -77.48353281382829, 37.659624330915172 ], [ -77.483554444093542, 37.659588401511613 ], [ -77.483571635275894, 37.659550149012823 ], [ -77.483585829598965, 37.659516505476944 ], [ -77.483594180262571, 37.659480957864766 ], [ -77.483596450694932, 37.659444513229346 ], [ -77.483592576575404, 37.659408204036133 ], [ -77.483582367319201, 37.659374809570707 ], [ -77.483568410865999, 37.659342799624639 ], [ -77.483550889862059, 37.659312593107892 ], [ -77.483472652360135, 37.659191570810137 ], [ -77.483454126179112, 37.659164115965616 ], [ -77.483432836932906, 37.659138743621085 ], [ -77.483409016949281, 37.659115730662755 ], [ -77.483380373685591, 37.659092760596451 ], [ -77.48334900412766, 37.659073681515352 ], [ -77.483315433539488, 37.659058812886961 ], [ -77.483280224039987, 37.659048403677339 ], [ -77.483244116226984, 37.659043530836307 ], [ -77.48320768179488, 37.659043305234114 ], [ -77.48317151640758, 37.659047730559116 ], [ -77.483136211330432, 37.659056734461991 ] ], [ [ -77.483144180564551, 37.659071946120456 ], [ -77.483176173994153, 37.659063783246808 ], [ -77.483208945570681, 37.659059753877543 ], [ -77.483241963494692, 37.659059923399077 ], [ -77.483274691969214, 37.659064289060524 ], [ -77.48330715477988, 37.659073939376214 ], [ -77.483338099892336, 37.659087700287671 ], [ -77.483367009278652, 37.659105341434241 ], [ -77.483393398989378, 37.659126567499278 ], [ -77.483416120373235, 37.659148487789089 ], [ -77.483436414633559, 37.659172672565049 ], [ -77.483454057424623, 37.659198854473182 ], [ -77.483532474750874, 37.659320154951544 ], [ -77.483549135362168, 37.659348862321501 ], [ -77.483562417861691, 37.659379280478326 ], [ -77.483572149378347, 37.659411013531155 ], [ -77.483575737504168, 37.659445250254215 ], [ -77.483573508365026, 37.659479602238029 ], [ -77.483565525642945, 37.659513088115666 ], [ -77.483552017388178, 37.659544751263113 ], [ -77.483535643082561, 37.659581452413441 ], [ -77.483514983807055, 37.659615923947428 ], [ -77.483490338012359, 37.659647667877927 ], [ -77.483462061739743, 37.659676225621659 ], [ -77.483430563477569, 37.659701184624041 ], [ -77.483385963613472, 37.659731627732903 ], [ -77.483339023676237, 37.659758321796772 ], [ -77.483290058075625, 37.659781088015393 ], [ -77.483189668272232, 37.659826651745135 ], [ -77.483088336220462, 37.659870079632199 ], [ -77.482936772726262, 37.659929466919834 ], [ -77.482854126816861, 37.659968653052886 ], [ -77.482779618780967, 37.659997476235461 ], [ -77.482694310713896, 37.660026847506963 ], [ -77.482599965324809, 37.660068036332 ], [ -77.482536125502307, 37.660092776574928 ], [ -77.482471443682925, 37.660115223507908 ], [ -77.482434994509546, 37.66012965577432 ], [ -77.482400612052714, 37.660148488703335 ], [ -77.48230120206307, 37.660204645743327 ], [ -77.482265953749462, 37.660224662341427 ], [ -77.482229804777035, 37.660243002450599 ], [ -77.4820361413379, 37.660330327698659 ], [ -77.481975783988474, 37.660351517968671 ], [ -77.481943568484908, 37.660354964549271 ], [ -77.481911204689467, 37.66035344720509 ], [ -77.481879452971825, 37.660347001585279 ], [ -77.481849059321178, 37.660335779126164 ], [ -77.481820100360338, 37.660320316169155 ], [ -77.481793379610025, 37.660301244568437 ], [ -77.481769344147182, 37.660278883419586 ], [ -77.48174839612004, 37.660253606857104 ], [ -77.481687872584217, 37.660175110896716 ], [ -77.481603686098978, 37.660053544374136 ], [ -77.481525907222533, 37.659925543225974 ], [ -77.481515113782123, 37.65990358625492 ], [ -77.481507251550823, 37.659880417477375 ], [ -77.481502452664884, 37.659856426278417 ], [ -77.481495000010227, 37.659817700967686 ], [ -77.481493580195249, 37.659791084704104 ], [ -77.481495785959183, 37.65976452202414 ], [ -77.481501576481335, 37.659738504506677 ], [ -77.48150752912666, 37.659722930945193 ], [ -77.481516011358863, 37.659708577494712 ], [ -77.481526782491926, 37.659695851438919 ], [ -77.481539536891574, 37.65968511388364 ], [ -77.481553912647698, 37.65967666951039 ], [ -77.481569501843694, 37.659670757930911 ], [ -77.483021054031227, 37.659115267633553 ], [ -77.483072775073452, 37.659095713107945 ], [ -77.483144180564551, 37.659071946120456 ] ] ] } },
{ "type": "Feature", "properties": { "OBJECTID": 61, "Asset_ID": "RP-ATHCRT-1024", "Parent_Asset_ID": "RP-PARK-1111", "Asset_Name": "Track", "Asset_Type": "Track", "Location_Description": "North of the High School", "Asset_Description": "Track at Turf Field", "Install_Date": null, "Warranty_Date": null, "Life_Expectancy": null, "Comments": null, "Asset_Owner": "Henrico County Public Schools", "Asset_Maintainer": "Henrico County Recreation & Parks", "Original_Cost": null, "Estimated_Replacement_Cost": null, "Surface_Type": "Rubberized Surface", "Asset_Status": "Under Construction", "Asset_Operator": "Henrico County Public Schools", "Legacy_ID": null, "created_user": "ZUR", "created_date": "2022-03-17T14:44:37Z", "last_edited_user": "ZUR", "last_edited_date": "2022-03-17T14:44:37Z", "Number_of_Courts": 1, "NRPA_Type": null, "Court_Lighting": "Yes", "ShapeSTArea": 42623.226192795504, "ShapeSTLength": 2851.661474148601 }, "geometry": { "type": "Polygon", "coordinates": [ [ [ -77.547556779543285, 37.631154674192054 ], [ -77.547565164174983, 37.629734253806078 ], [ -77.547442801026961, 37.629733842250921 ], [ -77.547431869086068, 37.629724729380271 ], [ -77.547420545768787, 37.629715924237502 ], [ -77.547408845687841, 37.6297074359505 ], [ -77.547396783433186, 37.629699275449063 ], [ -77.547384371340399, 37.629691452743927 ], [ -77.547371627420574, 37.629683976990258 ], [ -77.547358564032265, 37.629676856396777 ], [ -77.547345198042251, 37.629670101010518 ], [ -77.54733154636321, 37.629663717274681 ], [ -77.547317624740643, 37.629657714326257 ], [ -77.547303448954224, 37.629652098599337 ], [ -77.54728903817076, 37.62964687745621 ], [ -77.547274408181451, 37.629642056429979 ], [ -77.54725957589875, 37.629637641963853 ], [ -77.547244560523808, 37.629633638717223 ], [ -77.547229380124762, 37.629630051340428 ], [ -77.547214052758406, 37.629626885384809 ], [ -77.547198596515841, 37.629624143698699 ], [ -77.547183029476642, 37.629621830031518 ], [ -77.547167370876124, 37.62961994633978 ], [ -77.547151639938235, 37.629618495480955 ], [ -77.54713585476533, 37.629617479402498 ], [ -77.547120035737166, 37.629616899169086 ], [ -77.547104199834564, 37.629616755818148 ], [ -77.547088368593009, 37.629617048621441 ], [ -77.547072557871971, 37.629617777706308 ], [ -77.547056790339767, 37.629618942353638 ], [ -77.547041081878803, 37.629620540888894 ], [ -77.547025452902986, 37.629622571673778 ], [ -77.54700992158341, 37.629625031250022 ], [ -77.546994506056876, 37.629627918862155 ], [ -77.546979226783037, 37.62963122926805 ], [ -77.546964100811593, 37.629634958099359 ], [ -77.546949146302211, 37.629639102798677 ], [ -77.546934381460332, 37.629643657204795 ], [ -77.546919823358579, 37.629648615147296 ], [ -77.546905491312458, 37.629653972276074 ], [ -77.546891400151665, 37.629659720600607 ], [ -77.546877569214686, 37.629665853968767 ], [ -77.54686401331989, 37.62967236529105 ], [ -77.546850748429932, 37.629679246586065 ], [ -77.546837792784771, 37.629686488989755 ], [ -77.546825160081482, 37.629694084502454 ], [ -77.546812866294232, 37.629702024241816 ], [ -77.546800925154471, 37.62971029750549 ], [ -77.546789352647835, 37.629718894510013 ], [ -77.54677816135019, 37.629727806345862 ], [ -77.546767365004371, 37.629737021409532 ], [ -77.546756977353326, 37.629746528097542 ], [ -77.546747009874352, 37.629756314788267 ], [ -77.546737475154714, 37.629766371671124 ], [ -77.546728384706014, 37.629776684421465 ], [ -77.546719748861364, 37.629787242309547 ], [ -77.546711577999446, 37.629798031001613 ], [ -77.546703882453485, 37.62980903976797 ], [ -77.546696671492242, 37.629820252463745 ], [ -77.546689954316065, 37.629831658350142 ], [ -77.546683737916723, 37.629843242165187 ], [ -77.546678029251666, 37.62985499134971 ], [ -77.546672836457006, 37.629866889749898 ], [ -77.546668165368814, 37.629878923896648 ], [ -77.546664021823275, 37.629891080320746 ], [ -77.546660411679284, 37.629903343751074 ], [ -77.546657336264417, 37.629915698880168 ], [ -77.546654802547806, 37.62992813224789 ], [ -77.54665281187981, 37.629940626744855 ], [ -77.546651366686646, 37.629953169775419 ], [ -77.546650469451563, 37.629965744239321 ], [ -77.546650120358009, 37.62997833572075 ], [ -77.546644782494724, 37.630879436974183 ], [ -77.546644987975498, 37.63089207435636 ], [ -77.546645746536853, 37.630904697258266 ], [ -77.546647054951961, 37.63091729213788 ], [ -77.546648914548555, 37.630929843687568 ], [ -77.546651322134153, 37.630942335662475 ], [ -77.546654273360687, 37.630954753610425 ], [ -77.546657766145657, 37.630967083097495 ], [ -77.546661796163775, 37.630979307869602 ], [ -77.546666357934015, 37.630991413465594 ], [ -77.546671447108167, 37.631003385433196 ], [ -77.546677055927987, 37.631015210194036 ], [ -77.546683178923729, 37.63102687238591 ], [ -77.546689808337234, 37.631038358430317 ], [ -77.546696935288679, 37.631049653838687 ], [ -77.546704552019705, 37.631060745032585 ], [ -77.546712649627793, 37.631071619325368 ], [ -77.546721218088692, 37.631082263120412 ], [ -77.546730246245417, 37.631092662811874 ], [ -77.546739722906722, 37.631102807496916 ], [ -77.546749638048382, 37.631112683578863 ], [ -77.546759979357574, 37.631122279244799 ], [ -77.546770734521431, 37.631131582681832 ], [ -77.546781888938455, 37.63114058386072 ], [ -77.546793430307346, 37.631149270067596 ], [ -77.546805345136363, 37.631157633084342 ], [ -77.546817617714126, 37.631165661070824 ], [ -77.546830234571829, 37.631173344006861 ], [ -77.546843179952162, 37.631180673656274 ], [ -77.546856436964916, 37.631187641773629 ], [ -77.546869991008336, 37.631194238329797 ], [ -77.546883826313675, 37.631200455989458 ], [ -77.54689792372487, 37.631206286489125 ], [ -77.546912268583, 37.631211724304478 ], [ -77.546926841720534, 37.631216762073002 ], [ -77.546941627345689, 37.631221394261324 ], [ -77.546956606279466, 37.63122561440801 ], [ -77.546971760464231, 37.631229416961418 ], [ -77.546987071808175, 37.631232799073175 ], [ -77.547002521120774, 37.631235755182558 ], [ -77.54701809145439, 37.631238281549223 ], [ -77.547033762428512, 37.631240377108462 ], [ -77.547049514841135, 37.631242037200657 ], [ -77.547065331710357, 37.631243260788416 ], [ -77.54708119153419, 37.631244045896935 ], [ -77.54709707619773, 37.631244391479704 ], [ -77.547112966430404, 37.63124429828305 ], [ -77.547128842984591, 37.631243765251448 ], [ -77.547144686578179, 37.631242794032254 ], [ -77.547160477952076, 37.631241384470812 ], [ -77.547176198934224, 37.631239540025639 ], [ -77.5471918291327, 37.631237260533005 ], [ -77.547207350352608, 37.631234551253378 ], [ -77.547222743311977, 37.631231413834129 ], [ -77.547237989827352, 37.631227852634794 ], [ -77.547253071726857, 37.631223871113761 ], [ -77.547267970792731, 37.631219476333463 ], [ -77.547282667731636, 37.631214670842375 ], [ -77.547297146580277, 37.631209462622031 ], [ -77.547311388010897, 37.631203856923818 ], [ -77.547325376083236, 37.631197859927425 ], [ -77.547339093689544, 37.631191480506359 ], [ -77.547352523745204, 37.63118472573214 ], [ -77.547365650286906, 37.631177603586416 ], [ -77.547378458484445, 37.631170122059885 ], [ -77.547390930085783, 37.631162290917942 ], [ -77.547403052503725, 37.631154119971505 ], [ -77.547556779543285, 37.631154674192054 ] ], [ [ -77.547451647954347, 37.63093780308909 ], [ -77.547448957012293, 37.630947455401461 ], [ -77.547445845613552, 37.630957027748408 ], [ -77.547442317305126, 37.630966508444502 ], [ -77.547438375634144, 37.630975885804148 ], [ -77.547434027546245, 37.630985148169216 ], [ -77.547429275455741, 37.630994283844991 ], [ -77.547424127418239, 37.631003282984388 ], [ -77.547418588102346, 37.631012134811897 ], [ -77.547412665586648, 37.631020827678398 ], [ -77.5474063656726, 37.631029350817478 ], [ -77.547399696404582, 37.63103769528302 ], [ -77.547392666994014, 37.631045849434891 ], [ -77.54738528435243, 37.631053804317752 ], [ -77.547377558801372, 37.631061550102693 ], [ -77.547369499518126, 37.631069077852452 ], [ -77.547361114558427, 37.631076377719914 ], [ -77.54735241536541, 37.631083440786156 ], [ -77.547343413370655, 37.631090259033087 ], [ -77.547334117739993, 37.631096824424652 ], [ -77.547324539916502, 37.63110312804195 ], [ -77.547314693586188, 37.631109162786075 ], [ -77.547304587903483, 37.631114921521934 ], [ -77.547294237687311, 37.631120397159862 ], [ -77.547283653213583, 37.631125583474663 ], [ -77.547272848168305, 37.631130473367605 ], [ -77.547261836226099, 37.631135060640908 ], [ -77.54725062989435, 37.6311393417906 ], [ -77.547239242870589, 37.631143308816995 ], [ -77.547227689916525, 37.631146959135194 ], [ -77.54721598356258, 37.63115028743939 ], [ -77.54720413859333, 37.631153289342798 ], [ -77.547192169770582, 37.631155962260692 ], [ -77.547180091879, 37.63115830180638 ], [ -77.5471679174032, 37.631160306277835 ], [ -77.547155663382213, 37.631161972207543 ], [ -77.547143344566422, 37.631163297911833 ], [ -77.547130974561867, 37.631164282598732 ], [ -77.547118569263205, 37.631164923692587 ], [ -77.547106143398068, 37.631165221311797 ], [ -77.547093711705401, 37.631165174673342 ], [ -77.547081288901168, 37.631164784796667 ], [ -77.547068892001604, 37.631164050016118 ], [ -77.547056534555651, 37.631162974044784 ], [ -77.547044231302195, 37.63116155609999 ], [ -77.547031996945904, 37.631159798101841 ], [ -77.547019848445686, 37.631157702889872 ], [ -77.547007798229032, 37.63115527326692 ], [ -77.546995861000568, 37.63115251115341 ], [ -77.546984052574899, 37.631149420280572 ], [ -77.5469723864895, 37.63114600526238 ], [ -77.546960876304624, 37.63114226891112 ], [ -77.546949536690491, 37.631138215849923 ], [ -77.546938382306095, 37.631133851602982 ], [ -77.546927424411521, 37.631129181667127 ], [ -77.546916677665635, 37.631124211566629 ], [ -77.546906155594357, 37.631118946816564 ], [ -77.546895869446374, 37.631113393814836 ], [ -77.546885832724811, 37.631107559878402 ], [ -77.546876057811176, 37.631101451414374 ], [ -77.546866555931288, 37.6310950766226 ], [ -77.546857338333893, 37.63108844190085 ], [ -77.546848416233303, 37.631081556350082 ], [ -77.546839800843827, 37.63107442907107 ], [ -77.546831503414182, 37.63106706646176 ], [ -77.546823532869993, 37.631059479406716 ], [ -77.546815899304164, 37.631051676096696 ], [ -77.546808610520955, 37.63104366650628 ], [ -77.546801677734564, 37.631035459736268 ], [ -77.546795107616347, 37.631027065752114 ], [ -77.546788909091944, 37.631018495438326 ], [ -77.546783089965544, 37.631009758769515 ], [ -77.546777655764117, 37.631000866602996 ], [ -77.546772613158936, 37.630991828904158 ], [ -77.546767969919927, 37.630982658350405 ], [ -77.546763730463908, 37.630973363988076 ], [ -77.546759901439358, 37.630963957584498 ], [ -77.546756484963126, 37.63095445087059 ], [ -77.546753486550671, 37.63094485560466 ], [ -77.546750909451873, 37.630935183526837 ], [ -77.546750876598622, 37.63093518326297 ], [ -77.546748801443783, 37.630926044145369 ], [ -77.546747117827266, 37.630916853206756 ], [ -77.546745832397377, 37.630907622214494 ], [ -77.546744945028138, 37.630898361079332 ], [ -77.54674445898074, 37.630889080640408 ], [ -77.546744372962024, 37.63087979350226 ], [ -77.546749682990708, 37.629978648779044 ], [ -77.546749918761151, 37.629969538130013 ], [ -77.546750521473555, 37.629960438537616 ], [ -77.546751492146356, 37.629951359020644 ], [ -77.546752829532068, 37.629942308579849 ], [ -77.546754531227648, 37.629933298008758 ], [ -77.546756597141481, 37.629924334515223 ], [ -77.546759024870312, 37.629915428892744 ], [ -77.546761810901231, 37.629906590123888 ], [ -77.546764952853906, 37.629897827200132 ], [ -77.546768447215285, 37.629889149104045 ], [ -77.546772290472347, 37.62988056481808 ], [ -77.54677684284654, 37.629871365388098 ], [ -77.546781794613992, 37.629862298018693 ], [ -77.546787138851613, 37.629853372566025 ], [ -77.546792872012048, 37.629844600715501 ], [ -77.546798983773627, 37.629835992295973 ], [ -77.546805469467685, 37.629827558082702 ], [ -77.546812319893974, 37.62981930881471 ], [ -77.546819528129461, 37.62981125434802 ], [ -77.546827082719844, 37.629803404502525 ], [ -77.546834976764941, 37.629795767332183 ], [ -77.546843201053179, 37.629788354477135 ], [ -77.546851743031752, 37.629781173044933 ], [ -77.546860594656152, 37.629774231981692 ], [ -77.546869745605008, 37.629767541116202 ], [ -77.54687918220398, 37.629761106646193 ], [ -77.546888895275913, 37.629754937508572 ], [ -77.546898872268031, 37.629749040810978 ], [ -77.546909101760264, 37.629743423670341 ], [ -77.546919570067004, 37.629738093185267 ], [ -77.546930265779721, 37.629733055571506 ], [ -77.546941174102855, 37.629728316116712 ], [ -77.546952284737827, 37.629723882847728 ], [ -77.546963581790521, 37.629719758340173 ], [ -77.546975052708234, 37.629715949701684 ], [ -77.546986682706816, 37.629712461318938 ], [ -77.546998459290648, 37.629709295794783 ], [ -77.547010366531396, 37.629706458407654 ], [ -77.547022390789309, 37.629703952652356 ], [ -77.547034517303018, 37.629701781113504 ], [ -77.547046731311411, 37.62969994637583 ], [ -77.547059019197533, 37.629698450132082 ], [ -77.547071363934407, 37.62969729494877 ], [ -77.547083751905234, 37.629696482518689 ], [ -77.547096168371553, 37.629696013624539 ], [ -77.547108597473724, 37.629695888139096 ], [ -77.547121025606259, 37.62969610685407 ], [ -77.547133435787913, 37.629696668732159 ], [ -77.547145813280466, 37.629697574556097 ], [ -77.54715814452409, 37.629698821513806 ], [ -77.547170413659074, 37.629700409478019 ], [ -77.547182604848516, 37.629702336519408 ], [ -77.547194705676986, 37.62970459893414 ], [ -77.54720669917468, 37.629707194783769 ], [ -77.547218572914772, 37.629710121265454 ], [ -77.547230311083126, 37.629713374647984 ], [ -77.547241899010018, 37.6297169503082 ], [ -77.547253324279922, 37.629720844542305 ], [ -77.547264572211702, 37.629725053628164 ], [ -77.547275629302618, 37.629729570248848 ], [ -77.547286482004324, 37.629734390691439 ], [ -77.547297116802682, 37.629739508539885 ], [ -77.547307522449401, 37.6297449173966 ], [ -77.547317684297383, 37.62975061083651 ], [ -77.547327589976803, 37.629756581551788 ], [ -77.54733723049354, 37.629762824063924 ], [ -77.54734659011342, 37.629769328334902 ], [ -77.547355660986511, 37.629776087994266 ], [ -77.547364429621467, 37.629783094824148 ], [ -77.547372887069912, 37.629790339742058 ], [ -77.547381022106023, 37.629797814548319 ], [ -77.547388825781425, 37.629805510160537 ], [ -77.547396288026079, 37.629813416586032 ], [ -77.547403398758618, 37.629821524733323 ], [ -77.547410151296162, 37.629829825538131 ], [ -77.547416536724413, 37.62983830721501 ], [ -77.547422547227626, 37.629846960690536 ], [ -77.547428175001556, 37.629855775990393 ], [ -77.547433414541814, 37.629864740455417 ], [ -77.547438258032599, 37.62987384501222 ], [ -77.547442701079646, 37.629883078812767 ], [ -77.547446463205659, 37.629891688112025 ], [ -77.547449870658909, 37.629900390979586 ], [ -77.547452921310764, 37.629909176585464 ], [ -77.547455610721073, 37.629918037685478 ], [ -77.547457936772688, 37.629926962548737 ], [ -77.547459895036894, 37.629935943030056 ], [ -77.547461485627863, 37.629944970119737 ], [ -77.547462706416965, 37.629954032987754 ], [ -77.547463555252733, 37.629963122606171 ], [ -77.547464032249124, 37.629972229965162 ], [ -77.547464136410582, 37.629981344243937 ], [ -77.547458825001158, 37.630882469996088 ], [ -77.547458298582427, 37.630893599415451 ], [ -77.547457316955857, 37.630904708962468 ], [ -77.547455880258354, 37.630915787825344 ], [ -77.547453989794107, 37.630926822498438 ], [ -77.547451647954347, 37.63093780308909 ] ] ] } },
{ "type": "Feature", "properties": { "OBJECTID": 62, "Asset_ID": "RP-ATHCRT-1025", "Parent_Asset_ID": "RP-PARK-43", "Asset_Name": "Pickleball 4", "Asset_Type": "Pickleball", "Location_Description": "South of Park Entrance", "Asset_Description": "Pickleball Courts 3-7", "Install_Date": "2024-11-02T00:00:00Z", "Warranty_Date": null, "Life_Expectancy": null, "Comments": "Pickleball Courts Grand Opening November 2, 2024. See Asset Description for Court Numbers.", "Asset_Owner": "Henrico County Recreation & Parks", "Asset_Maintainer": "Henrico County Recreation & Parks", "Original_Cost": null, "Estimated_Replacement_Cost": null, "Surface_Type": "Asphalt", "Asset_Status": "In Service", "Asset_Operator": "Henrico County Recreation & Parks", "Legacy_ID": null, "created_user": "ZUR", "created_date": "2024-01-10T19:31:33Z", "last_edited_user": "ZUR", "last_edited_date": "2024-11-01T13:47:04Z", "Number_of_Courts": 5, "NRPA_Type": null, "Court_Lighting": "Yes", "ShapeSTArea": 10883.548264340834, "ShapeSTLength": 468.07937612955379 }, "geometry": { "type": "Polygon", "coordinates": [ [ [ -77.613622048555641, 37.668039774891483 ], [ -77.613039020111231, 37.66809675321705 ], [ -77.613065940125892, 37.668271235847342 ], [ -77.613649000551007, 37.668214254016696 ], [ -77.613622048555641, 37.668039774891483 ] ] ] } },
{ "type": "Feature", "properties": { "OBJECTID": 63, "Asset_ID": "RP-ATHCRT-1026", "Parent_Asset_ID": "RP-PARK-43", "Asset_Name": "Pickleball 5", "Asset_Type": "Pickleball", "Location_Description": "South of Pickleball Courts 3-7 and West of Champion Pickleball Court 1", "Asset_Description": "Champion Pickleball Court 2", "Install_Date": "2024-11-02T00:00:00Z", "Warranty_Date": null, "Life_Expectancy": null, "Comments": "Pickleball Courts Grand Opening November 2, 2024. See Asset Description for Court Number.", "Asset_Owner": "Henrico County Recreation & Parks", "Asset_Maintainer": "Henrico County Recreation & Parks", "Original_Cost": null, "Estimated_Replacement_Cost": null, "Surface_Type": "Asphalt", "Asset_Status": "In Service", "Asset_Operator": "Henrico County Recreation & Parks", "Legacy_ID": null, "created_user": "ZUR", "created_date": "2024-01-10T19:48:19Z", "last_edited_user": "ZUR", "last_edited_date": "2024-11-01T14:10:11Z", "Number_of_Courts": 1, "NRPA_Type": null, "Court_Lighting": "Yes", "ShapeSTArea": 3257.0254957866732, "ShapeSTLength": 236.03673826893751 }, "geometry": { "type": "Polygon", "coordinates": [ [ [ -77.613504224403684, 37.66766659570127 ], [ -77.6133533389837, 37.66768145222651 ], [ -77.613384505655205, 37.667883193750733 ], [ -77.613535392608114, 37.667868337195166 ], [ -77.613504224403684, 37.66766659570127 ] ] ] } },
{ "type": "Feature", "properties": { "OBJECTID": 64, "Asset_ID": "RP-ATHCRT-1027", "Parent_Asset_ID": "RP-PARK-43", "Asset_Name": "Pickleball 6", "Asset_Type": "Pickleball", "Location_Description": "South of Pickleball Courts 3-7 and East of Champion Pickleball Court 2", "Asset_Description": "Champion Pickleball Court 1", "Install_Date": "2024-11-02T00:00:00Z", "Warranty_Date": null, "Life_Expectancy": null, "Comments": "Pickleball Courts Grand Opening November 2, 2024. See Asset Description for Court Number.", "Asset_Owner": "Henrico County Recreation & Parks", "Asset_Maintainer": "Henrico County Recreation & Parks", "Original_Cost": null, "Estimated_Replacement_Cost": null, "Surface_Type": "Asphalt", "Asset_Status": "In Service", "Asset_Operator": "Henrico County Recreation & Parks", "Legacy_ID": null, "created_user": "ZUR", "created_date": "2024-01-10T19:51:15Z", "last_edited_user": "ZUR", "last_edited_date": "2024-11-01T13:47:55Z", "Number_of_Courts": 1, "NRPA_Type": null, "Court_Lighting": "Yes", "ShapeSTArea": 3256.9745262913902, "ShapeSTLength": 236.03531352892406 }, "geometry": { "type": "Polygon", "coordinates": [ [ [ -77.613190430418697, 37.667697338792863 ], [ -77.613039524958253, 37.667712057809858 ], [ -77.613070691932236, 37.667913799423282 ], [ -77.613221596658832, 37.667899080359035 ], [ -77.613190430418697, 37.667697338792863 ] ] ] } },
{ "type": "Feature", "properties": { "OBJECTID": 65, "Asset_ID": "RP-ATHCRT-1028", "Parent_Asset_ID": "RP-PARK-43", "Asset_Name": "Pickleball 7", "Asset_Type": "Pickleball", "Location_Description": "South of Champion Pickleball Courts 1 and 2", "Asset_Description": "Pickleball Courts 8-12", "Install_Date": "2024-11-02T00:00:00Z", "Warranty_Date": null, "Life_Expectancy": null, "Comments": "Pickleball Courts Grand Opening November 2, 2024. See Asset Description for Court Numbers.", "Asset_Owner": "Henrico County Recreation & Parks", "Asset_Maintainer": "Henrico County Recreation & Parks", "Original_Cost": null, "Estimated_Replacement_Cost": null, "Surface_Type": "Asphalt", "Asset_Status": "In Service", "Asset_Operator": "Henrico County Recreation & Parks", "Legacy_ID": null, "created_user": "ZUR", "created_date": "2024-01-10T19:53:59Z", "last_edited_user": "ZUR", "last_edited_date": "2024-11-01T14:12:12Z", "Number_of_Courts": 5, "NRPA_Type": null, "Court_Lighting": "Yes", "ShapeSTArea": 10881.715588747513, "ShapeSTLength": 468.02134200317613 }, "geometry": { "type": "Polygon", "coordinates": [ [ [ -77.61352489815765, 37.667412764505521 ], [ -77.61294204585036, 37.667469727424269 ], [ -77.612968994926447, 37.66764420672137 ], [ -77.613552021041542, 37.66758722874129 ], [ -77.61352489815765, 37.667412764505521 ] ] ] } }
]
}
