{"type": "FeatureCollection", "features": [{"type": "Feature", "geometry": {"type": "Polygon", "coordinates": [[[-77.325139, 37.5435], [-77.317424, 37.548455], [-77.313199, 37.545948], [-77.314711, 37.541869], [-77.315397, 37.540229], [-77.317169, 37.539083], [-77.319433, 37.537383], [-77.323264, 37.541655], [-77.325139, 37.5435]]]}, "properties": {"GEOID": "510872012042", "total_units": 414, "carfree_units": 0, "pct_carfree": 0.0}}, {"type": "Feature", "geometry": {"type": "Polygon", "coordinates": [[[-77.590832, 37.645558], [-77.588425, 37.643661], [-77.585622, 37.64186], [-77.587515, 37.640374], [-77.588044, 37.639756], [-77.590694, 37.641662], [-77.5928, 37.642046], [-77.590832, 37.645558]]]}, "properties": {"GEOID": "510872001441", "total_units": 714, "carfree_units": 16, "pct_carfree": 2.24}}, {"type": "Feature", "geometry": {"type": "Polygon", "coordinates": [[[-77.552366, 37.615513], [-77.549849, 37.614914], [-77.546321, 37.612434], [-77.541872, 37.612617], [-77.538669, 37.610991], [-77.537835, 37.610561], [-77.537765, 37.604987], [-77.539694, 37.60528], [-77.543288, 37.604956], [-77.543989, 37.604455], [-77.544336, 37.601594], [-77.546041, 37.599404], [-77.551884, 37.601134], [-77.551548, 37.60234], [-77.549274, 37.606881], [-77.552443, 37.60908], [-77.552366, 37.615513]]]}, "properties": {"GEOID": "510872001312", "total_units": 440, "carfree_units": 76, "pct_carfree": 17.27}}, {"type": "Feature", "geometry": {"type": "Polygon", "coordinates": [[[-77.520393, 37.589943], [-77.518199, 37.591341], [-77.517218, 37.59228], [-77.518939, 37.593935], [-77.519207, 37.594605], [-77.511488, 37.595477], [-77.510666, 37.595775], [-77.503796, 37.590121], [-77.507466, 37.586302], [-77.509587, 37.58779], [-77.512448, 37.585193], [-77.518174, 37.58861], [-77.519848, 37.589613], [-77.520393, 37.589943]]]}, "properties": {"GEOID": "510872003023", "total_units": 503, "carfree_units": 34, "pct_carfree": 6.76}}, {"type": "Feature", "geometry": {"type": "Polygon", "coordinates": [[[-77.58303, 37.599838], [-77.58267, 37.600439], [-77.576877, 37.596339], [-77.575858, 37.595263], [-77.583402, 37.595667], [-77.58303, 37.599838]]]}, "properties": {"GEOID": "510872001063", "total_units": 278, "carfree_units": 33, "pct_carfree": 11.87}}, {"type": "Feature", "geometry": {"type": "Polygon", "coordinates": [[[-77.393905, 37.526108], [-77.391934, 37.528191], [-77.391213, 37.5301], [-77.386037, 37.528919], [-77.385995, 37.529421], [-77.383428, 37.528818], [-77.382466, 37.525516], [-77.382927, 37.521876], [-77.382762, 37.518183], [-77.385073, 37.518092], [-77.387597, 37.517483], [-77.388822, 37.519219], [-77.391055, 37.521523], [-77.394266, 37.524675], [-77.393905, 37.526108]]]}, "properties": {"GEOID": "510872011021", "total_units": 549, "carfree_units": 83, "pct_carfree": 15.12}}, {"type": "Feature", "geometry": {"type": "Polygon", "coordinates": [[[-77.564412, 37.608558], [-77.56356, 37.611528], [-77.559838, 37.618462], [-77.555522, 37.616255], [-77.552366, 37.615513], [-77.552443, 37.60908], [-77.549274, 37.606881], [-77.551548, 37.60234], [-77.551884, 37.601134], [-77.558531, 37.602893], [-77.559183, 37.603252], [-77.561293, 37.607338], [-77.564731, 37.607368], [-77.564412, 37.608558]]]}, "properties": {"GEOID": "510872001322", "total_units": 875, "carfree_units": 146, "pct_carfree": 16.69}}, {"type": "Feature", "geometry": {"type": "Polygon", "coordinates": [[[-77.542172, 37.685727], [-77.540591, 37.686479], [-77.539187, 37.686538], [-77.534437, 37.68513], [-77.531276, 37.685346], [-77.532451, 37.682583], [-77.532478, 37.682133], [-77.540289, 37.681047], [-77.540954, 37.684249], [-77.542172, 37.685727]]]}, "properties": {"GEOID": "510872004152", "total_units": 178, "carfree_units": 0, "pct_carfree": 0.0}}, {"type": "Feature", "geometry": {"type": "Polygon", "coordinates": [[[-77.533711, 37.641242], [-77.533369, 37.642089], [-77.528746, 37.642211], [-77.525724, 37.640965], [-77.523107, 37.641931], [-77.520167, 37.64162], [-77.52117, 37.638618], [-77.523081, 37.636479], [-77.524028, 37.635965], [-77.526549, 37.63666], [-77.527525, 37.638589], [-77.532531, 37.640106], [-77.534892, 37.639738], [-77.533711, 37.641242]]]}, "properties": {"GEOID": "510872004114", "total_units": 648, "carfree_units": 106, "pct_carfree": 16.36}}, {"type": "Feature", "geometry": {"type": "Polygon", "coordinates": [[[-77.331889, 37.540214], [-77.327847, 37.542809], [-77.325327, 37.540308], [-77.323264, 37.541655], [-77.319433, 37.537383], [-77.317409, 37.534479], [-77.315812, 37.53233], [-77.312857, 37.530276], [-77.311926, 37.529402], [-77.321335, 37.530035], [-77.326626, 37.53008], [-77.326913, 37.530086], [-77.326251, 37.532489], [-77.329194, 37.532975], [-77.330979, 37.533979], [-77.329948, 37.538172], [-77.331889, 37.540214]]]}, "properties": {"GEOID": "510872012052", "total_units": 287, "carfree_units": 0, "pct_carfree": 0.0}}, {"type": "Feature", "geometry": {"type": "Polygon", "coordinates": [[[-77.533391, 37.643228], [-77.531442, 37.649225], [-77.525699, 37.646787], [-77.522209, 37.645862], [-77.520844, 37.645859], [-77.518102, 37.645325], [-77.517461, 37.643678], [-77.516522, 37.642014], [-77.519648, 37.641765], [-77.520167, 37.64162], [-77.523107, 37.641931], [-77.525724, 37.640965], [-77.528746, 37.642211], [-77.533369, 37.642089], [-77.533391, 37.643228]]]}, "properties": {"GEOID": "510872004115", "total_units": 264, "carfree_units": 0, "pct_carfree": 0.0}}, {"type": "Feature", "geometry": {"type": "Polygon", "coordinates": [[[-77.570779, 37.652586], [-77.567216, 37.656621], [-77.566213, 37.659998], [-77.566116, 37.66229], [-77.565695, 37.663305], [-77.56213, 37.66279], [-77.561608, 37.653094], [-77.566906, 37.652668], [-77.569105, 37.650825], [-77.570779, 37.652586]]]}, "properties": {"GEOID": "510872001512", "total_units": 494, "carfree_units": 0, "pct_carfree": 0.0}}, {"type": "Feature", "geometry": {"type": "Polygon", "coordinates": [[[-77.369946, 37.52983], [-77.367734, 37.530093], [-77.364835, 37.53095], [-77.362828, 37.531591], [-77.36238, 37.530618], [-77.363921, 37.530704], [-77.363931, 37.530234], [-77.36491, 37.525068], [-77.365262, 37.525052], [-77.368494, 37.525405], [-77.368258, 37.528948], [-77.369946, 37.52983]]]}, "properties": {"GEOID": "510872011023", "total_units": 540, "carfree_units": 13, "pct_carfree": 2.41}}, {"type": "Feature", "geometry": {"type": "Polygon", "coordinates": [[[-77.544336, 37.601594], [-77.543989, 37.604455], [-77.543288, 37.604956], [-77.539694, 37.60528], [-77.537765, 37.604987], [-77.537636, 37.59721], [-77.541843, 37.597801], [-77.546041, 37.599404], [-77.544336, 37.601594]]]}, "properties": {"GEOID": "510872001311", "total_units": 369, "carfree_units": 42, "pct_carfree": 11.38}}, {"type": "Feature", "geometry": {"type": "Polygon", "coordinates": [[[-77.586433, 37.615765], [-77.58524, 37.618348], [-77.584612, 37.618283], [-77.581438, 37.619038], [-77.577602, 37.617665], [-77.578318, 37.612231], [-77.578661, 37.607341], [-77.584833, 37.607347], [-77.585875, 37.610957], [-77.588227, 37.613297], [-77.586433, 37.615765]]]}, "properties": {"GEOID": "510872001372", "total_units": 335, "carfree_units": 0, "pct_carfree": 0.0}}, {"type": "Feature", "geometry": {"type": "Polygon", "coordinates": [[[-77.616726, 37.685692], [-77.6149, 37.686346], [-77.610867, 37.689865], [-77.609433, 37.691005], [-77.607681, 37.691583], [-77.606547, 37.691629], [-77.59755, 37.68935], [-77.597774, 37.687672], [-77.598328, 37.683292], [-77.59943, 37.679548], [-77.601173, 37.678033], [-77.604268, 37.680449], [-77.605174, 37.682141], [-77.608084, 37.684209], [-77.607569, 37.68571], [-77.61334, 37.681763], [-77.615078, 37.681622], [-77.615003, 37.683037], [-77.616726, 37.685692]]]}, "properties": {"GEOID": "510872001471", "total_units": 775, "carfree_units": 0, "pct_carfree": 0.0}}, {"type": "Feature", "geometry": {"type": "Polygon", "coordinates": [[[-77.559402, 37.63422], [-77.557037, 37.635824], [-77.555742, 37.638861], [-77.549842, 37.636506], [-77.551936, 37.633642], [-77.556443, 37.631199], [-77.55855, 37.632822], [-77.559402, 37.63422]]]}, "properties": {"GEOID": "510872001262", "total_units": 825, "carfree_units": 50, "pct_carfree": 6.06}}, {"type": "Feature", "geometry": {"type": "Polygon", "coordinates": [[[-77.36491, 37.525068], [-77.363931, 37.530234], [-77.363921, 37.530704], [-77.36238, 37.530618], [-77.362828, 37.531591], [-77.361237, 37.53203], [-77.355683, 37.526886], [-77.357448, 37.524063], [-77.358418, 37.52428], [-77.359709, 37.51961], [-77.359236, 37.518238], [-77.366151, 37.518644], [-77.36491, 37.525068]]]}, "properties": {"GEOID": "510872014063", "total_units": 592, "carfree_units": 102, "pct_carfree": 17.23}}, {"type": "Feature", "geometry": {"type": "Polygon", "coordinates": [[[-77.603912, 37.673971], [-77.602154, 37.67717], [-77.601173, 37.678033], [-77.59943, 37.679548], [-77.598328, 37.683292], [-77.597774, 37.687672], [-77.593656, 37.687179], [-77.593827, 37.685276], [-77.59581, 37.685461], [-77.595868, 37.684088], [-77.592491, 37.683615], [-77.589342, 37.683971], [-77.589159, 37.681912], [-77.588798, 37.681226], [-77.592088, 37.676875], [-77.593208, 37.676211], [-77.597377, 37.673854], [-77.598255, 37.673568], [-77.60018, 37.67324], [-77.603987, 37.67324], [-77.603912, 37.673971]]]}, "properties": {"GEOID": "510872001483", "total_units": 399, "carfree_units": 0, "pct_carfree": 0.0}}, {"type": "Feature", "geometry": {"type": "Polygon", "coordinates": [[[-77.622147, 37.651759], [-77.621159, 37.653492], [-77.620022, 37.653114], [-77.611834, 37.651463], [-77.615789, 37.646081], [-77.61846, 37.647214], [-77.621864, 37.648819], [-77.623233, 37.650811], [-77.622147, 37.651759]]]}, "properties": {"GEOID": "510872001412", "total_units": 465, "carfree_units": 0, "pct_carfree": 0.0}}, {"type": "Feature", "geometry": {"type": "Polygon", "coordinates": [[[-77.43136, 37.58762], [-77.42599, 37.589304], [-77.423949, 37.585732], [-77.432927, 37.585173], [-77.43136, 37.58762]]]}, "properties": {"GEOID": "510872008053", "total_units": 267, "carfree_units": 98, "pct_carfree": 36.7}}, {"type": "Feature", "geometry": {"type": "Polygon", "coordinates": [[[-77.628326, 37.594593], [-77.626042, 37.596611], [-77.626031, 37.597944], [-77.617645, 37.597506], [-77.614766, 37.597361], [-77.609797, 37.597095], [-77.610297, 37.594901], [-77.598246, 37.59246], [-77.603625, 37.583509], [-77.607511, 37.585296], [-77.610438, 37.585863], [-77.614516, 37.587407], [-77.618368, 37.587558], [-77.618321, 37.588974], [-77.620383, 37.589918], [-77.624473, 37.589962], [-77.626422, 37.591346], [-77.628326, 37.594593]]]}, "properties": {"GEOID": "510872001331", "total_units": 291, "carfree_units": 0, "pct_carfree": 0.0}}, {"type": "Feature", "geometry": {"type": "Polygon", "coordinates": [[[-77.598246, 37.59246], [-77.594697, 37.590972], [-77.590874, 37.588338], [-77.588144, 37.588312], [-77.585632, 37.588277], [-77.581035, 37.588268], [-77.574588, 37.588262], [-77.574839, 37.588014], [-77.577391, 37.582819], [-77.579026, 37.580924], [-77.582645, 37.574283], [-77.585277, 37.574868], [-77.589411, 37.576871], [-77.595666, 37.579037], [-77.603625, 37.583509], [-77.598246, 37.59246]]]}, "properties": {"GEOID": "510872001341", "total_units": 1061, "carfree_units": 0, "pct_carfree": 0.0}}, {"type": "Feature", "geometry": {"type": "Polygon", "coordinates": [[[-77.643814, 37.624401], [-77.640048, 37.62431], [-77.638003, 37.624038], [-77.638636, 37.621874], [-77.638871, 37.617568], [-77.641177, 37.618516], [-77.643883, 37.618637], [-77.643814, 37.624401]]]}, "properties": {"GEOID": "510872001233", "total_units": 551, "carfree_units": 0, "pct_carfree": 0.0}}, {"type": "Feature", "geometry": {"type": "Polygon", "coordinates": [[[-77.603353, 37.596758], [-77.594468, 37.596272], [-77.595621, 37.594177], [-77.59693, 37.593557], [-77.60351, 37.59493], [-77.603353, 37.596758]]]}, "properties": {"GEOID": "510872001333", "total_units": 301, "carfree_units": 28, "pct_carfree": 9.3}}, {"type": "Feature", "geometry": {"type": "Polygon", "coordinates": [[[-77.587283, 37.589872], [-77.584755, 37.59138], [-77.583402, 37.595667], [-77.575858, 37.595263], [-77.566337, 37.594718], [-77.567461, 37.592394], [-77.572023, 37.589646], [-77.572305, 37.589236], [-77.572517, 37.588247], [-77.574588, 37.588262], [-77.581035, 37.588268], [-77.585632, 37.588277], [-77.588144, 37.588312], [-77.587283, 37.589872]]]}, "properties": {"GEOID": "510872001343", "total_units": 510, "carfree_units": 43, "pct_carfree": 8.43}}, {"type": "Feature", "geometry": {"type": "Polygon", "coordinates": [[[-77.403194, 37.489733], [-77.396222, 37.484431], [-77.391287, 37.478111], [-77.388837, 37.471358], [-77.38797, 37.470156], [-77.382912, 37.465604], [-77.379094, 37.461581], [-77.395478, 37.451273], [-77.404047, 37.491242], [-77.403194, 37.489733]]]}, "properties": {"GEOID": "510872016023", "total_units": 673, "carfree_units": 0, "pct_carfree": 0.0}}, {"type": "Feature", "geometry": {"type": "Polygon", "coordinates": [[[-77.617294, 37.609916], [-77.611041, 37.609576], [-77.606764, 37.607453], [-77.607057, 37.605149], [-77.605968, 37.600941], [-77.607079, 37.59695], [-77.609797, 37.597095], [-77.614766, 37.597361], [-77.616636, 37.604125], [-77.619344, 37.606334], [-77.617294, 37.609916]]]}, "properties": {"GEOID": "510872001352", "total_units": 308, "carfree_units": 0, "pct_carfree": 0.0}}, {"type": "Feature", "geometry": {"type": "Polygon", "coordinates": [[[-77.609797, 37.597095], [-77.607079, 37.59695], [-77.603353, 37.596758], [-77.60351, 37.59493], [-77.59693, 37.593557], [-77.598246, 37.59246], [-77.610297, 37.594901], [-77.609797, 37.597095]]]}, "properties": {"GEOID": "510872001332", "total_units": 560, "carfree_units": 54, "pct_carfree": 9.64}}, {"type": "Feature", "geometry": {"type": "Polygon", "coordinates": [[[-77.527484, 37.662058], [-77.522115, 37.66655], [-77.518764, 37.671016], [-77.516372, 37.670286], [-77.51018, 37.667443], [-77.514207, 37.659432], [-77.515521, 37.658278], [-77.515799, 37.657925], [-77.516351, 37.657152], [-77.516568, 37.656929], [-77.516899, 37.656701], [-77.517202, 37.656559], [-77.517815, 37.656412], [-77.522552, 37.655556], [-77.523223, 37.656796], [-77.527484, 37.662058]]]}, "properties": {"GEOID": "510872004163", "total_units": 412, "carfree_units": 0, "pct_carfree": 0.0}}, {"type": "Feature", "geometry": {"type": "Polygon", "coordinates": [[[-77.522552, 37.655556], [-77.517815, 37.656412], [-77.517202, 37.656559], [-77.516899, 37.656701], [-77.516568, 37.656929], [-77.516351, 37.657152], [-77.515799, 37.657925], [-77.515521, 37.658278], [-77.514207, 37.659432], [-77.51018, 37.667443], [-77.50484, 37.665535], [-77.505812, 37.658603], [-77.507312, 37.647851], [-77.507929, 37.64788], [-77.508745, 37.650815], [-77.510196, 37.651041], [-77.512831, 37.650054], [-77.517374, 37.651546], [-77.519669, 37.651673], [-77.520814, 37.652185], [-77.522552, 37.655556]]]}, "properties": {"GEOID": "510872004162", "total_units": 695, "carfree_units": 29, "pct_carfree": 4.17}}, {"type": "Feature", "geometry": {"type": "Polygon", "coordinates": [[[-77.605968, 37.600941], [-77.607057, 37.605149], [-77.606764, 37.607453], [-77.604993, 37.607181], [-77.601069, 37.607164], [-77.594742, 37.607257], [-77.594584, 37.606397], [-77.592642, 37.604228], [-77.591138, 37.603572], [-77.591705, 37.599828], [-77.594468, 37.596272], [-77.603353, 37.596758], [-77.607079, 37.59695], [-77.605968, 37.600941]]]}, "properties": {"GEOID": "510872001351", "total_units": 503, "carfree_units": 32, "pct_carfree": 6.36}}, {"type": "Feature", "geometry": {"type": "Polygon", "coordinates": [[[-77.317409, 37.534479], [-77.314047, 37.536863], [-77.309145, 37.538864], [-77.306576, 37.536659], [-77.312857, 37.530276], [-77.315812, 37.53233], [-77.317409, 37.534479]]]}, "properties": {"GEOID": "510872014034", "total_units": 287, "carfree_units": 25, "pct_carfree": 8.71}}, {"type": "Feature", "geometry": {"type": "Polygon", "coordinates": [[[-77.393704, 37.512622], [-77.384129, 37.506467], [-77.381059, 37.503266], [-77.390149, 37.503796], [-77.393877, 37.504954], [-77.393704, 37.512622]]]}, "properties": {"GEOID": "510872015042", "total_units": 493, "carfree_units": 141, "pct_carfree": 28.6}}, {"type": "Feature", "geometry": {"type": "Polygon", "coordinates": [[[-77.342598, 37.547684], [-77.343105, 37.55105], [-77.342364, 37.551005], [-77.339984, 37.55052], [-77.334331, 37.550856], [-77.331374, 37.549603], [-77.327649, 37.546002], [-77.337146, 37.539925], [-77.338947, 37.541687], [-77.344066, 37.542177], [-77.342598, 37.547684]]]}, "properties": {"GEOID": "510872012051", "total_units": 847, "carfree_units": 154, "pct_carfree": 18.18}}, {"type": "Feature", "geometry": {"type": "Polygon", "coordinates": [[[-77.319433, 37.537383], [-77.317169, 37.539083], [-77.315397, 37.540229], [-77.309867, 37.543825], [-77.307711, 37.542745], [-77.309513, 37.540858], [-77.307979, 37.54081], [-77.305009, 37.538241], [-77.306576, 37.536659], [-77.309145, 37.538864], [-77.314047, 37.536863], [-77.317409, 37.534479], [-77.319433, 37.537383]]]}, "properties": {"GEOID": "510872014035", "total_units": 419, "carfree_units": 0, "pct_carfree": 0.0}}, {"type": "Feature", "geometry": {"type": "Polygon", "coordinates": [[[-77.520038, 37.621897], [-77.518394, 37.622432], [-77.511902, 37.622763], [-77.512031, 37.6203], [-77.508717, 37.620013], [-77.508865, 37.616594], [-77.50924, 37.616521], [-77.518695, 37.62043], [-77.520038, 37.621897]]]}, "properties": {"GEOID": "510872004181", "total_units": 680, "carfree_units": 0, "pct_carfree": 0.0}}, {"type": "Feature", "geometry": {"type": "Polygon", "coordinates": [[[-77.651983, 37.619912], [-77.650657, 37.624039], [-77.650621, 37.624188], [-77.649607, 37.623879], [-77.643814, 37.624401], [-77.643883, 37.618637], [-77.643737, 37.616897], [-77.643182, 37.616224], [-77.636244, 37.611687], [-77.636947, 37.608292], [-77.639519, 37.605299], [-77.640243, 37.60269], [-77.641732, 37.606628], [-77.640706, 37.607904], [-77.641819, 37.610368], [-77.641753, 37.611785], [-77.643497, 37.614104], [-77.646566, 37.613787], [-77.651137, 37.616141], [-77.652037, 37.616893], [-77.651983, 37.619912]]]}, "properties": {"GEOID": "510872001231", "total_units": 363, "carfree_units": 0, "pct_carfree": 0.0}}, {"type": "Feature", "geometry": {"type": "Polygon", "coordinates": [[[-77.598322, 37.628015], [-77.595363, 37.63173], [-77.594909, 37.635279], [-77.593769, 37.635041], [-77.591643, 37.635455], [-77.588044, 37.639756], [-77.583438, 37.636803], [-77.582435, 37.635558], [-77.584391, 37.635995], [-77.586466, 37.634872], [-77.587693, 37.635407], [-77.589688, 37.631694], [-77.589577, 37.628982], [-77.587975, 37.626921], [-77.587587, 37.625088], [-77.590813, 37.623294], [-77.595834, 37.625304], [-77.598051, 37.625545], [-77.598322, 37.628015]]]}, "properties": {"GEOID": "510872001273", "total_units": 639, "carfree_units": 0, "pct_carfree": 0.0}}, {"type": "Feature", "geometry": {"type": "Polygon", "coordinates": [[[-77.593546, 37.648143], [-77.590551, 37.647712], [-77.583099, 37.646745], [-77.575241, 37.645909], [-77.571994, 37.645413], [-77.568759, 37.644148], [-77.566935, 37.646672], [-77.565429, 37.647804], [-77.560499, 37.64903], [-77.559558, 37.645629], [-77.559101, 37.643269], [-77.560496, 37.640781], [-77.563165, 37.638815], [-77.56413, 37.637826], [-77.567721, 37.633932], [-77.569293, 37.632304], [-77.574342, 37.635295], [-77.576943, 37.636788], [-77.585622, 37.64186], [-77.588425, 37.643661], [-77.590832, 37.645558], [-77.593546, 37.648143]]]}, "properties": {"GEOID": "510872001514", "total_units": 772, "carfree_units": 14, "pct_carfree": 1.81}}, {"type": "Feature", "geometry": {"type": "Polygon", "coordinates": [[[-77.634126, 37.637168], [-77.63108, 37.640428], [-77.628181, 37.64353], [-77.627154, 37.645377], [-77.626896, 37.648314], [-77.625953, 37.649487], [-77.623233, 37.650811], [-77.621864, 37.648819], [-77.61846, 37.647214], [-77.619896, 37.644623], [-77.621899, 37.6429], [-77.621619, 37.64116], [-77.62603, 37.638386], [-77.628495, 37.638812], [-77.631317, 37.635486], [-77.634126, 37.637168]]]}, "properties": {"GEOID": "510872001423", "total_units": 581, "carfree_units": 0, "pct_carfree": 0.0}}, {"type": "Feature", "geometry": {"type": "Polygon", "coordinates": [[[-77.598255, 37.673568], [-77.597377, 37.673854], [-77.593208, 37.676211], [-77.590977, 37.673509], [-77.591826, 37.670694], [-77.594546, 37.669166], [-77.597683, 37.669357], [-77.597541, 37.671686], [-77.598255, 37.673568]]]}, "properties": {"GEOID": "510872001493", "total_units": 308, "carfree_units": 7, "pct_carfree": 2.27}}, {"type": "Feature", "geometry": {"type": "Polygon", "coordinates": [[[-77.637529, 37.614189], [-77.632598, 37.616331], [-77.631335, 37.61838], [-77.629574, 37.619887], [-77.628727, 37.621815], [-77.623232, 37.620533], [-77.619891, 37.619716], [-77.61642, 37.619208], [-77.617341, 37.616999], [-77.61637, 37.612026], [-77.617294, 37.609916], [-77.620444, 37.610812], [-77.627951, 37.611555], [-77.629543, 37.612139], [-77.631386, 37.612912], [-77.632982, 37.613348], [-77.633388, 37.613408], [-77.634443, 37.613417], [-77.635557, 37.613439], [-77.637529, 37.614189]]]}, "properties": {"GEOID": "510872001242", "total_units": 895, "carfree_units": 0, "pct_carfree": 0.0}}, {"type": "Feature", "geometry": {"type": "Polygon", "coordinates": [[[-77.590461, 37.60734], [-77.584833, 37.607347], [-77.578661, 37.607341], [-77.577305, 37.607218], [-77.573453, 37.606056], [-77.572254, 37.605653], [-77.576877, 37.596339], [-77.58267, 37.600439], [-77.586131, 37.60232], [-77.591138, 37.603572], [-77.590461, 37.60734]]]}, "properties": {"GEOID": "510872001062", "total_units": 754, "carfree_units": 15, "pct_carfree": 1.99}}, {"type": "Feature", "geometry": {"type": "Polygon", "coordinates": [[[-77.487228, 37.614973], [-77.481208, 37.616198], [-77.473781, 37.616686], [-77.472896, 37.612952], [-77.47258, 37.612349], [-77.479987, 37.610751], [-77.485022, 37.610155], [-77.487228, 37.614973]]]}, "properties": {"GEOID": "510872006002", "total_units": 718, "carfree_units": 0, "pct_carfree": 0.0}}, {"type": "Feature", "geometry": {"type": "Polygon", "coordinates": [[[-77.545234, 37.638444], [-77.544144, 37.641371], [-77.542743, 37.642854], [-77.540939, 37.64758], [-77.54086, 37.649371], [-77.532762, 37.649499], [-77.531442, 37.649225], [-77.533391, 37.643228], [-77.533369, 37.642089], [-77.533711, 37.641242], [-77.534892, 37.639738], [-77.540719, 37.632837], [-77.546584, 37.635212], [-77.545234, 37.638444]]]}, "properties": {"GEOID": "510872004071", "total_units": 622, "carfree_units": 0, "pct_carfree": 0.0}}, {"type": "Feature", "geometry": {"type": "Polygon", "coordinates": [[[-77.535454, 37.630095], [-77.532185, 37.631019], [-77.529491, 37.630814], [-77.522921, 37.629698], [-77.519318, 37.629699], [-77.513912, 37.630076], [-77.508208, 37.632598], [-77.504623, 37.62642], [-77.504121, 37.625483], [-77.50292, 37.622255], [-77.508464, 37.622435], [-77.511902, 37.622763], [-77.518394, 37.622432], [-77.520038, 37.621897], [-77.523449, 37.620085], [-77.524203, 37.619717], [-77.524998, 37.620688], [-77.534422, 37.629054], [-77.535454, 37.630095]]]}, "properties": {"GEOID": "510872004091", "total_units": 789, "carfree_units": 5, "pct_carfree": 0.63}}, {"type": "Feature", "geometry": {"type": "Polygon", "coordinates": [[[-77.550513, 37.626011], [-77.546267, 37.628347], [-77.543176, 37.629207], [-77.539246, 37.629261], [-77.538091, 37.624242], [-77.537895, 37.614765], [-77.537864, 37.612705], [-77.544715, 37.619808], [-77.553866, 37.624261], [-77.550513, 37.626011]]]}, "properties": {"GEOID": "510872003052", "total_units": 698, "carfree_units": 52, "pct_carfree": 7.45}}, {"type": "Feature", "geometry": {"type": "Polygon", "coordinates": [[[-77.521415, 37.588042], [-77.519848, 37.589613], [-77.518174, 37.58861], [-77.512448, 37.585193], [-77.509587, 37.58779], [-77.507466, 37.586302], [-77.509941, 37.583706], [-77.510077, 37.583567], [-77.511812, 37.581751], [-77.511943, 37.581835], [-77.513248, 37.582529], [-77.515087, 37.581802], [-77.516464, 37.581666], [-77.523017, 37.586069], [-77.521415, 37.588042]]]}, "properties": {"GEOID": "510872003021", "total_units": 452, "carfree_units": 0, "pct_carfree": 0.0}}, {"type": "Feature", "geometry": {"type": "Polygon", "coordinates": [[[-77.488724, 37.618204], [-77.485654, 37.618828], [-77.483897, 37.62043], [-77.482911, 37.621038], [-77.480482, 37.622036], [-77.478741, 37.624253], [-77.473987, 37.617548], [-77.473781, 37.616686], [-77.481208, 37.616198], [-77.487228, 37.614973], [-77.488724, 37.618204]]]}, "properties": {"GEOID": "510872006001", "total_units": 556, "carfree_units": 0, "pct_carfree": 0.0}}, {"type": "Feature", "geometry": {"type": "Polygon", "coordinates": [[[-77.342561, 37.444522], [-77.332876, 37.452434], [-77.32968, 37.456858], [-77.32888, 37.459238], [-77.328989, 37.4644], [-77.3295, 37.467431], [-77.328446, 37.466344], [-77.322836, 37.464132], [-77.31456, 37.459387], [-77.31795, 37.454913], [-77.333268, 37.436677], [-77.34059, 37.439631], [-77.342867, 37.440757], [-77.342561, 37.444522]]]}, "properties": {"GEOID": "510872015022", "total_units": 896, "carfree_units": 22, "pct_carfree": 2.46}}, {"type": "Feature", "geometry": {"type": "Polygon", "coordinates": [[[-77.524028, 37.635965], [-77.523081, 37.636479], [-77.52117, 37.638618], [-77.520167, 37.64162], [-77.519648, 37.641765], [-77.516522, 37.642014], [-77.516029, 37.64141], [-77.516147, 37.641137], [-77.517888, 37.63689], [-77.520607, 37.636783], [-77.523418, 37.635743], [-77.524028, 37.635965]]]}, "properties": {"GEOID": "510872004113", "total_units": 286, "carfree_units": 0, "pct_carfree": 0.0}}, {"type": "Feature", "geometry": {"type": "Polygon", "coordinates": [[[-77.56413, 37.637826], [-77.560784, 37.635899], [-77.559402, 37.63422], [-77.55855, 37.632822], [-77.558991, 37.632334], [-77.560368, 37.631378], [-77.562575, 37.632472], [-77.564064, 37.633398], [-77.567721, 37.633932], [-77.56413, 37.637826]]]}, "properties": {"GEOID": "510872001252", "total_units": 255, "carfree_units": 23, "pct_carfree": 9.02}}, {"type": "Feature", "geometry": {"type": "Polygon", "coordinates": [[[-77.56213, 37.66279], [-77.555768, 37.66287], [-77.549028, 37.661793], [-77.549867, 37.659332], [-77.552355, 37.657675], [-77.554389, 37.653353], [-77.554357, 37.649044], [-77.55654, 37.648983], [-77.560499, 37.64903], [-77.561608, 37.653094], [-77.56213, 37.66279]]]}, "properties": {"GEOID": "510872004143", "total_units": 764, "carfree_units": 0, "pct_carfree": 0.0}}, {"type": "Feature", "geometry": {"type": "Polygon", "coordinates": [[[-77.56205, 37.664192], [-77.56045, 37.666993], [-77.55767, 37.669033], [-77.554596, 37.673357], [-77.549283, 37.673804], [-77.548484, 37.674987], [-77.543183, 37.674183], [-77.541723, 37.671359], [-77.544082, 37.662478], [-77.544495, 37.660955], [-77.549028, 37.661793], [-77.555768, 37.66287], [-77.56213, 37.66279], [-77.56205, 37.664192]]]}, "properties": {"GEOID": "510872004141", "total_units": 942, "carfree_units": 0, "pct_carfree": 0.0}}, {"type": "Feature", "geometry": {"type": "Polygon", "coordinates": [[[-77.578318, 37.612231], [-77.575742, 37.610562], [-77.574366, 37.611504], [-77.571516, 37.6096], [-77.572236, 37.60916], [-77.573453, 37.606056], [-77.577305, 37.607218], [-77.578661, 37.607341], [-77.578318, 37.612231]]]}, "properties": {"GEOID": "510872001531", "total_units": 572, "carfree_units": 21, "pct_carfree": 3.67}}, {"type": "Feature", "geometry": {"type": "Polygon", "coordinates": [[[-77.354224, 37.549858], [-77.349702, 37.551599], [-77.345258, 37.550966], [-77.343105, 37.55105], [-77.342598, 37.547684], [-77.344066, 37.542177], [-77.350148, 37.542748], [-77.351524, 37.543216], [-77.352538, 37.544134], [-77.352949, 37.545259], [-77.353158, 37.548289], [-77.354224, 37.549858]]]}, "properties": {"GEOID": "510872012061", "total_units": 526, "carfree_units": 51, "pct_carfree": 9.7}}, {"type": "Feature", "geometry": {"type": "Polygon", "coordinates": [[[-77.509941, 37.583706], [-77.507466, 37.586302], [-77.503796, 37.590121], [-77.49381, 37.581987], [-77.498699, 37.576776], [-77.510077, 37.583567], [-77.509941, 37.583706]]]}, "properties": {"GEOID": "510872003012", "total_units": 440, "carfree_units": 114, "pct_carfree": 25.91}}, {"type": "Feature", "geometry": {"type": "Polygon", "coordinates": [[[-77.546041, 37.599404], [-77.541843, 37.597801], [-77.537636, 37.59721], [-77.536335, 37.596975], [-77.532006, 37.594264], [-77.531602, 37.592803], [-77.531647, 37.591951], [-77.532559, 37.591783], [-77.535258, 37.59293], [-77.548815, 37.593766], [-77.546041, 37.599404]]]}, "properties": {"GEOID": "510872002024", "total_units": 493, "carfree_units": 10, "pct_carfree": 2.03}}, {"type": "Feature", "geometry": {"type": "Polygon", "coordinates": [[[-77.631329, 37.625797], [-77.62923, 37.627162], [-77.626929, 37.630442], [-77.62582, 37.63324], [-77.624534, 37.632574], [-77.62151, 37.63188], [-77.616997, 37.631791], [-77.613503, 37.63287], [-77.613123, 37.633048], [-77.611998, 37.631938], [-77.611498, 37.631699], [-77.613958, 37.630631], [-77.618351, 37.624854], [-77.623232, 37.620533], [-77.628727, 37.621815], [-77.632249, 37.622656], [-77.631329, 37.625797]]]}, "properties": {"GEOID": "510872001222", "total_units": 762, "carfree_units": 4, "pct_carfree": 0.52}}, {"type": "Feature", "geometry": {"type": "Polygon", "coordinates": [[[-77.613123, 37.633048], [-77.610344, 37.634567], [-77.608427, 37.636601], [-77.605861, 37.636719], [-77.602142, 37.637148], [-77.594909, 37.635279], [-77.595363, 37.63173], [-77.598322, 37.628015], [-77.598051, 37.625545], [-77.599823, 37.625303], [-77.600935, 37.624938], [-77.606436, 37.622265], [-77.609345, 37.626517], [-77.610449, 37.630921], [-77.611498, 37.631699], [-77.611998, 37.631938], [-77.613123, 37.633048]]]}, "properties": {"GEOID": "510872001272", "total_units": 808, "carfree_units": 0, "pct_carfree": 0.0}}, {"type": "Feature", "geometry": {"type": "Polygon", "coordinates": [[[-77.563165, 37.638815], [-77.560496, 37.640781], [-77.555742, 37.638861], [-77.557037, 37.635824], [-77.559402, 37.63422], [-77.560784, 37.635899], [-77.56413, 37.637826], [-77.563165, 37.638815]]]}, "properties": {"GEOID": "510872001263", "total_units": 645, "carfree_units": 17, "pct_carfree": 2.64}}, {"type": "Feature", "geometry": {"type": "Polygon", "coordinates": [[[-77.516248, 37.605741], [-77.512424, 37.605357], [-77.505506, 37.605119], [-77.50416, 37.60485], [-77.501725, 37.603596], [-77.498478, 37.599633], [-77.495481, 37.598209], [-77.491363, 37.597494], [-77.491518, 37.596832], [-77.493012, 37.592547], [-77.493923, 37.593846], [-77.493387, 37.595712], [-77.495807, 37.5967], [-77.499684, 37.594579], [-77.50074, 37.592536], [-77.503796, 37.590121], [-77.510666, 37.595775], [-77.513835, 37.598602], [-77.51439, 37.599741], [-77.515647, 37.604706], [-77.516248, 37.605741]]]}, "properties": {"GEOID": "510872005011", "total_units": 661, "carfree_units": 51, "pct_carfree": 7.72}}, {"type": "Feature", "geometry": {"type": "Polygon", "coordinates": [[[-77.452603, 37.640253], [-77.449246, 37.637651], [-77.448029, 37.637689], [-77.445415, 37.639666], [-77.444346, 37.640296], [-77.442937, 37.63686], [-77.437555, 37.63818], [-77.437182, 37.635496], [-77.432343, 37.635982], [-77.429857, 37.63475], [-77.434794, 37.629029], [-77.436673, 37.629467], [-77.449232, 37.629698], [-77.450722, 37.632634], [-77.451776, 37.635714], [-77.45189, 37.63615], [-77.452513, 37.639188], [-77.452603, 37.640253]]]}, "properties": {"GEOID": "510872009041", "total_units": 731, "carfree_units": 38, "pct_carfree": 5.2}}, {"type": "Feature", "geometry": {"type": "Polygon", "coordinates": [[[-77.589888, 37.610431], [-77.588227, 37.613297], [-77.585875, 37.610957], [-77.584833, 37.607347], [-77.590461, 37.60734], [-77.589888, 37.610431]]]}, "properties": {"GEOID": "510872001371", "total_units": 556, "carfree_units": 46, "pct_carfree": 8.27}}, {"type": "Feature", "geometry": {"type": "Polygon", "coordinates": [[[-77.466964, 37.668754], [-77.464898, 37.671014], [-77.463329, 37.671969], [-77.460774, 37.671348], [-77.460693, 37.673236], [-77.461539, 37.680272], [-77.460613, 37.678326], [-77.457395, 37.677826], [-77.454989, 37.678872], [-77.455868, 37.679889], [-77.454344, 37.680567], [-77.45309, 37.679708], [-77.451133, 37.680272], [-77.449033, 37.674804], [-77.448474, 37.672055], [-77.448453, 37.667122], [-77.449013, 37.663838], [-77.451239, 37.663843], [-77.454487, 37.664592], [-77.457261, 37.665819], [-77.459037, 37.666134], [-77.46515, 37.665752], [-77.466603, 37.666858], [-77.466964, 37.668754]]]}, "properties": {"GEOID": "510872009072", "total_units": 301, "carfree_units": 17, "pct_carfree": 5.65}}, {"type": "Feature", "geometry": {"type": "Polygon", "coordinates": [[[-77.563905, 37.600225], [-77.564083, 37.601705], [-77.562278, 37.601976], [-77.559183, 37.603252], [-77.558531, 37.602893], [-77.551884, 37.601134], [-77.546041, 37.599404], [-77.548815, 37.593766], [-77.566337, 37.594718], [-77.563905, 37.600225]]]}, "properties": {"GEOID": "510872002012", "total_units": 627, "carfree_units": 0, "pct_carfree": 0.0}}, {"type": "Feature", "geometry": {"type": "Polygon", "coordinates": [[[-77.560238, 37.628455], [-77.560368, 37.631378], [-77.558991, 37.632334], [-77.55855, 37.632822], [-77.556443, 37.631199], [-77.557616, 37.630517], [-77.556391, 37.625462], [-77.560698, 37.627582], [-77.560238, 37.628455]]]}, "properties": {"GEOID": "510872001251", "total_units": 329, "carfree_units": 10, "pct_carfree": 3.04}}, {"type": "Feature", "geometry": {"type": "Polygon", "coordinates": [[[-77.427269, 37.597128], [-77.426321, 37.598627], [-77.424609, 37.598242], [-77.424512, 37.598513], [-77.422382, 37.598434], [-77.416368, 37.599718], [-77.411643, 37.601574], [-77.41097, 37.601657], [-77.408606, 37.598586], [-77.407705, 37.596362], [-77.409098, 37.588867], [-77.41203, 37.58493], [-77.412284, 37.584293], [-77.412363, 37.583978], [-77.412396, 37.583722], [-77.413196, 37.579928], [-77.413323, 37.579964], [-77.41864, 37.582234], [-77.423204, 37.582246], [-77.423949, 37.585732], [-77.42599, 37.589304], [-77.427847, 37.592662], [-77.427269, 37.597128]]]}, "properties": {"GEOID": "510872008051", "total_units": 221, "carfree_units": 0, "pct_carfree": 0.0}}, {"type": "Feature", "geometry": {"type": "Polygon", "coordinates": [[[-77.560499, 37.64903], [-77.55654, 37.648983], [-77.556319, 37.645398], [-77.556163, 37.644948], [-77.559558, 37.645629], [-77.560499, 37.64903]]]}, "properties": {"GEOID": "510872004073", "total_units": 400, "carfree_units": 0, "pct_carfree": 0.0}}, {"type": "Feature", "geometry": {"type": "Polygon", "coordinates": [[[-77.4795, 37.606973], [-77.474811, 37.607777], [-77.471227, 37.607522], [-77.471622, 37.603414], [-77.470903, 37.598396], [-77.476797, 37.598542], [-77.478146, 37.598892], [-77.476824, 37.602924], [-77.476708, 37.603549], [-77.479361, 37.603705], [-77.479387, 37.606084], [-77.4795, 37.606973]]]}, "properties": {"GEOID": "510872006004", "total_units": 354, "carfree_units": 0, "pct_carfree": 0.0}}, {"type": "Feature", "geometry": {"type": "Polygon", "coordinates": [[[-77.365756, 37.548308], [-77.36439, 37.548947], [-77.361366, 37.553406], [-77.360179, 37.558206], [-77.358463, 37.558088], [-77.356138, 37.557403], [-77.355305, 37.557509], [-77.353301, 37.557206], [-77.353444, 37.555085], [-77.354505, 37.549732], [-77.356145, 37.548966], [-77.356777, 37.548701], [-77.3646, 37.546294], [-77.365756, 37.548308]]]}, "properties": {"GEOID": "510872012031", "total_units": 488, "carfree_units": 0, "pct_carfree": 0.0}}, {"type": "Feature", "geometry": {"type": "Polygon", "coordinates": [[[-77.508865, 37.616594], [-77.506321, 37.617381], [-77.505695, 37.617453], [-77.505026, 37.614516], [-77.504964, 37.613434], [-77.505727, 37.613396], [-77.508367, 37.613286], [-77.508298, 37.614069], [-77.508865, 37.616594]]]}, "properties": {"GEOID": "510872004171", "total_units": 313, "carfree_units": 0, "pct_carfree": 0.0}}, {"type": "Feature", "geometry": {"type": "Polygon", "coordinates": [[[-77.540289, 37.681047], [-77.532478, 37.682133], [-77.527857, 37.682295], [-77.521267, 37.681776], [-77.514648, 37.68033], [-77.504257, 37.677302], [-77.503234, 37.676996], [-77.50484, 37.665535], [-77.51018, 37.667443], [-77.516372, 37.670286], [-77.518764, 37.671016], [-77.522115, 37.66655], [-77.527484, 37.662058], [-77.536444, 37.672957], [-77.539333, 37.676664], [-77.540289, 37.681047]]]}, "properties": {"GEOID": "510872004164", "total_units": 717, "carfree_units": 13, "pct_carfree": 1.81}}, {"type": "Feature", "geometry": {"type": "Polygon", "coordinates": [[[-77.591705, 37.599828], [-77.591138, 37.603572], [-77.586131, 37.60232], [-77.58267, 37.600439], [-77.58303, 37.599838], [-77.583402, 37.595667], [-77.594468, 37.596272], [-77.591705, 37.599828]]]}, "properties": {"GEOID": "510872001064", "total_units": 625, "carfree_units": 154, "pct_carfree": 24.64}}, {"type": "Feature", "geometry": {"type": "Polygon", "coordinates": [[[-77.356145, 37.548966], [-77.354505, 37.549732], [-77.354224, 37.549858], [-77.353158, 37.548289], [-77.352949, 37.545259], [-77.352538, 37.544134], [-77.351524, 37.543216], [-77.350148, 37.542748], [-77.344066, 37.542177], [-77.338947, 37.541687], [-77.337146, 37.539925], [-77.341373, 37.53719], [-77.341991, 37.536472], [-77.343287, 37.536736], [-77.345098, 37.536474], [-77.346599, 37.536672], [-77.349792, 37.53852], [-77.351635, 37.540506], [-77.354848, 37.541063], [-77.354915, 37.544777], [-77.356145, 37.548966]]]}, "properties": {"GEOID": "510872012062", "total_units": 527, "carfree_units": 0, "pct_carfree": 0.0}}, {"type": "Feature", "geometry": {"type": "Polygon", "coordinates": [[[-77.471227, 37.607522], [-77.471035, 37.60943], [-77.471463, 37.610487], [-77.469401, 37.610825], [-77.466466, 37.607549], [-77.466062, 37.60404], [-77.467477, 37.603865], [-77.466905, 37.598975], [-77.468824, 37.598605], [-77.470903, 37.598396], [-77.471622, 37.603414], [-77.471227, 37.607522]]]}, "properties": {"GEOID": "510872007003", "total_units": 286, "carfree_units": 7, "pct_carfree": 2.45}}, {"type": "Feature", "geometry": {"type": "Polygon", "coordinates": [[[-77.556443, 37.631199], [-77.550513, 37.626011], [-77.553866, 37.624261], [-77.556391, 37.625462], [-77.557616, 37.630517], [-77.556443, 37.631199]]]}, "properties": {"GEOID": "510872001254", "total_units": 506, "carfree_units": 49, "pct_carfree": 9.68}}, {"type": "Feature", "geometry": {"type": "Polygon", "coordinates": [[[-77.531935, 37.594487], [-77.530716, 37.596072], [-77.529779, 37.597295], [-77.523244, 37.594429], [-77.522848, 37.594372], [-77.519207, 37.594605], [-77.518939, 37.593935], [-77.517218, 37.59228], [-77.518199, 37.591341], [-77.520393, 37.589943], [-77.519848, 37.589613], [-77.521415, 37.588042], [-77.523017, 37.586069], [-77.531483, 37.591785], [-77.531647, 37.591951], [-77.531602, 37.592803], [-77.532006, 37.594264], [-77.531935, 37.594487]]]}, "properties": {"GEOID": "510872003022", "total_units": 498, "carfree_units": 9, "pct_carfree": 1.81}}, {"type": "Feature", "geometry": {"type": "Polygon", "coordinates": [[[-77.638871, 37.617568], [-77.638636, 37.621874], [-77.638003, 37.624038], [-77.632249, 37.622656], [-77.628727, 37.621815], [-77.629574, 37.619887], [-77.631335, 37.61838], [-77.632598, 37.616331], [-77.637529, 37.614189], [-77.638718, 37.615641], [-77.638871, 37.617568]]]}, "properties": {"GEOID": "510872001243", "total_units": 559, "carfree_units": 95, "pct_carfree": 16.99}}, {"type": "Feature", "geometry": {"type": "Polygon", "coordinates": [[[-77.530792, 37.636751], [-77.527525, 37.638589], [-77.526549, 37.63666], [-77.524028, 37.635965], [-77.523418, 37.635743], [-77.520607, 37.636783], [-77.517888, 37.63689], [-77.51841, 37.63472], [-77.523712, 37.634669], [-77.524922, 37.634822], [-77.52893, 37.633993], [-77.529025, 37.633997], [-77.530792, 37.636751]]]}, "properties": {"GEOID": "510872004112", "total_units": 653, "carfree_units": 0, "pct_carfree": 0.0}}, {"type": "Feature", "geometry": {"type": "Polygon", "coordinates": [[[-77.537895, 37.614765], [-77.536458, 37.614805], [-77.531727, 37.61725], [-77.523923, 37.619224], [-77.520843, 37.613369], [-77.518145, 37.60846], [-77.516248, 37.605741], [-77.521713, 37.606413], [-77.529919, 37.608344], [-77.535039, 37.610798], [-77.537864, 37.612705], [-77.537895, 37.614765]]]}, "properties": {"GEOID": "510872003051", "total_units": 390, "carfree_units": 0, "pct_carfree": 0.0}}, {"type": "Feature", "geometry": {"type": "Polygon", "coordinates": [[[-77.430032, 37.606425], [-77.427704, 37.606547], [-77.427633, 37.605469], [-77.427215, 37.605481], [-77.426705, 37.605696], [-77.424988, 37.605782], [-77.424782, 37.603005], [-77.429857, 37.602739], [-77.430032, 37.606425]]]}, "properties": {"GEOID": "510872008072", "total_units": 237, "carfree_units": 0, "pct_carfree": 0.0}}, {"type": "Feature", "geometry": {"type": "Polygon", "coordinates": [[[-77.47332, 37.661256], [-77.46995, 37.660342], [-77.460155, 37.659121], [-77.459781, 37.651513], [-77.460222, 37.643356], [-77.460069, 37.640958], [-77.465802, 37.646518], [-77.468773, 37.650742], [-77.473189, 37.657168], [-77.473206, 37.65973], [-77.47332, 37.661256]]]}, "properties": {"GEOID": "510872009082", "total_units": 646, "carfree_units": 22, "pct_carfree": 3.41}}, {"type": "Feature", "geometry": {"type": "Polygon", "coordinates": [[[-77.460789, 37.608105], [-77.458115, 37.608227], [-77.456685, 37.609108], [-77.455386, 37.606406], [-77.455102, 37.605693], [-77.457713, 37.602819], [-77.459445, 37.603748], [-77.461959, 37.606397], [-77.460789, 37.608105]]]}, "properties": {"GEOID": "510872007001", "total_units": 362, "carfree_units": 53, "pct_carfree": 14.64}}, {"type": "Feature", "geometry": {"type": "Polygon", "coordinates": [[[-77.573209, 37.625851], [-77.570864, 37.627028], [-77.56406, 37.622095], [-77.56347, 37.619594], [-77.559838, 37.618462], [-77.56356, 37.611528], [-77.567408, 37.614758], [-77.569422, 37.618779], [-77.572863, 37.623105], [-77.573209, 37.625851]]]}, "properties": {"GEOID": "510872001521", "total_units": 763, "carfree_units": 0, "pct_carfree": 0.0}}, {"type": "Feature", "geometry": {"type": "Polygon", "coordinates": [[[-77.550671, 37.590312], [-77.546617, 37.589409], [-77.540882, 37.592032], [-77.537442, 37.588682], [-77.537397, 37.586258], [-77.534201, 37.584185], [-77.536401, 37.582223], [-77.537826, 37.58136], [-77.538624, 37.582888], [-77.543564, 37.581554], [-77.543353, 37.58106], [-77.541738, 37.580518], [-77.543066, 37.579089], [-77.546131, 37.580656], [-77.545244, 37.58173], [-77.547185, 37.584881], [-77.548045, 37.588349], [-77.551431, 37.588888], [-77.550671, 37.590312]]]}, "properties": {"GEOID": "510872002022", "total_units": 440, "carfree_units": 0, "pct_carfree": 0.0}}, {"type": "Feature", "geometry": {"type": "Polygon", "coordinates": [[[-77.574289, 37.627885], [-77.572406, 37.629063], [-77.569293, 37.632304], [-77.560698, 37.627582], [-77.556391, 37.625462], [-77.553866, 37.624261], [-77.555408, 37.623378], [-77.559838, 37.618462], [-77.56347, 37.619594], [-77.56406, 37.622095], [-77.570864, 37.627028], [-77.573209, 37.625851], [-77.573376, 37.626888], [-77.574289, 37.627885]]]}, "properties": {"GEOID": "510872001522", "total_units": 484, "carfree_units": 80, "pct_carfree": 16.53}}, {"type": "Feature", "geometry": {"type": "Polygon", "coordinates": [[[-77.624413, 37.683772], [-77.623924, 37.68484], [-77.621792, 37.684527], [-77.616726, 37.685692], [-77.615003, 37.683037], [-77.615078, 37.681622], [-77.61334, 37.681763], [-77.607569, 37.68571], [-77.608084, 37.684209], [-77.605174, 37.682141], [-77.604268, 37.680449], [-77.601173, 37.678033], [-77.602154, 37.67717], [-77.603912, 37.673971], [-77.603987, 37.67324], [-77.607549, 37.673053], [-77.608159, 37.673091], [-77.612773, 37.673766], [-77.615497, 37.672945], [-77.617345, 37.675352], [-77.623533, 37.681286], [-77.624408, 37.683342], [-77.624413, 37.683772]]]}, "properties": {"GEOID": "510872001472", "total_units": 585, "carfree_units": 106, "pct_carfree": 18.12}}, {"type": "Feature", "geometry": {"type": "Polygon", "coordinates": [[[-77.391346, 37.490854], [-77.390899, 37.492718], [-77.389068, 37.493657], [-77.389613, 37.495496], [-77.379224, 37.496911], [-77.379293, 37.496163], [-77.379149, 37.491958], [-77.380687, 37.485887], [-77.3897, 37.484305], [-77.391721, 37.484403], [-77.391346, 37.490854]]]}, "properties": {"GEOID": "510872015033", "total_units": 640, "carfree_units": 0, "pct_carfree": 0.0}}, {"type": "Feature", "geometry": {"type": "Polygon", "coordinates": [[[-77.652052, 37.630897], [-77.648824, 37.629978], [-77.642992, 37.631146], [-77.640042, 37.633097], [-77.638631, 37.634965], [-77.636837, 37.635697], [-77.63577, 37.63799], [-77.634126, 37.637168], [-77.63849, 37.632175], [-77.638383, 37.632116], [-77.643346, 37.626348], [-77.643814, 37.624401], [-77.649607, 37.623879], [-77.650621, 37.624188], [-77.650862, 37.624649], [-77.652052, 37.630897]]]}, "properties": {"GEOID": "510872001393", "total_units": 457, "carfree_units": 66, "pct_carfree": 14.44}}, {"type": "Feature", "geometry": {"type": "Polygon", "coordinates": [[[-77.573453, 37.606056], [-77.572236, 37.60916], [-77.571217, 37.608555], [-77.570191, 37.608891], [-77.564412, 37.608558], [-77.564731, 37.607368], [-77.561293, 37.607338], [-77.559183, 37.603252], [-77.562278, 37.601976], [-77.564083, 37.601705], [-77.564653, 37.601699], [-77.567331, 37.603659], [-77.572254, 37.605653], [-77.573453, 37.606056]]]}, "properties": {"GEOID": "510872001532", "total_units": 332, "carfree_units": 35, "pct_carfree": 10.54}}, {"type": "Feature", "geometry": {"type": "Polygon", "coordinates": [[[-77.572626, 37.651543], [-77.570779, 37.652586], [-77.569105, 37.650825], [-77.566906, 37.652668], [-77.561608, 37.653094], [-77.560499, 37.64903], [-77.565429, 37.647804], [-77.566935, 37.646672], [-77.568759, 37.644148], [-77.571994, 37.645413], [-77.575241, 37.645909], [-77.572626, 37.651543]]]}, "properties": {"GEOID": "510872001511", "total_units": 485, "carfree_units": 103, "pct_carfree": 21.24}}, {"type": "Feature", "geometry": {"type": "Polygon", "coordinates": [[[-77.636156, 37.611748], [-77.635557, 37.613439], [-77.634443, 37.613417], [-77.633388, 37.613408], [-77.632982, 37.613348], [-77.631386, 37.612912], [-77.629543, 37.612139], [-77.627951, 37.611555], [-77.620444, 37.610812], [-77.617294, 37.609916], [-77.619344, 37.606334], [-77.616636, 37.604125], [-77.614766, 37.597361], [-77.617645, 37.597506], [-77.618061, 37.598525], [-77.636244, 37.611687], [-77.636156, 37.611748]]]}, "properties": {"GEOID": "510872001361", "total_units": 900, "carfree_units": 68, "pct_carfree": 7.56}}, {"type": "Feature", "geometry": {"type": "Polygon", "coordinates": [[[-77.61365, 37.692976], [-77.612599, 37.695372], [-77.611143, 37.694875], [-77.609096, 37.693765], [-77.608108, 37.692816], [-77.607681, 37.691583], [-77.609433, 37.691005], [-77.610867, 37.689865], [-77.612832, 37.691106], [-77.613606, 37.692357], [-77.61365, 37.692976]]]}, "properties": {"GEOID": "510872001461", "total_units": 331, "carfree_units": 0, "pct_carfree": 0.0}}, {"type": "Feature", "geometry": {"type": "Polygon", "coordinates": [[[-77.371545, 37.549414], [-77.36811, 37.55004], [-77.366453, 37.545751], [-77.368682, 37.544999], [-77.369984, 37.544252], [-77.371479, 37.546874], [-77.371545, 37.549414]]]}, "properties": {"GEOID": "510872011031", "total_units": 448, "carfree_units": 138, "pct_carfree": 30.8}}, {"type": "Feature", "geometry": {"type": "Polygon", "coordinates": [[[-77.393829, 37.580417], [-77.388904, 37.578566], [-77.380148, 37.576278], [-77.381389, 37.572682], [-77.381258, 37.57193], [-77.382275, 37.571816], [-77.383073, 37.572446], [-77.395832, 37.577512], [-77.393829, 37.580417]]]}, "properties": {"GEOID": "510872010013", "total_units": 490, "carfree_units": 90, "pct_carfree": 18.37}}, {"type": "Feature", "geometry": {"type": "Polygon", "coordinates": [[[-77.566337, 37.594718], [-77.548815, 37.593766], [-77.550671, 37.590312], [-77.551431, 37.588888], [-77.552908, 37.58615], [-77.553195, 37.585597], [-77.554139, 37.583797], [-77.554909, 37.582392], [-77.556683, 37.58402], [-77.558588, 37.585418], [-77.564999, 37.58972], [-77.567461, 37.592394], [-77.566337, 37.594718]]]}, "properties": {"GEOID": "510872002011", "total_units": 617, "carfree_units": 30, "pct_carfree": 4.86}}, {"type": "Feature", "geometry": {"type": "Polygon", "coordinates": [[[-77.414924, 37.563452], [-77.411153, 37.565372], [-77.409912, 37.566944], [-77.409517, 37.568964], [-77.410653, 37.572563], [-77.40946, 37.573208], [-77.403577, 37.573124], [-77.403623, 37.573753], [-77.400944, 37.579257], [-77.398378, 37.578501], [-77.395832, 37.577512], [-77.401076, 37.569825], [-77.40416, 37.565335], [-77.408378, 37.558796], [-77.408937, 37.557921], [-77.412689, 37.559505], [-77.414924, 37.563452]]]}, "properties": {"GEOID": "510872010022", "total_units": 182, "carfree_units": 3, "pct_carfree": 1.65}}, {"type": "Feature", "geometry": {"type": "Polygon", "coordinates": [[[-77.405345, 37.497302], [-77.392413, 37.497568], [-77.389809, 37.497275], [-77.389613, 37.495496], [-77.389068, 37.493657], [-77.390899, 37.492718], [-77.391346, 37.490854], [-77.391721, 37.484403], [-77.395554, 37.484655], [-77.396222, 37.484431], [-77.403194, 37.489733], [-77.404047, 37.491242], [-77.405345, 37.497302]]]}, "properties": {"GEOID": "510872015031", "total_units": 947, "carfree_units": 112, "pct_carfree": 11.83}}, {"type": "Feature", "geometry": {"type": "Polygon", "coordinates": [[[-77.626003, 37.633331], [-77.622769, 37.635488], [-77.621513, 37.638351], [-77.618643, 37.641651], [-77.616562, 37.640907], [-77.616463, 37.638759], [-77.613503, 37.63287], [-77.616997, 37.631791], [-77.62151, 37.63188], [-77.624534, 37.632574], [-77.62582, 37.63324], [-77.626003, 37.633331]]]}, "properties": {"GEOID": "510872001421", "total_units": 394, "carfree_units": 0, "pct_carfree": 0.0}}, {"type": "Feature", "geometry": {"type": "Polygon", "coordinates": [[[-77.639519, 37.605299], [-77.636947, 37.608292], [-77.636244, 37.611687], [-77.618061, 37.598525], [-77.617645, 37.597506], [-77.626031, 37.597944], [-77.626353, 37.598806], [-77.628333, 37.599908], [-77.631584, 37.600548], [-77.634095, 37.602018], [-77.635818, 37.601656], [-77.640243, 37.60269], [-77.639519, 37.605299]]]}, "properties": {"GEOID": "510872001362", "total_units": 535, "carfree_units": 178, "pct_carfree": 33.27}}, {"type": "Feature", "geometry": {"type": "Polygon", "coordinates": [[[-77.393829, 37.580417], [-77.388166, 37.588314], [-77.372566, 37.580159], [-77.368913, 37.570982], [-77.370565, 37.570966], [-77.381258, 37.57193], [-77.381389, 37.572682], [-77.380148, 37.576278], [-77.388904, 37.578566], [-77.393829, 37.580417]]]}, "properties": {"GEOID": "510872010014", "total_units": 736, "carfree_units": 0, "pct_carfree": 0.0}}, {"type": "Feature", "geometry": {"type": "Polygon", "coordinates": [[[-77.458469, 37.628098], [-77.450447, 37.629579], [-77.449232, 37.629698], [-77.445785, 37.623488], [-77.451524, 37.622922], [-77.453926, 37.622042], [-77.453393, 37.618118], [-77.457042, 37.617727], [-77.458469, 37.628098]]]}, "properties": {"GEOID": "510872008021", "total_units": 466, "carfree_units": 10, "pct_carfree": 2.15}}, {"type": "Feature", "geometry": {"type": "Polygon", "coordinates": [[[-77.60118, 37.665499], [-77.599466, 37.66678], [-77.597683, 37.669357], [-77.594546, 37.669166], [-77.591826, 37.670694], [-77.590977, 37.673509], [-77.593208, 37.676211], [-77.592088, 37.676875], [-77.588798, 37.681226], [-77.585613, 37.678316], [-77.58396, 37.673822], [-77.581615, 37.670956], [-77.588436, 37.668595], [-77.596042, 37.664329], [-77.600164, 37.665438], [-77.60118, 37.665499]]]}, "properties": {"GEOID": "510872001494", "total_units": 870, "carfree_units": 22, "pct_carfree": 2.53}}, {"type": "Feature", "geometry": {"type": "Polygon", "coordinates": [[[-77.349978, 37.517342], [-77.348521, 37.51723], [-77.340664, 37.518026], [-77.340645, 37.503388], [-77.341807, 37.49984], [-77.346694, 37.501951], [-77.349412, 37.5039], [-77.349601, 37.515862], [-77.349978, 37.517342]]]}, "properties": {"GEOID": "510872014062", "total_units": 308, "carfree_units": 12, "pct_carfree": 3.9}}, {"type": "Feature", "geometry": {"type": "Polygon", "coordinates": [[[-77.599002, 37.609859], [-77.595673, 37.610114], [-77.59221, 37.611489], [-77.589736, 37.615801], [-77.588821, 37.617314], [-77.588731, 37.617408], [-77.58864, 37.617539], [-77.58842, 37.617478], [-77.587726, 37.618449], [-77.587429, 37.618618], [-77.585881, 37.617999], [-77.58524, 37.618348], [-77.586433, 37.615765], [-77.588227, 37.613297], [-77.589888, 37.610431], [-77.590461, 37.60734], [-77.591138, 37.603572], [-77.592642, 37.604228], [-77.594584, 37.606397], [-77.594742, 37.607257], [-77.601069, 37.607164], [-77.599002, 37.609859]]]}, "properties": {"GEOID": "510872001381", "total_units": 401, "carfree_units": 128, "pct_carfree": 31.92}}, {"type": "Feature", "geometry": {"type": "Polygon", "coordinates": [[[-77.544082, 37.662478], [-77.541723, 37.671359], [-77.538066, 37.67237], [-77.536444, 37.672957], [-77.527484, 37.662058], [-77.528847, 37.657666], [-77.533559, 37.658421], [-77.535242, 37.65966], [-77.538677, 37.659608], [-77.542508, 37.661012], [-77.544082, 37.662478]]]}, "properties": {"GEOID": "510872004133", "total_units": 511, "carfree_units": 0, "pct_carfree": 0.0}}, {"type": "Feature", "geometry": {"type": "Polygon", "coordinates": [[[-77.395832, 37.577512], [-77.383073, 37.572446], [-77.382275, 37.571816], [-77.401076, 37.569825], [-77.395832, 37.577512]]]}, "properties": {"GEOID": "510872010023", "total_units": 527, "carfree_units": 87, "pct_carfree": 16.51}}, {"type": "Feature", "geometry": {"type": "Polygon", "coordinates": [[[-77.547206, 37.651251], [-77.544495, 37.660955], [-77.544082, 37.662478], [-77.542508, 37.661012], [-77.538677, 37.659608], [-77.535242, 37.65966], [-77.533559, 37.658421], [-77.528847, 37.657666], [-77.530421, 37.652571], [-77.531442, 37.649225], [-77.532762, 37.649499], [-77.54086, 37.649371], [-77.547211, 37.649226], [-77.547206, 37.651251]]]}, "properties": {"GEOID": "510872004131", "total_units": 1023, "carfree_units": 0, "pct_carfree": 0.0}}, {"type": "Feature", "geometry": {"type": "Polygon", "coordinates": [[[-77.355951, 37.532721], [-77.352839, 37.532586], [-77.344571, 37.531537], [-77.334842, 37.530408], [-77.326913, 37.530086], [-77.326626, 37.53008], [-77.328282, 37.523795], [-77.336282, 37.525133], [-77.3436, 37.525352], [-77.348211, 37.525978], [-77.349357, 37.52584], [-77.352764, 37.523945], [-77.349978, 37.517342], [-77.352723, 37.517836], [-77.359236, 37.518238], [-77.359709, 37.51961], [-77.358418, 37.52428], [-77.357448, 37.524063], [-77.355683, 37.526886], [-77.361237, 37.53203], [-77.355951, 37.532721]]]}, "properties": {"GEOID": "510872014064", "total_units": 188, "carfree_units": 7, "pct_carfree": 3.72}}, {"type": "Feature", "geometry": {"type": "Polygon", "coordinates": [[[-77.411538, 37.552592], [-77.409465, 37.555842], [-77.408309, 37.557652], [-77.408937, 37.557921], [-77.408378, 37.558796], [-77.406344, 37.557519], [-77.405829, 37.558327], [-77.402, 37.555932], [-77.397516, 37.555381], [-77.394745, 37.554219], [-77.395922, 37.549767], [-77.399308, 37.549452], [-77.403145, 37.550323], [-77.411711, 37.55234], [-77.411538, 37.552592]]]}, "properties": {"GEOID": "510872010033", "total_units": 436, "carfree_units": 41, "pct_carfree": 9.4}}, {"type": "Feature", "geometry": {"type": "Polygon", "coordinates": [[[-77.518102, 37.645325], [-77.516203, 37.645014], [-77.513425, 37.64448], [-77.512355, 37.643951], [-77.510675, 37.643312], [-77.507431, 37.643108], [-77.496856, 37.641688], [-77.494033, 37.642313], [-77.493731, 37.641959], [-77.491382, 37.639928], [-77.496157, 37.636656], [-77.497744, 37.635968], [-77.497549, 37.635103], [-77.494666, 37.629087], [-77.497906, 37.627251], [-77.498465, 37.627512], [-77.500683, 37.627228], [-77.504623, 37.62642], [-77.508208, 37.632598], [-77.509276, 37.634403], [-77.509765, 37.635063], [-77.515866, 37.641167], [-77.516029, 37.64141], [-77.516522, 37.642014], [-77.517461, 37.643678], [-77.518102, 37.645325]]]}, "properties": {"GEOID": "510872005033", "total_units": 379, "carfree_units": 26, "pct_carfree": 6.86}}, {"type": "Feature", "geometry": {"type": "Polygon", "coordinates": [[[-77.61642, 37.619208], [-77.612141, 37.619596], [-77.606436, 37.622265], [-77.606292, 37.621644], [-77.607339, 37.612555], [-77.606764, 37.607453], [-77.611041, 37.609576], [-77.617294, 37.609916], [-77.61637, 37.612026], [-77.617341, 37.616999], [-77.61642, 37.619208]]]}, "properties": {"GEOID": "510872001241", "total_units": 415, "carfree_units": 10, "pct_carfree": 2.41}}, {"type": "Feature", "geometry": {"type": "Polygon", "coordinates": [[[-77.500537, 37.696036], [-77.499191, 37.700921], [-77.496988, 37.701136], [-77.497112, 37.701737], [-77.494891, 37.701526], [-77.491779, 37.698828], [-77.492504, 37.696853], [-77.491206, 37.694189], [-77.490362, 37.692175], [-77.488396, 37.691016], [-77.488041, 37.689845], [-77.49011, 37.688768], [-77.487902, 37.687161], [-77.488198, 37.686186], [-77.486639, 37.684807], [-77.485593, 37.685133], [-77.483063, 37.682973], [-77.482315, 37.683632], [-77.480637, 37.681943], [-77.479006, 37.681396], [-77.477638, 37.680879], [-77.471347, 37.662609], [-77.473413, 37.662305], [-77.474259, 37.66436], [-77.479241, 37.66789], [-77.482246, 37.670776], [-77.482863, 37.671396], [-77.483671, 37.67221], [-77.491897, 37.676657], [-77.493408, 37.677822], [-77.495969, 37.681379], [-77.497968, 37.686491], [-77.499473, 37.688436], [-77.500505, 37.690323], [-77.501222, 37.691381], [-77.500537, 37.696036]]]}, "properties": {"GEOID": "510872009071", "total_units": 338, "carfree_units": 0, "pct_carfree": 0.0}}, {"type": "Feature", "geometry": {"type": "Polygon", "coordinates": [[[-77.486512, 37.663441], [-77.484649, 37.667611], [-77.482863, 37.671396], [-77.482246, 37.670776], [-77.479241, 37.66789], [-77.474259, 37.66436], [-77.473413, 37.662305], [-77.47332, 37.661256], [-77.473206, 37.65973], [-77.473189, 37.657168], [-77.468773, 37.650742], [-77.474432, 37.651721], [-77.474851, 37.651863], [-77.477088, 37.653258], [-77.479296, 37.655993], [-77.482227, 37.66099], [-77.486562, 37.663342], [-77.486512, 37.663441]]]}, "properties": {"GEOID": "510872009053", "total_units": 436, "carfree_units": 35, "pct_carfree": 8.03}}, {"type": "Feature", "geometry": {"type": "Polygon", "coordinates": [[[-77.401076, 37.569825], [-77.382275, 37.571816], [-77.380968, 37.570371], [-77.375417, 37.561524], [-77.377664, 37.56125], [-77.37994, 37.559019], [-77.381652, 37.558692], [-77.381466, 37.563065], [-77.383237, 37.563929], [-77.383399, 37.564886], [-77.385969, 37.564697], [-77.390044, 37.563274], [-77.399022, 37.562822], [-77.40416, 37.565335], [-77.401076, 37.569825]]]}, "properties": {"GEOID": "510872010031", "total_units": 1225, "carfree_units": 21, "pct_carfree": 1.71}}, {"type": "Feature", "geometry": {"type": "Polygon", "coordinates": [[[-77.567721, 37.633932], [-77.564064, 37.633398], [-77.562575, 37.632472], [-77.560368, 37.631378], [-77.560238, 37.628455], [-77.560698, 37.627582], [-77.569293, 37.632304], [-77.567721, 37.633932]]]}, "properties": {"GEOID": "510872001253", "total_units": 634, "carfree_units": 8, "pct_carfree": 1.26}}, {"type": "Feature", "geometry": {"type": "Polygon", "coordinates": [[[-77.605246, 37.655752], [-77.59918, 37.661852], [-77.596042, 37.664329], [-77.588436, 37.668595], [-77.581615, 37.670956], [-77.579138, 37.668656], [-77.576082, 37.666592], [-77.577918, 37.665799], [-77.581394, 37.666739], [-77.583778, 37.666407], [-77.585647, 37.664984], [-77.585628, 37.663146], [-77.58666, 37.661224], [-77.588381, 37.659826], [-77.586871, 37.657818], [-77.587693, 37.655593], [-77.588758, 37.654381], [-77.590695, 37.653833], [-77.591646, 37.652079], [-77.590319, 37.649814], [-77.590551, 37.647712], [-77.593546, 37.648143], [-77.593716, 37.648307], [-77.596002, 37.650649], [-77.599767, 37.653522], [-77.605246, 37.655752]]]}, "properties": {"GEOID": "510872001502", "total_units": 576, "carfree_units": 0, "pct_carfree": 0.0}}, {"type": "Feature", "geometry": {"type": "Polygon", "coordinates": [[[-77.408378, 37.558796], [-77.40416, 37.565335], [-77.399022, 37.562822], [-77.390044, 37.563274], [-77.385969, 37.564697], [-77.383399, 37.564886], [-77.383237, 37.563929], [-77.381466, 37.563065], [-77.381652, 37.558692], [-77.384134, 37.556061], [-77.384371, 37.554275], [-77.388354, 37.55018], [-77.395079, 37.549355], [-77.395922, 37.549767], [-77.394745, 37.554219], [-77.397516, 37.555381], [-77.402, 37.555932], [-77.405829, 37.558327], [-77.406344, 37.557519], [-77.408378, 37.558796]]]}, "properties": {"GEOID": "510872010032", "total_units": 1138, "carfree_units": 16, "pct_carfree": 1.41}}, {"type": "Feature", "geometry": {"type": "Polygon", "coordinates": [[[-77.440513, 37.597631], [-77.43762, 37.598566], [-77.435961, 37.598905], [-77.432071, 37.59944], [-77.426321, 37.598627], [-77.427269, 37.597128], [-77.427847, 37.592662], [-77.42599, 37.589304], [-77.43136, 37.58762], [-77.432927, 37.585173], [-77.438235, 37.584848], [-77.439349, 37.585493], [-77.437528, 37.587957], [-77.437434, 37.591291], [-77.440847, 37.594052], [-77.440513, 37.597631]]]}, "properties": {"GEOID": "510872008054", "total_units": 480, "carfree_units": 80, "pct_carfree": 16.67}}, {"type": "Feature", "geometry": {"type": "Polygon", "coordinates": [[[-77.610294, 37.644748], [-77.607531, 37.650408], [-77.600097, 37.648983], [-77.600391, 37.647399], [-77.596548, 37.646995], [-77.59642, 37.645542], [-77.597538, 37.644833], [-77.602906, 37.645422], [-77.603472, 37.64548], [-77.604744, 37.645331], [-77.606403, 37.644501], [-77.607658, 37.64425], [-77.608912, 37.64437], [-77.610294, 37.644748]]]}, "properties": {"GEOID": "510872001442", "total_units": 583, "carfree_units": 47, "pct_carfree": 8.06}}, {"type": "Feature", "geometry": {"type": "Polygon", "coordinates": [[[-77.548815, 37.593766], [-77.535258, 37.59293], [-77.532559, 37.591783], [-77.533027, 37.587077], [-77.532672, 37.585559], [-77.53203, 37.582571], [-77.532867, 37.582126], [-77.534201, 37.584185], [-77.537397, 37.586258], [-77.537442, 37.588682], [-77.540882, 37.592032], [-77.546617, 37.589409], [-77.550671, 37.590312], [-77.548815, 37.593766]]]}, "properties": {"GEOID": "510872002023", "total_units": 300, "carfree_units": 0, "pct_carfree": 0.0}}, {"type": "Feature", "geometry": {"type": "Polygon", "coordinates": [[[-77.460222, 37.643356], [-77.459781, 37.651513], [-77.460155, 37.659121], [-77.450631, 37.657961], [-77.452642, 37.643789], [-77.452603, 37.640253], [-77.452513, 37.639188], [-77.45189, 37.63615], [-77.451776, 37.635714], [-77.450722, 37.632634], [-77.449232, 37.629698], [-77.450447, 37.629579], [-77.458469, 37.628098], [-77.459282, 37.635222], [-77.460069, 37.640958], [-77.460222, 37.643356]]]}, "properties": {"GEOID": "510872009081", "total_units": 404, "carfree_units": 0, "pct_carfree": 0.0}}, {"type": "Feature", "geometry": {"type": "Polygon", "coordinates": [[[-77.496509, 37.648579], [-77.489784, 37.651091], [-77.489477, 37.649046], [-77.486818, 37.650529], [-77.484738, 37.647956], [-77.484314, 37.647392], [-77.4848, 37.643907], [-77.484112, 37.642909], [-77.485439, 37.642392], [-77.486925, 37.64231], [-77.48805, 37.642399], [-77.49006, 37.642909], [-77.491675, 37.643009], [-77.494033, 37.642313], [-77.494304, 37.643474], [-77.496509, 37.648579]]]}, "properties": {"GEOID": "510872009052", "total_units": 594, "carfree_units": 29, "pct_carfree": 4.88}}, {"type": "Feature", "geometry": {"type": "Polygon", "coordinates": [[[-77.304245, 37.476948], [-77.300721, 37.482509], [-77.298016, 37.481661], [-77.295211, 37.483079], [-77.286076, 37.48208], [-77.284122, 37.481112], [-77.280438, 37.48123], [-77.27754, 37.482659], [-77.275771, 37.484717], [-77.272679, 37.484174], [-77.268859, 37.485016], [-77.267583, 37.483686], [-77.267447, 37.483421], [-77.263955, 37.482824], [-77.258428, 37.479251], [-77.256785, 37.479112], [-77.255648, 37.475547], [-77.254433, 37.474628], [-77.248302, 37.473396], [-77.246638, 37.47341], [-77.242438, 37.473132], [-77.238916, 37.470513], [-77.238262, 37.46846], [-77.237869, 37.468335], [-77.237511, 37.468612], [-77.23707, 37.468517], [-77.237047, 37.468423], [-77.232742, 37.467046], [-77.226535, 37.466581], [-77.222466, 37.465291], [-77.221374, 37.465333], [-77.217547, 37.467664], [-77.209266, 37.467699], [-77.208567, 37.468359], [-77.207649, 37.471104], [-77.206421, 37.471672], [-77.206188, 37.473065], [-77.20393, 37.473539], [-77.202544, 37.474879], [-77.200183, 37.475058], [-77.199203, 37.475864], [-77.197177, 37.475909], [-77.193949, 37.476929], [-77.192028, 37.479424], [-77.190569, 37.479947], [-77.19203, 37.479822], [-77.188069, 37.48128], [-77.187513, 37.482528], [-77.18342, 37.484448], [-77.182456, 37.486187], [-77.182656, 37.488193], [-77.183695, 37.487162], [-77.184762, 37.489099], [-77.184116, 37.490995], [-77.185446, 37.490615], [-77.184964, 37.492189], [-77.182349, 37.493576], [-77.181032, 37.492876], [-77.179941, 37.493329], [-77.179291, 37.49176], [-77.177514, 37.49134], [-77.177324, 37.4906], [-77.178643, 37.488508], [-77.197726, 37.45382], [-77.201413, 37.453794], [-77.213347, 37.451358], [-77.217393, 37.450456], [-77.22743, 37.446541], [-77.229029, 37.446054], [-77.237984, 37.445777], [-77.242614, 37.446393], [-77.24695, 37.445472], [-77.251962, 37.446307], [-77.254954, 37.446401], [-77.260732, 37.446136], [-77.262551, 37.446381], [-77.26532, 37.447644], [-77.269565, 37.449098], [-77.274882, 37.449048], [-77.280374, 37.450268], [-77.286976, 37.450441], [-77.293654, 37.449455], [-77.296671, 37.450808], [-77.29933, 37.451103], [-77.299887, 37.461331], [-77.302286, 37.466062], [-77.30295, 37.473921], [-77.301981, 37.476072], [-77.304245, 37.476948]]]}, "properties": {"GEOID": "510872016011", "total_units": 687, "carfree_units": 0, "pct_carfree": 0.0}}, {"type": "Feature", "geometry": {"type": "Polygon", "coordinates": [[[-77.321798, 37.522952], [-77.318296, 37.523465], [-77.315845, 37.523403], [-77.306144, 37.521095], [-77.303165, 37.520626], [-77.302349, 37.520287], [-77.299999, 37.519785], [-77.30068, 37.517036], [-77.301716, 37.511551], [-77.304085, 37.512196], [-77.304251, 37.511506], [-77.309773, 37.512485], [-77.310278, 37.513557], [-77.313206, 37.514051], [-77.314523, 37.518892], [-77.320385, 37.520032], [-77.321798, 37.522952]]]}, "properties": {"GEOID": "510872017012", "total_units": 628, "carfree_units": 102, "pct_carfree": 16.24}}, {"type": "Feature", "geometry": {"type": "Polygon", "coordinates": [[[-77.615789, 37.646081], [-77.611834, 37.651463], [-77.611209, 37.65326], [-77.611849, 37.657608], [-77.605246, 37.655752], [-77.599767, 37.653522], [-77.596002, 37.650649], [-77.593716, 37.648307], [-77.593546, 37.648143], [-77.590832, 37.645558], [-77.5928, 37.642046], [-77.598952, 37.643695], [-77.602906, 37.645422], [-77.597538, 37.644833], [-77.59642, 37.645542], [-77.596548, 37.646995], [-77.600391, 37.647399], [-77.600097, 37.648983], [-77.607531, 37.650408], [-77.610294, 37.644748], [-77.614165, 37.645401], [-77.615789, 37.646081]]]}, "properties": {"GEOID": "510872001443", "total_units": 335, "carfree_units": 0, "pct_carfree": 0.0}}, {"type": "Feature", "geometry": {"type": "Polygon", "coordinates": [[[-77.428605, 37.434593], [-77.427682, 37.436569], [-77.42456, 37.440941], [-77.420737, 37.447524], [-77.418894, 37.446628], [-77.417515, 37.45181], [-77.417468, 37.452899], [-77.418417, 37.458079], [-77.417791, 37.457487], [-77.419517, 37.462609], [-77.421642, 37.471307], [-77.421841, 37.475156], [-77.421232, 37.481027], [-77.421287, 37.485456], [-77.42168, 37.491955], [-77.422815, 37.496136], [-77.421705, 37.498988], [-77.418319, 37.503211], [-77.417615, 37.504776], [-77.416594, 37.508978], [-77.4164, 37.516664], [-77.41651, 37.517133], [-77.414001, 37.517248], [-77.414606, 37.510512], [-77.412402, 37.50736], [-77.408814, 37.501219], [-77.405661, 37.49833], [-77.405345, 37.497302], [-77.404047, 37.491242], [-77.395478, 37.451273], [-77.395202, 37.448742], [-77.394091, 37.442588], [-77.39024, 37.423407], [-77.382221, 37.399602], [-77.381082, 37.398858], [-77.379769, 37.394129], [-77.377567, 37.394423], [-77.377608, 37.393679], [-77.377149, 37.393], [-77.378625, 37.390405], [-77.379609, 37.389907], [-77.378655, 37.38855], [-77.379545, 37.386697], [-77.38174, 37.386993], [-77.381824, 37.388147], [-77.383837, 37.388116], [-77.3827, 37.385549], [-77.380687, 37.384627], [-77.376127, 37.384084], [-77.37574, 37.381697], [-77.383166, 37.383968], [-77.386224, 37.386353], [-77.387667, 37.386265], [-77.386654, 37.387134], [-77.385767, 37.391533], [-77.383906, 37.39498], [-77.384594, 37.397527], [-77.388378, 37.399197], [-77.39152, 37.401036], [-77.394312, 37.403645], [-77.397073, 37.403597], [-77.395233, 37.404328], [-77.397522, 37.404375], [-77.398536, 37.405378], [-77.396875, 37.405657], [-77.394986, 37.404814], [-77.395662, 37.407477], [-77.396375, 37.413776], [-77.398755, 37.420958], [-77.401652, 37.422951], [-77.40307, 37.423546], [-77.405666, 37.423303], [-77.40257, 37.421994], [-77.401568, 37.420281], [-77.403494, 37.41783], [-77.406778, 37.420067], [-77.406901, 37.423064], [-77.410711, 37.422141], [-77.414442, 37.421612], [-77.413462, 37.420033], [-77.415458, 37.421467], [-77.418589, 37.421256], [-77.420472, 37.421738], [-77.425097, 37.424367], [-77.427037, 37.426414], [-77.428993, 37.430665], [-77.428605, 37.434593]]]}, "properties": {"GEOID": "510872016024", "total_units": 839, "carfree_units": 0, "pct_carfree": 0.0}}, {"type": "Feature", "geometry": {"type": "Polygon", "coordinates": [[[-77.505727, 37.613396], [-77.504964, 37.613434], [-77.496698, 37.61374], [-77.49606, 37.609594], [-77.495386, 37.608073], [-77.501787, 37.607367], [-77.503088, 37.607565], [-77.50596, 37.606748], [-77.505727, 37.613396]]]}, "properties": {"GEOID": "510872004043", "total_units": 187, "carfree_units": 0, "pct_carfree": 0.0}}, {"type": "Feature", "geometry": {"type": "Polygon", "coordinates": [[[-77.457042, 37.617727], [-77.453393, 37.618118], [-77.453926, 37.622042], [-77.451524, 37.622922], [-77.445785, 37.623488], [-77.449232, 37.629698], [-77.436673, 37.629467], [-77.434794, 37.629029], [-77.442415, 37.617679], [-77.444785, 37.613948], [-77.446583, 37.611119], [-77.44712, 37.609951], [-77.448815, 37.607298], [-77.449824, 37.605701], [-77.450323, 37.604383], [-77.450257, 37.602449], [-77.450427, 37.602427], [-77.454334, 37.6019], [-77.455102, 37.605693], [-77.455386, 37.606406], [-77.456685, 37.609108], [-77.457001, 37.610473], [-77.457042, 37.617727]]]}, "properties": {"GEOID": "510872008022", "total_units": 408, "carfree_units": 0, "pct_carfree": 0.0}}, {"type": "Feature", "geometry": {"type": "Polygon", "coordinates": [[[-77.520843, 37.613369], [-77.516657, 37.615077], [-77.512896, 37.615837], [-77.511906, 37.612434], [-77.513393, 37.610993], [-77.518145, 37.60846], [-77.520843, 37.613369]]]}, "properties": {"GEOID": "510872004173", "total_units": 386, "carfree_units": 98, "pct_carfree": 25.39}}, {"type": "Feature", "geometry": {"type": "Polygon", "coordinates": [[[-77.644483, 37.668169], [-77.644357, 37.669364], [-77.641559, 37.667844], [-77.635365, 37.665101], [-77.631562, 37.663773], [-77.611849, 37.657608], [-77.611209, 37.65326], [-77.611834, 37.651463], [-77.620022, 37.653114], [-77.621159, 37.653492], [-77.632676, 37.658611], [-77.636783, 37.66019], [-77.646054, 37.662204], [-77.644483, 37.668169]]]}, "properties": {"GEOID": "510872001401", "total_units": 857, "carfree_units": 13, "pct_carfree": 1.52}}, {"type": "Feature", "geometry": {"type": "Polygon", "coordinates": [[[-77.328282, 37.523795], [-77.326626, 37.53008], [-77.321335, 37.530035], [-77.311926, 37.529402], [-77.305881, 37.5287], [-77.288832, 37.525849], [-77.280821, 37.523795], [-77.282165, 37.520994], [-77.288753, 37.519594], [-77.289739, 37.517293], [-77.292804, 37.51839], [-77.299999, 37.519785], [-77.302349, 37.520287], [-77.303165, 37.520626], [-77.306144, 37.521095], [-77.315845, 37.523403], [-77.318296, 37.523465], [-77.321798, 37.522952], [-77.325997, 37.522151], [-77.328244, 37.521319], [-77.328421, 37.523028], [-77.328282, 37.523795]]]}, "properties": {"GEOID": "510872017011", "total_units": 905, "carfree_units": 116, "pct_carfree": 12.82}}, {"type": "Feature", "geometry": {"type": "Polygon", "coordinates": [[[-77.654452, 37.640725], [-77.652754, 37.645444], [-77.650516, 37.648688], [-77.649532, 37.651584], [-77.649712, 37.653768], [-77.648563, 37.656904], [-77.64991, 37.657021], [-77.649356, 37.659367], [-77.646185, 37.659219], [-77.646054, 37.662204], [-77.636783, 37.66019], [-77.632676, 37.658611], [-77.637936, 37.651209], [-77.638301, 37.650119], [-77.637718, 37.647673], [-77.639676, 37.645958], [-77.642626, 37.644259], [-77.643731, 37.642849], [-77.647922, 37.641172], [-77.652522, 37.640571], [-77.653937, 37.63955], [-77.654452, 37.640725]]]}, "properties": {"GEOID": "510872001402", "total_units": 1111, "carfree_units": 67, "pct_carfree": 6.03}}, {"type": "Feature", "geometry": {"type": "Polygon", "coordinates": [[[-77.352764, 37.523945], [-77.349357, 37.52584], [-77.348211, 37.525978], [-77.3436, 37.525352], [-77.336282, 37.525133], [-77.328282, 37.523795], [-77.328421, 37.523028], [-77.328244, 37.521319], [-77.330847, 37.520257], [-77.337121, 37.518598], [-77.338744, 37.518217], [-77.340664, 37.518026], [-77.348521, 37.51723], [-77.349978, 37.517342], [-77.352764, 37.523945]]]}, "properties": {"GEOID": "510872014061", "total_units": 581, "carfree_units": 23, "pct_carfree": 3.96}}, {"type": "Feature", "geometry": {"type": "Polygon", "coordinates": [[[-77.413323, 37.579964], [-77.413196, 37.579928], [-77.412396, 37.583722], [-77.412363, 37.583978], [-77.412284, 37.584293], [-77.41203, 37.58493], [-77.409585, 37.583841], [-77.406286, 37.580937], [-77.400944, 37.579257], [-77.403623, 37.573753], [-77.403577, 37.573124], [-77.40946, 37.573208], [-77.410653, 37.572563], [-77.413216, 37.576267], [-77.413645, 37.578214], [-77.413323, 37.579964]]]}, "properties": {"GEOID": "510872010021", "total_units": 541, "carfree_units": 0, "pct_carfree": 0.0}}, {"type": "Feature", "geometry": {"type": "Polygon", "coordinates": [[[-77.39554, 37.547329], [-77.395079, 37.549355], [-77.388354, 37.55018], [-77.384371, 37.554275], [-77.384134, 37.556061], [-77.381652, 37.558692], [-77.37994, 37.559019], [-77.377664, 37.56125], [-77.375417, 37.561524], [-77.371396, 37.554246], [-77.371545, 37.549414], [-77.371479, 37.546874], [-77.369984, 37.544252], [-77.373653, 37.541522], [-77.374237, 37.541269], [-77.376973, 37.540752], [-77.378753, 37.540714], [-77.380497, 37.54102], [-77.390022, 37.543966], [-77.393304, 37.544254], [-77.395822, 37.546736], [-77.39554, 37.547329]]]}, "properties": {"GEOID": "510872011041", "total_units": 871, "carfree_units": 98, "pct_carfree": 11.25}}, {"type": "Feature", "geometry": {"type": "Polygon", "coordinates": [[[-77.616562, 37.640907], [-77.616285, 37.645043], [-77.615789, 37.646081], [-77.614165, 37.645401], [-77.610294, 37.644748], [-77.608912, 37.64437], [-77.607658, 37.64425], [-77.606403, 37.644501], [-77.604744, 37.645331], [-77.603472, 37.64548], [-77.602906, 37.645422], [-77.598952, 37.643695], [-77.5928, 37.642046], [-77.590694, 37.641662], [-77.588044, 37.639756], [-77.591643, 37.635455], [-77.593769, 37.635041], [-77.594909, 37.635279], [-77.602142, 37.637148], [-77.605861, 37.636719], [-77.608427, 37.636601], [-77.610344, 37.634567], [-77.613123, 37.633048], [-77.613503, 37.63287], [-77.616463, 37.638759], [-77.616562, 37.640907]]]}, "properties": {"GEOID": "510872001431", "total_units": 766, "carfree_units": 20, "pct_carfree": 2.61}}, {"type": "Feature", "geometry": {"type": "Polygon", "coordinates": [[[-77.643346, 37.626348], [-77.638383, 37.632116], [-77.637891, 37.631699], [-77.637563, 37.628386], [-77.638003, 37.624038], [-77.640048, 37.62431], [-77.643814, 37.624401], [-77.643346, 37.626348]]]}, "properties": {"GEOID": "510872001392", "total_units": 466, "carfree_units": 28, "pct_carfree": 6.01}}, {"type": "Feature", "geometry": {"type": "Polygon", "coordinates": [[[-77.559838, 37.618462], [-77.555408, 37.623378], [-77.553866, 37.624261], [-77.544715, 37.619808], [-77.537864, 37.612705], [-77.537835, 37.610561], [-77.538669, 37.610991], [-77.541872, 37.612617], [-77.546321, 37.612434], [-77.549849, 37.614914], [-77.552366, 37.615513], [-77.555522, 37.616255], [-77.559838, 37.618462]]]}, "properties": {"GEOID": "510872001321", "total_units": 692, "carfree_units": 0, "pct_carfree": 0.0}}, {"type": "Feature", "geometry": {"type": "Polygon", "coordinates": [[[-77.615497, 37.672945], [-77.612773, 37.673766], [-77.608159, 37.673091], [-77.607549, 37.673053], [-77.603987, 37.67324], [-77.60018, 37.67324], [-77.598255, 37.673568], [-77.597541, 37.671686], [-77.597683, 37.669357], [-77.599466, 37.66678], [-77.60118, 37.665499], [-77.603804, 37.663432], [-77.605082, 37.662848], [-77.605661, 37.662683], [-77.612781, 37.661872], [-77.613296, 37.663573], [-77.613642, 37.66619], [-77.615201, 37.67227], [-77.615497, 37.672945]]]}, "properties": {"GEOID": "510872001491", "total_units": 362, "carfree_units": 0, "pct_carfree": 0.0}}, {"type": "Feature", "geometry": {"type": "Polygon", "coordinates": [[[-77.565327, 37.575563], [-77.563477, 37.577494], [-77.561292, 37.581724], [-77.558588, 37.585418], [-77.556683, 37.58402], [-77.554909, 37.582392], [-77.555171, 37.581575], [-77.552731, 37.578295], [-77.551685, 37.572906], [-77.553708, 37.572298], [-77.557134, 37.570109], [-77.559442, 37.569357], [-77.564706, 37.569159], [-77.565496, 37.571972], [-77.565327, 37.575563]]]}, "properties": {"GEOID": "510872001092", "total_units": 363, "carfree_units": 0, "pct_carfree": 0.0}}, {"type": "Feature", "geometry": {"type": "Polygon", "coordinates": [[[-77.637936, 37.651209], [-77.632676, 37.658611], [-77.621159, 37.653492], [-77.622147, 37.651759], [-77.623233, 37.650811], [-77.625953, 37.649487], [-77.626896, 37.648314], [-77.627154, 37.645377], [-77.628181, 37.64353], [-77.63108, 37.640428], [-77.636901, 37.645675], [-77.637718, 37.647673], [-77.638301, 37.650119], [-77.637936, 37.651209]]]}, "properties": {"GEOID": "510872001411", "total_units": 666, "carfree_units": 0, "pct_carfree": 0.0}}, {"type": "Feature", "geometry": {"type": "Polygon", "coordinates": [[[-77.390022, 37.543966], [-77.380497, 37.54102], [-77.378753, 37.540714], [-77.376973, 37.540752], [-77.374237, 37.541269], [-77.373653, 37.541522], [-77.369984, 37.544252], [-77.363603, 37.534513], [-77.362922, 37.533602], [-77.361237, 37.53203], [-77.362828, 37.531591], [-77.364835, 37.53095], [-77.367734, 37.530093], [-77.369946, 37.52983], [-77.371539, 37.529839], [-77.372752, 37.529974], [-77.374413, 37.530361], [-77.375507, 37.530727], [-77.378109, 37.532108], [-77.386364, 37.53896], [-77.393304, 37.544254], [-77.390022, 37.543966]]]}, "properties": {"GEOID": "510872011042", "total_units": 673, "carfree_units": 48, "pct_carfree": 7.13}}, {"type": "Feature", "geometry": {"type": "Polygon", "coordinates": [[[-77.511902, 37.622763], [-77.508464, 37.622435], [-77.50292, 37.622255], [-77.501908, 37.621092], [-77.499516, 37.618588], [-77.50509, 37.617508], [-77.505695, 37.617453], [-77.506321, 37.617381], [-77.508865, 37.616594], [-77.508717, 37.620013], [-77.512031, 37.6203], [-77.511902, 37.622763]]]}, "properties": {"GEOID": "510872004183", "total_units": 458, "carfree_units": 169, "pct_carfree": 36.9}}, {"type": "Feature", "geometry": {"type": "Polygon", "coordinates": [[[-77.293519, 37.56101], [-77.291233, 37.560616], [-77.286913, 37.556313], [-77.283999, 37.555352], [-77.282112, 37.555735], [-77.27896, 37.554095], [-77.277019, 37.554072], [-77.275698, 37.552925], [-77.270908, 37.551959], [-77.269897, 37.551538], [-77.265909, 37.551856], [-77.263458, 37.54965], [-77.261366, 37.549702], [-77.259295, 37.548372], [-77.259231, 37.546967], [-77.254724, 37.544606], [-77.253724, 37.542726], [-77.250312, 37.54183], [-77.249233, 37.54075], [-77.24771, 37.540469], [-77.246806, 37.53931], [-77.243235, 37.539379], [-77.240988, 37.538088], [-77.240732, 37.537803], [-77.239902, 37.537933], [-77.238553, 37.53848], [-77.237736, 37.539094], [-77.235132, 37.538574], [-77.231846, 37.539638], [-77.230564, 37.537244], [-77.228984, 37.536827], [-77.226512, 37.53387], [-77.223347, 37.533986], [-77.221244, 37.533229], [-77.220152, 37.531066], [-77.220821, 37.529303], [-77.220254, 37.527221], [-77.218606, 37.526881], [-77.214847, 37.525372], [-77.214426, 37.524334], [-77.212509, 37.52323], [-77.21239, 37.521363], [-77.21029, 37.520443], [-77.209279, 37.517769], [-77.237928, 37.514243], [-77.240397, 37.51403], [-77.245614, 37.51443], [-77.27056, 37.521155], [-77.271618, 37.526616], [-77.273162, 37.529812], [-77.285641, 37.549648], [-77.288487, 37.553654], [-77.295455, 37.560625], [-77.293519, 37.56101]]]}, "properties": {"GEOID": "510872014032", "total_units": 419, "carfree_units": 16, "pct_carfree": 3.82}}, {"type": "Feature", "geometry": {"type": "Polygon", "coordinates": [[[-77.644357, 37.669364], [-77.640924, 37.678075], [-77.64284, 37.679312], [-77.641912, 37.680337], [-77.641595, 37.684589], [-77.641907, 37.687887], [-77.637748, 37.686671], [-77.632984, 37.699881], [-77.630413, 37.69773], [-77.629056, 37.694918], [-77.62917, 37.69167], [-77.625214, 37.685626], [-77.623924, 37.68484], [-77.624413, 37.683772], [-77.624408, 37.683342], [-77.623533, 37.681286], [-77.617345, 37.675352], [-77.615497, 37.672945], [-77.615201, 37.67227], [-77.613642, 37.66619], [-77.613296, 37.663573], [-77.612781, 37.661872], [-77.612448, 37.660867], [-77.611849, 37.657608], [-77.631562, 37.663773], [-77.635365, 37.665101], [-77.641559, 37.667844], [-77.644357, 37.669364]]]}, "properties": {"GEOID": "510872001473", "total_units": 1164, "carfree_units": 13, "pct_carfree": 1.12}}, {"type": "Feature", "geometry": {"type": "Polygon", "coordinates": [[[-77.450323, 37.604383], [-77.449824, 37.605701], [-77.435564, 37.606107], [-77.435715, 37.602526], [-77.429857, 37.602739], [-77.424782, 37.603005], [-77.423559, 37.60259], [-77.426321, 37.598627], [-77.432071, 37.59944], [-77.435961, 37.598905], [-77.43762, 37.598566], [-77.443559, 37.601486], [-77.447509, 37.602217], [-77.447581, 37.60281], [-77.450257, 37.602449], [-77.450323, 37.604383]]]}, "properties": {"GEOID": "510872008061", "total_units": 714, "carfree_units": 26, "pct_carfree": 3.64}}, {"type": "Feature", "geometry": {"type": "Polygon", "coordinates": [[[-77.542686, 37.686167], [-77.540145, 37.688191], [-77.537239, 37.688755], [-77.533314, 37.691426], [-77.532988, 37.692209], [-77.532093, 37.691397], [-77.530185, 37.688471], [-77.531276, 37.685346], [-77.534437, 37.68513], [-77.539187, 37.686538], [-77.540591, 37.686479], [-77.542172, 37.685727], [-77.542686, 37.686167]]]}, "properties": {"GEOID": "510872004153", "total_units": 272, "carfree_units": 0, "pct_carfree": 0.0}}, {"type": "Feature", "geometry": {"type": "Polygon", "coordinates": [[[-77.572305, 37.589236], [-77.572023, 37.589646], [-77.567461, 37.592394], [-77.564999, 37.58972], [-77.558588, 37.585418], [-77.561292, 37.581724], [-77.563477, 37.577494], [-77.565327, 37.575563], [-77.565496, 37.571972], [-77.564706, 37.569159], [-77.565807, 37.569096], [-77.56938, 37.569275], [-77.566282, 37.575929], [-77.570463, 37.577416], [-77.572058, 37.577032], [-77.569636, 37.579807], [-77.568938, 37.581555], [-77.569099, 37.582523], [-77.572517, 37.588247], [-77.572305, 37.589236]]]}, "properties": {"GEOID": "510872001093", "total_units": 634, "carfree_units": 48, "pct_carfree": 7.57}}, {"type": "Feature", "geometry": {"type": "Polygon", "coordinates": [[[-77.494033, 37.642313], [-77.491675, 37.643009], [-77.49006, 37.642909], [-77.48805, 37.642399], [-77.486925, 37.64231], [-77.485439, 37.642392], [-77.484112, 37.642909], [-77.482918, 37.643635], [-77.478259, 37.645153], [-77.479076, 37.643418], [-77.476749, 37.643702], [-77.475271, 37.641953], [-77.476516, 37.641429], [-77.475642, 37.639853], [-77.476823, 37.638593], [-77.477048, 37.636269], [-77.478624, 37.635337], [-77.47847, 37.633967], [-77.47964, 37.632381], [-77.478849, 37.630989], [-77.480123, 37.629204], [-77.479749, 37.62835], [-77.476324, 37.629205], [-77.476494, 37.626826], [-77.474452, 37.626073], [-77.472343, 37.62608], [-77.470023, 37.623544], [-77.465961, 37.62146], [-77.464031, 37.621975], [-77.462683, 37.621584], [-77.462164, 37.619814], [-77.46053, 37.620545], [-77.458084, 37.618723], [-77.457642, 37.617558], [-77.457742, 37.617548], [-77.473781, 37.616686], [-77.473987, 37.617548], [-77.478741, 37.624253], [-77.482745, 37.628821], [-77.483557, 37.631668], [-77.486189, 37.63545], [-77.491382, 37.639928], [-77.493731, 37.641959], [-77.494033, 37.642313]]]}, "properties": {"GEOID": "510872008011", "total_units": 409, "carfree_units": 0, "pct_carfree": 0.0}}, {"type": "Feature", "geometry": {"type": "Polygon", "coordinates": [[[-77.590695, 37.653833], [-77.588758, 37.654381], [-77.587693, 37.655593], [-77.586871, 37.657818], [-77.588381, 37.659826], [-77.58666, 37.661224], [-77.585628, 37.663146], [-77.585647, 37.664984], [-77.583778, 37.666407], [-77.581394, 37.666739], [-77.577918, 37.665799], [-77.576082, 37.666592], [-77.574786, 37.665769], [-77.573031, 37.665165], [-77.574811, 37.662588], [-77.574864, 37.658891], [-77.577715, 37.655388], [-77.581373, 37.652301], [-77.583173, 37.646924], [-77.583099, 37.646745], [-77.590551, 37.647712], [-77.590319, 37.649814], [-77.591646, 37.652079], [-77.590695, 37.653833]]]}, "properties": {"GEOID": "510872001503", "total_units": 234, "carfree_units": 0, "pct_carfree": 0.0}}, {"type": "Feature", "geometry": {"type": "Polygon", "coordinates": [[[-77.438235, 37.584848], [-77.432927, 37.585173], [-77.423949, 37.585732], [-77.423204, 37.582246], [-77.424844, 37.582109], [-77.430125, 37.581776], [-77.43144, 37.580848], [-77.433589, 37.582175], [-77.438045, 37.58474], [-77.438235, 37.584848]]]}, "properties": {"GEOID": "510872008052", "total_units": 398, "carfree_units": 45, "pct_carfree": 11.31}}, {"type": "Feature", "geometry": {"type": "Polygon", "coordinates": [[[-77.496695, 37.649364], [-77.49539, 37.65243], [-77.493577, 37.655718], [-77.489731, 37.659471], [-77.487272, 37.661895], [-77.486562, 37.663342], [-77.482227, 37.66099], [-77.479296, 37.655993], [-77.477088, 37.653258], [-77.474851, 37.651863], [-77.477738, 37.650442], [-77.474509, 37.648568], [-77.476532, 37.647366], [-77.476956, 37.645192], [-77.478259, 37.645153], [-77.482918, 37.643635], [-77.484112, 37.642909], [-77.4848, 37.643907], [-77.484314, 37.647392], [-77.484738, 37.647956], [-77.486818, 37.650529], [-77.489477, 37.649046], [-77.489784, 37.651091], [-77.496509, 37.648579], [-77.496585, 37.648781], [-77.496695, 37.649364]]]}, "properties": {"GEOID": "510872009054", "total_units": 832, "carfree_units": 0, "pct_carfree": 0.0}}, {"type": "Feature", "geometry": {"type": "Polygon", "coordinates": [[[-77.494666, 37.629087], [-77.497549, 37.635103], [-77.497744, 37.635968], [-77.496157, 37.636656], [-77.491382, 37.639928], [-77.486189, 37.63545], [-77.483557, 37.631668], [-77.482745, 37.628821], [-77.478741, 37.624253], [-77.480482, 37.622036], [-77.482911, 37.621038], [-77.485488, 37.621855], [-77.491684, 37.624825], [-77.493915, 37.625879], [-77.497906, 37.627251], [-77.494666, 37.629087]]]}, "properties": {"GEOID": "510872005032", "total_units": 815, "carfree_units": 9, "pct_carfree": 1.1}}, {"type": "Feature", "geometry": {"type": "Polygon", "coordinates": [[[-77.240397, 37.51403], [-77.237928, 37.514243], [-77.209279, 37.517769], [-77.208695, 37.516304], [-77.206239, 37.515977], [-77.207007, 37.513446], [-77.204545, 37.512698], [-77.203173, 37.513035], [-77.201325, 37.511104], [-77.198184, 37.508965], [-77.193983, 37.50754], [-77.192962, 37.506598], [-77.191958, 37.502868], [-77.191937, 37.501237], [-77.189862, 37.500144], [-77.188164, 37.500224], [-77.188632, 37.498704], [-77.187439, 37.497561], [-77.186055, 37.49798], [-77.184836, 37.49572], [-77.181203, 37.493153], [-77.179941, 37.493329], [-77.181032, 37.492876], [-77.182349, 37.493576], [-77.184964, 37.492189], [-77.185446, 37.490615], [-77.184116, 37.490995], [-77.184762, 37.489099], [-77.183695, 37.487162], [-77.182656, 37.488193], [-77.182456, 37.486187], [-77.18342, 37.484448], [-77.187513, 37.482528], [-77.188069, 37.48128], [-77.19203, 37.479822], [-77.190569, 37.479947], [-77.192028, 37.479424], [-77.193949, 37.476929], [-77.197177, 37.475909], [-77.199203, 37.475864], [-77.200183, 37.475058], [-77.202544, 37.474879], [-77.20393, 37.473539], [-77.206188, 37.473065], [-77.206421, 37.471672], [-77.207649, 37.471104], [-77.208567, 37.468359], [-77.210736, 37.471444], [-77.211695, 37.472151], [-77.213232, 37.475407], [-77.213429, 37.480194], [-77.212895, 37.483617], [-77.212998, 37.485217], [-77.214672, 37.487124], [-77.219659, 37.489421], [-77.22509, 37.49455], [-77.226349, 37.49596], [-77.233385, 37.500244], [-77.237102, 37.501631], [-77.238766, 37.502952], [-77.239973, 37.505618], [-77.240632, 37.510944], [-77.240397, 37.51403]]]}, "properties": {"GEOID": "510872014041", "total_units": 957, "carfree_units": 0, "pct_carfree": 0.0}}, {"type": "Feature", "geometry": {"type": "Polygon", "coordinates": [[[-77.50509, 37.617508], [-77.499516, 37.618588], [-77.498764, 37.617508], [-77.496698, 37.61374], [-77.504964, 37.613434], [-77.505026, 37.614516], [-77.505695, 37.617453], [-77.50509, 37.617508]]]}, "properties": {"GEOID": "510872004174", "total_units": 172, "carfree_units": 14, "pct_carfree": 8.14}}, {"type": "Feature", "geometry": {"type": "Polygon", "coordinates": [[[-77.329636, 37.551091], [-77.328375, 37.550117], [-77.324437, 37.552647], [-77.32375, 37.552237], [-77.317424, 37.548455], [-77.325139, 37.5435], [-77.327649, 37.546002], [-77.331374, 37.549603], [-77.329636, 37.551091]]]}, "properties": {"GEOID": "510872012043", "total_units": 378, "carfree_units": 11, "pct_carfree": 2.91}}, {"type": "Feature", "geometry": {"type": "Polygon", "coordinates": [[[-77.450898, 37.682548], [-77.448572, 37.684445], [-77.445942, 37.684092], [-77.442231, 37.681046], [-77.440117, 37.676877], [-77.439977, 37.671105], [-77.439533, 37.66808], [-77.436559, 37.664096], [-77.433817, 37.662113], [-77.430568, 37.657652], [-77.431003, 37.655802], [-77.430566, 37.653263], [-77.434529, 37.653795], [-77.442795, 37.656963], [-77.450631, 37.657961], [-77.449013, 37.663838], [-77.448453, 37.667122], [-77.448474, 37.672055], [-77.449033, 37.674804], [-77.451133, 37.680272], [-77.450898, 37.682548]]]}, "properties": {"GEOID": "510872009044", "total_units": 1072, "carfree_units": 94, "pct_carfree": 8.77}}, {"type": "Feature", "geometry": {"type": "Polygon", "coordinates": [[[-77.559101, 37.643269], [-77.559558, 37.645629], [-77.556163, 37.644948], [-77.556319, 37.645398], [-77.55654, 37.648983], [-77.554357, 37.649044], [-77.552055, 37.649124], [-77.551854, 37.645057], [-77.550047, 37.645103], [-77.550059, 37.640349], [-77.545234, 37.638444], [-77.546584, 37.635212], [-77.549842, 37.636506], [-77.555742, 37.638861], [-77.560496, 37.640781], [-77.559101, 37.643269]]]}, "properties": {"GEOID": "510872004074", "total_units": 602, "carfree_units": 8, "pct_carfree": 1.33}}, {"type": "Feature", "geometry": {"type": "Polygon", "coordinates": [[[-77.414001, 37.517248], [-77.410185, 37.517216], [-77.408877, 37.514617], [-77.408309, 37.510611], [-77.400061, 37.508295], [-77.393877, 37.504954], [-77.390149, 37.503796], [-77.381059, 37.503266], [-77.37963, 37.501573], [-77.379224, 37.496911], [-77.389613, 37.495496], [-77.389809, 37.497275], [-77.392413, 37.497568], [-77.405345, 37.497302], [-77.405661, 37.49833], [-77.408814, 37.501219], [-77.412402, 37.50736], [-77.414606, 37.510512], [-77.414001, 37.517248]]]}, "properties": {"GEOID": "510872015032", "total_units": 840, "carfree_units": 0, "pct_carfree": 0.0}}, {"type": "Feature", "geometry": {"type": "Polygon", "coordinates": [[[-77.359752, 37.560419], [-77.359156, 37.563812], [-77.360134, 37.566206], [-77.349748, 37.569552], [-77.340503, 37.575004], [-77.336967, 37.575736], [-77.335756, 37.574778], [-77.331515, 37.573737], [-77.330297, 37.572876], [-77.327123, 37.571779], [-77.326229, 37.569999], [-77.323391, 37.569071], [-77.32125, 37.567776], [-77.316714, 37.567466], [-77.313405, 37.564611], [-77.311057, 37.564922], [-77.308062, 37.562932], [-77.305938, 37.561011], [-77.302213, 37.559773], [-77.299142, 37.559719], [-77.296158, 37.560332], [-77.295547, 37.559719], [-77.296603, 37.558254], [-77.299112, 37.5566], [-77.304974, 37.557229], [-77.307314, 37.556326], [-77.308435, 37.554499], [-77.307523, 37.552524], [-77.308918, 37.551077], [-77.311161, 37.547408], [-77.313199, 37.545948], [-77.317424, 37.548455], [-77.32375, 37.552237], [-77.323136, 37.552888], [-77.329934, 37.557269], [-77.329772, 37.560038], [-77.332281, 37.56147], [-77.333259, 37.559941], [-77.33638, 37.557413], [-77.338615, 37.556962], [-77.34223, 37.557663], [-77.343136, 37.55464], [-77.341403, 37.554225], [-77.342364, 37.551005], [-77.343105, 37.55105], [-77.345258, 37.550966], [-77.349702, 37.551599], [-77.354224, 37.549858], [-77.354505, 37.549732], [-77.353444, 37.555085], [-77.353301, 37.557206], [-77.355305, 37.557509], [-77.356138, 37.557403], [-77.358463, 37.558088], [-77.360179, 37.558206], [-77.359752, 37.560419]]]}, "properties": {"GEOID": "510872012032", "total_units": 607, "carfree_units": 14, "pct_carfree": 2.31}}, {"type": "Feature", "geometry": {"type": "Polygon", "coordinates": [[[-77.59693, 37.593557], [-77.595621, 37.594177], [-77.594468, 37.596272], [-77.583402, 37.595667], [-77.584755, 37.59138], [-77.587283, 37.589872], [-77.588144, 37.588312], [-77.590874, 37.588338], [-77.594697, 37.590972], [-77.598246, 37.59246], [-77.59693, 37.593557]]]}, "properties": {"GEOID": "510872001342", "total_units": 326, "carfree_units": 29, "pct_carfree": 8.9}}, {"type": "Feature", "geometry": {"type": "Polygon", "coordinates": [[[-77.581615, 37.670956], [-77.563869, 37.676464], [-77.563427, 37.676603], [-77.558505, 37.677978], [-77.540289, 37.681047], [-77.539333, 37.676664], [-77.536444, 37.672957], [-77.538066, 37.67237], [-77.541723, 37.671359], [-77.543183, 37.674183], [-77.548484, 37.674987], [-77.549283, 37.673804], [-77.554596, 37.673357], [-77.55767, 37.669033], [-77.56045, 37.666993], [-77.56205, 37.664192], [-77.56213, 37.66279], [-77.565695, 37.663305], [-77.568006, 37.663665], [-77.573031, 37.665165], [-77.574786, 37.665769], [-77.576082, 37.666592], [-77.579138, 37.668656], [-77.581615, 37.670956]]]}, "properties": {"GEOID": "510872001501", "total_units": 593, "carfree_units": 13, "pct_carfree": 2.19}}, {"type": "Feature", "geometry": {"type": "Polygon", "coordinates": [[[-77.480123, 37.629204], [-77.478849, 37.630989], [-77.47964, 37.632381], [-77.47847, 37.633967], [-77.478624, 37.635337], [-77.477048, 37.636269], [-77.476823, 37.638593], [-77.470854, 37.639068], [-77.46987, 37.639037], [-77.471307, 37.636466], [-77.470761, 37.635279], [-77.470316, 37.635098], [-77.46875, 37.6353], [-77.467812, 37.636004], [-77.466553, 37.637388], [-77.463226, 37.635363], [-77.461466, 37.635089], [-77.459282, 37.635222], [-77.458469, 37.628098], [-77.457042, 37.617727], [-77.457642, 37.617558], [-77.458084, 37.618723], [-77.46053, 37.620545], [-77.462164, 37.619814], [-77.462683, 37.621584], [-77.464031, 37.621975], [-77.465961, 37.62146], [-77.470023, 37.623544], [-77.472343, 37.62608], [-77.474452, 37.626073], [-77.476494, 37.626826], [-77.476324, 37.629205], [-77.479749, 37.62835], [-77.480123, 37.629204]]]}, "properties": {"GEOID": "510872008013", "total_units": 595, "carfree_units": 75, "pct_carfree": 12.61}}, {"type": "Feature", "geometry": {"type": "Polygon", "coordinates": [[[-77.612781, 37.661872], [-77.605661, 37.662683], [-77.605082, 37.662848], [-77.603804, 37.663432], [-77.60118, 37.665499], [-77.600164, 37.665438], [-77.596042, 37.664329], [-77.59918, 37.661852], [-77.605246, 37.655752], [-77.611849, 37.657608], [-77.612448, 37.660867], [-77.612781, 37.661872]]]}, "properties": {"GEOID": "510872001492", "total_units": 445, "carfree_units": 0, "pct_carfree": 0.0}}, {"type": "Feature", "geometry": {"type": "Polygon", "coordinates": [[[-77.448815, 37.607298], [-77.44712, 37.609951], [-77.446583, 37.611119], [-77.444785, 37.613948], [-77.4405, 37.613332], [-77.441002, 37.611602], [-77.440878, 37.60953], [-77.442426, 37.609279], [-77.44226, 37.607368], [-77.447811, 37.607002], [-77.448815, 37.607298]]]}, "properties": {"GEOID": "510872008073", "total_units": 603, "carfree_units": 235, "pct_carfree": 38.97}}, {"type": "Feature", "geometry": {"type": "Polygon", "coordinates": [[[-77.63849, 37.632175], [-77.634126, 37.637168], [-77.631317, 37.635486], [-77.626003, 37.633331], [-77.62582, 37.63324], [-77.626929, 37.630442], [-77.62923, 37.627162], [-77.631329, 37.625797], [-77.632249, 37.622656], [-77.638003, 37.624038], [-77.637563, 37.628386], [-77.637891, 37.631699], [-77.638383, 37.632116], [-77.63849, 37.632175]]]}, "properties": {"GEOID": "510872001223", "total_units": 419, "carfree_units": 0, "pct_carfree": 0.0}}, {"type": "Feature", "geometry": {"type": "Polygon", "coordinates": [[[-77.306302, 37.500897], [-77.304637, 37.509484], [-77.304251, 37.511506], [-77.304085, 37.512196], [-77.301716, 37.511551], [-77.30068, 37.517036], [-77.299999, 37.519785], [-77.292804, 37.51839], [-77.289739, 37.517293], [-77.288753, 37.519594], [-77.282165, 37.520994], [-77.280821, 37.523795], [-77.27056, 37.521155], [-77.270871, 37.517408], [-77.271593, 37.514828], [-77.273066, 37.511623], [-77.275312, 37.508348], [-77.277056, 37.506463], [-77.283021, 37.500836], [-77.292768, 37.491672], [-77.295879, 37.488493], [-77.3001, 37.489267], [-77.299703, 37.491622], [-77.305913, 37.499583], [-77.306302, 37.500897]]]}, "properties": {"GEOID": "510872014042", "total_units": 572, "carfree_units": 68, "pct_carfree": 11.89}}, {"type": "Feature", "geometry": {"type": "Polygon", "coordinates": [[[-77.355564, 37.484274], [-77.354692, 37.48607], [-77.352912, 37.492991], [-77.350878, 37.496198], [-77.350172, 37.49843], [-77.349412, 37.5039], [-77.346694, 37.501951], [-77.341807, 37.49984], [-77.34011, 37.498737], [-77.335194, 37.49569], [-77.3001, 37.489267], [-77.295879, 37.488493], [-77.300721, 37.482509], [-77.304245, 37.476948], [-77.301981, 37.476072], [-77.30295, 37.473921], [-77.302286, 37.466062], [-77.299887, 37.461331], [-77.29933, 37.451103], [-77.299534, 37.449979], [-77.304411, 37.445518], [-77.304424, 37.437497], [-77.310356, 37.433594], [-77.313054, 37.429769], [-77.314646, 37.43041], [-77.325749, 37.432704], [-77.327313, 37.433304], [-77.333268, 37.436677], [-77.31795, 37.454913], [-77.31456, 37.459387], [-77.322836, 37.464132], [-77.328446, 37.466344], [-77.3295, 37.467431], [-77.331726, 37.469888], [-77.334084, 37.471864], [-77.336068, 37.47259], [-77.342707, 37.472929], [-77.34482, 37.473539], [-77.349616, 37.476875], [-77.357206, 37.482818], [-77.355564, 37.484274]]]}, "properties": {"GEOID": "510872015021", "total_units": 568, "carfree_units": 36, "pct_carfree": 6.34}}, {"type": "Feature", "geometry": {"type": "Polygon", "coordinates": [[[-77.493012, 37.592547], [-77.491518, 37.596832], [-77.491363, 37.597494], [-77.490764, 37.600808], [-77.490773, 37.60129], [-77.490944, 37.602063], [-77.491724, 37.603357], [-77.489825, 37.603562], [-77.479361, 37.603705], [-77.476708, 37.603549], [-77.476824, 37.602924], [-77.478146, 37.598892], [-77.477203, 37.597914], [-77.479132, 37.593099], [-77.479386, 37.589726], [-77.479206, 37.587651], [-77.478035, 37.587292], [-77.475611, 37.583823], [-77.474085, 37.581815], [-77.472527, 37.578747], [-77.473094, 37.578331], [-77.482368, 37.573138], [-77.483147, 37.57379], [-77.488597, 37.578346], [-77.492899, 37.581786], [-77.491534, 37.584847], [-77.49177, 37.587342], [-77.493002, 37.590986], [-77.493012, 37.592547]]]}, "properties": {"GEOID": "510872005022", "total_units": 332, "carfree_units": 0, "pct_carfree": 0.0}}, {"type": "Feature", "geometry": {"type": "Polygon", "coordinates": [[[-77.576877, 37.596339], [-77.572254, 37.605653], [-77.567331, 37.603659], [-77.564653, 37.601699], [-77.564083, 37.601705], [-77.563905, 37.600225], [-77.566337, 37.594718], [-77.575858, 37.595263], [-77.576877, 37.596339]]]}, "properties": {"GEOID": "510872001061", "total_units": 391, "carfree_units": 0, "pct_carfree": 0.0}}, {"type": "Feature", "geometry": {"type": "Polygon", "coordinates": [[[-77.579026, 37.580924], [-77.577391, 37.582819], [-77.574839, 37.588014], [-77.574588, 37.588262], [-77.572517, 37.588247], [-77.569099, 37.582523], [-77.568938, 37.581555], [-77.569636, 37.579807], [-77.572058, 37.577032], [-77.570463, 37.577416], [-77.566282, 37.575929], [-77.56938, 37.569275], [-77.57461, 37.57105], [-77.57689, 37.57155], [-77.578223, 37.571849], [-77.582645, 37.574283], [-77.579026, 37.580924]]]}, "properties": {"GEOID": "510872001091", "total_units": 381, "carfree_units": 0, "pct_carfree": 0.0}}, {"type": "Feature", "geometry": {"type": "Polygon", "coordinates": [[[-77.551936, 37.633642], [-77.549842, 37.636506], [-77.546584, 37.635212], [-77.540719, 37.632837], [-77.536924, 37.631256], [-77.535454, 37.630095], [-77.537099, 37.629428], [-77.539246, 37.629261], [-77.543176, 37.629207], [-77.546267, 37.628347], [-77.550513, 37.626011], [-77.556443, 37.631199], [-77.551936, 37.633642]]]}, "properties": {"GEOID": "510872001261", "total_units": 590, "carfree_units": 18, "pct_carfree": 3.05}}, {"type": "Feature", "geometry": {"type": "Polygon", "coordinates": [[[-77.540719, 37.632837], [-77.534892, 37.639738], [-77.532531, 37.640106], [-77.527525, 37.638589], [-77.530792, 37.636751], [-77.529025, 37.633997], [-77.529491, 37.630814], [-77.532185, 37.631019], [-77.535454, 37.630095], [-77.536924, 37.631256], [-77.540719, 37.632837]]]}, "properties": {"GEOID": "510872004111", "total_units": 608, "carfree_units": 0, "pct_carfree": 0.0}}, {"type": "Feature", "geometry": {"type": "Polygon", "coordinates": [[[-77.529025, 37.633997], [-77.52893, 37.633993], [-77.519113, 37.630867], [-77.519318, 37.629699], [-77.522921, 37.629698], [-77.529491, 37.630814], [-77.529025, 37.633997]]]}, "properties": {"GEOID": "510872004121", "total_units": 482, "carfree_units": 120, "pct_carfree": 24.9}}, {"type": "Feature", "geometry": {"type": "Polygon", "coordinates": [[[-77.383837, 37.388116], [-77.381824, 37.388147], [-77.38174, 37.386993], [-77.379545, 37.386697], [-77.378655, 37.38855], [-77.379609, 37.389907], [-77.378625, 37.390405], [-77.377149, 37.393], [-77.377608, 37.393679], [-77.377567, 37.394423], [-77.379769, 37.394129], [-77.381082, 37.398858], [-77.378216, 37.399452], [-77.374791, 37.400749], [-77.356679, 37.411855], [-77.358151, 37.413513], [-77.362451, 37.416353], [-77.365366, 37.419428], [-77.367036, 37.421704], [-77.366992, 37.423972], [-77.365934, 37.428314], [-77.366051, 37.432714], [-77.366769, 37.436187], [-77.369027, 37.44349], [-77.3692, 37.445928], [-77.370877, 37.454259], [-77.368112, 37.452736], [-77.36156, 37.448377], [-77.3551, 37.445731], [-77.346129, 37.442391], [-77.342867, 37.440757], [-77.34059, 37.439631], [-77.333268, 37.436677], [-77.327313, 37.433304], [-77.325749, 37.432704], [-77.314646, 37.43041], [-77.313054, 37.429769], [-77.30826, 37.427799], [-77.300985, 37.425904], [-77.299449, 37.424655], [-77.297055, 37.420879], [-77.298495, 37.420455], [-77.298526, 37.41262], [-77.29937, 37.410184], [-77.30275, 37.407979], [-77.304214, 37.405938], [-77.306392, 37.405498], [-77.308647, 37.404016], [-77.309471, 37.402444], [-77.308262, 37.398446], [-77.308737, 37.392451], [-77.309616, 37.392457], [-77.312457, 37.387704], [-77.314739, 37.384686], [-77.315591, 37.382842], [-77.318706, 37.380171], [-77.325068, 37.377922], [-77.328149, 37.377398], [-77.33237, 37.377459], [-77.338518, 37.378149], [-77.343582, 37.378036], [-77.346483, 37.378579], [-77.347069, 37.378478], [-77.349235, 37.378466], [-77.355525, 37.377023], [-77.357913, 37.376391], [-77.360354, 37.374881], [-77.361937, 37.376057], [-77.361022, 37.378426], [-77.359068, 37.379677], [-77.357707, 37.383534], [-77.359472, 37.386758], [-77.362164, 37.38917], [-77.365208, 37.390917], [-77.36917, 37.392057], [-77.370853, 37.391637], [-77.372682, 37.390196], [-77.373548, 37.388163], [-77.373674, 37.384399], [-77.37495, 37.383712], [-77.37574, 37.381697], [-77.376127, 37.384084], [-77.380687, 37.384627], [-77.3827, 37.385549], [-77.383837, 37.388116]]]}, "properties": {"GEOID": "510872016022", "total_units": 627, "carfree_units": 0, "pct_carfree": 0.0}}, {"type": "Feature", "geometry": {"type": "Polygon", "coordinates": [[[-77.554909, 37.582392], [-77.554139, 37.583797], [-77.553195, 37.585597], [-77.552908, 37.58615], [-77.551431, 37.588888], [-77.548045, 37.588349], [-77.547185, 37.584881], [-77.545244, 37.58173], [-77.546131, 37.580656], [-77.543066, 37.579089], [-77.546769, 37.57548], [-77.547469, 37.572535], [-77.551249, 37.572985], [-77.551685, 37.572906], [-77.552731, 37.578295], [-77.555171, 37.581575], [-77.554909, 37.582392]]]}, "properties": {"GEOID": "510872002021", "total_units": 294, "carfree_units": 0, "pct_carfree": 0.0}}, {"type": "Feature", "geometry": {"type": "Polygon", "coordinates": [[[-77.478259, 37.645153], [-77.476956, 37.645192], [-77.475483, 37.644807], [-77.475119, 37.644613], [-77.461466, 37.635089], [-77.463226, 37.635363], [-77.466553, 37.637388], [-77.467812, 37.636004], [-77.46875, 37.6353], [-77.470316, 37.635098], [-77.470761, 37.635279], [-77.471307, 37.636466], [-77.46987, 37.639037], [-77.470854, 37.639068], [-77.476823, 37.638593], [-77.475642, 37.639853], [-77.476516, 37.641429], [-77.475271, 37.641953], [-77.476749, 37.643702], [-77.479076, 37.643418], [-77.478259, 37.645153]]]}, "properties": {"GEOID": "510872008012", "total_units": 436, "carfree_units": 12, "pct_carfree": 2.75}}, {"type": "Feature", "geometry": {"type": "Polygon", "coordinates": [[[-77.496698, 37.61374], [-77.494504, 37.613767], [-77.491609, 37.613979], [-77.487228, 37.614973], [-77.485022, 37.610155], [-77.483899, 37.606845], [-77.4795, 37.606973], [-77.479387, 37.606084], [-77.479361, 37.603705], [-77.489825, 37.603562], [-77.491724, 37.603357], [-77.493874, 37.605205], [-77.495386, 37.608073], [-77.49606, 37.609594], [-77.496698, 37.61374]]]}, "properties": {"GEOID": "510872005021", "total_units": 646, "carfree_units": 18, "pct_carfree": 2.79}}, {"type": "Feature", "geometry": {"type": "Polygon", "coordinates": [[[-77.510077, 37.583567], [-77.498699, 37.576776], [-77.499937, 37.575397], [-77.500521, 37.57572], [-77.511812, 37.581751], [-77.510077, 37.583567]]]}, "properties": {"GEOID": "510872003011", "total_units": 370, "carfree_units": 0, "pct_carfree": 0.0}}, {"type": "Feature", "geometry": {"type": "Polygon", "coordinates": [[[-77.467477, 37.603865], [-77.466062, 37.60404], [-77.462224, 37.604417], [-77.460567, 37.604183], [-77.459445, 37.603748], [-77.457713, 37.602819], [-77.455102, 37.605693], [-77.454334, 37.6019], [-77.454413, 37.60189], [-77.455181, 37.601456], [-77.454475, 37.597496], [-77.460626, 37.597067], [-77.465838, 37.596758], [-77.465886, 37.597272], [-77.466057, 37.599133], [-77.466905, 37.598975], [-77.467477, 37.603865]]]}, "properties": {"GEOID": "510872007002", "total_units": 419, "carfree_units": 133, "pct_carfree": 31.74}}, {"type": "Feature", "geometry": {"type": "Polygon", "coordinates": [[[-77.312857, 37.530276], [-77.306576, 37.536659], [-77.305009, 37.538241], [-77.296174, 37.547388], [-77.296172, 37.547708], [-77.285641, 37.549648], [-77.273162, 37.529812], [-77.271618, 37.526616], [-77.27056, 37.521155], [-77.280821, 37.523795], [-77.288832, 37.525849], [-77.305881, 37.5287], [-77.311926, 37.529402], [-77.312857, 37.530276]]]}, "properties": {"GEOID": "510872014033", "total_units": 1036, "carfree_units": 68, "pct_carfree": 6.56}}, {"type": "Feature", "geometry": {"type": "Polygon", "coordinates": [[[-77.539246, 37.629261], [-77.537099, 37.629428], [-77.535454, 37.630095], [-77.534422, 37.629054], [-77.524998, 37.620688], [-77.524203, 37.619717], [-77.523923, 37.619224], [-77.531727, 37.61725], [-77.536458, 37.614805], [-77.537895, 37.614765], [-77.538091, 37.624242], [-77.539246, 37.629261]]]}, "properties": {"GEOID": "510872003053", "total_units": 783, "carfree_units": 25, "pct_carfree": 3.19}}, {"type": "Feature", "geometry": {"type": "Polygon", "coordinates": [[[-77.643883, 37.618637], [-77.641177, 37.618516], [-77.638871, 37.617568], [-77.638718, 37.615641], [-77.637529, 37.614189], [-77.635557, 37.613439], [-77.636156, 37.611748], [-77.636244, 37.611687], [-77.643182, 37.616224], [-77.643737, 37.616897], [-77.643883, 37.618637]]]}, "properties": {"GEOID": "510872001232", "total_units": 530, "carfree_units": 34, "pct_carfree": 6.42}}, {"type": "Feature", "geometry": {"type": "Polygon", "coordinates": [[[-77.501787, 37.607367], [-77.495386, 37.608073], [-77.493874, 37.605205], [-77.491724, 37.603357], [-77.490944, 37.602063], [-77.490773, 37.60129], [-77.492373, 37.602918], [-77.495633, 37.603146], [-77.496913, 37.605142], [-77.500864, 37.60603], [-77.501787, 37.607367]]]}, "properties": {"GEOID": "510872004042", "total_units": 499, "carfree_units": 0, "pct_carfree": 0.0}}, {"type": "Feature", "geometry": {"type": "Polygon", "coordinates": [[[-77.395822, 37.546736], [-77.393304, 37.544254], [-77.386364, 37.53896], [-77.378109, 37.532108], [-77.375507, 37.530727], [-77.376113, 37.525582], [-77.368494, 37.525405], [-77.365262, 37.525052], [-77.36491, 37.525068], [-77.366151, 37.518644], [-77.372661, 37.518312], [-77.377835, 37.518359], [-77.37828, 37.51837], [-77.382762, 37.518183], [-77.382927, 37.521876], [-77.382466, 37.525516], [-77.383428, 37.528818], [-77.385995, 37.529421], [-77.385513, 37.535172], [-77.387776, 37.536753], [-77.393246, 37.537298], [-77.394993, 37.544018], [-77.396156, 37.546311], [-77.395822, 37.546736]]]}, "properties": {"GEOID": "510872011022", "total_units": 589, "carfree_units": 81, "pct_carfree": 13.75}}, {"type": "Feature", "geometry": {"type": "Polygon", "coordinates": [[[-77.340645, 37.503388], [-77.340664, 37.518026], [-77.338744, 37.518217], [-77.337121, 37.518598], [-77.330847, 37.520257], [-77.328244, 37.521319], [-77.325997, 37.522151], [-77.321798, 37.522952], [-77.320385, 37.520032], [-77.314523, 37.518892], [-77.313206, 37.514051], [-77.310278, 37.513557], [-77.309773, 37.512485], [-77.304251, 37.511506], [-77.304637, 37.509484], [-77.306302, 37.500897], [-77.305913, 37.499583], [-77.299703, 37.491622], [-77.3001, 37.489267], [-77.335194, 37.49569], [-77.34011, 37.498737], [-77.341807, 37.49984], [-77.340645, 37.503388]]]}, "properties": {"GEOID": "510879801001", "total_units": 0, "carfree_units": 0, "pct_carfree": 0.0}}, {"type": "Feature", "geometry": {"type": "Polygon", "coordinates": [[[-77.485022, 37.610155], [-77.479987, 37.610751], [-77.47258, 37.612349], [-77.471463, 37.610487], [-77.471035, 37.60943], [-77.471227, 37.607522], [-77.474811, 37.607777], [-77.4795, 37.606973], [-77.483899, 37.606845], [-77.485022, 37.610155]]]}, "properties": {"GEOID": "510872006003", "total_units": 717, "carfree_units": 122, "pct_carfree": 17.02}}, {"type": "Feature", "geometry": {"type": "Polygon", "coordinates": [[[-77.528278, 37.601815], [-77.527922, 37.602379], [-77.521713, 37.606413], [-77.516248, 37.605741], [-77.515647, 37.604706], [-77.51439, 37.599741], [-77.513835, 37.598602], [-77.510666, 37.595775], [-77.511488, 37.595477], [-77.519207, 37.594605], [-77.522848, 37.594372], [-77.523244, 37.594429], [-77.529779, 37.597295], [-77.528278, 37.601815]]]}, "properties": {"GEOID": "510872003031", "total_units": 741, "carfree_units": 0, "pct_carfree": 0.0}}, {"type": "Feature", "geometry": {"type": "Polygon", "coordinates": [[[-77.524922, 37.634822], [-77.523712, 37.634669], [-77.51841, 37.63472], [-77.517888, 37.63689], [-77.516147, 37.641137], [-77.516029, 37.64141], [-77.515866, 37.641167], [-77.509765, 37.635063], [-77.509276, 37.634403], [-77.508208, 37.632598], [-77.513912, 37.630076], [-77.519318, 37.629699], [-77.519113, 37.630867], [-77.52893, 37.633993], [-77.524922, 37.634822]]]}, "properties": {"GEOID": "510872004122", "total_units": 598, "carfree_units": 27, "pct_carfree": 4.52}}, {"type": "Feature", "geometry": {"type": "Polygon", "coordinates": [[[-77.577602, 37.617665], [-77.577463, 37.623616], [-77.574289, 37.627885], [-77.573376, 37.626888], [-77.573209, 37.625851], [-77.572863, 37.623105], [-77.569422, 37.618779], [-77.567408, 37.614758], [-77.56356, 37.611528], [-77.564412, 37.608558], [-77.570191, 37.608891], [-77.571217, 37.608555], [-77.572236, 37.60916], [-77.571516, 37.6096], [-77.574366, 37.611504], [-77.575742, 37.610562], [-77.578318, 37.612231], [-77.577602, 37.617665]]]}, "properties": {"GEOID": "510872001533", "total_units": 546, "carfree_units": 0, "pct_carfree": 0.0}}, {"type": "Feature", "geometry": {"type": "Polygon", "coordinates": [[[-77.607339, 37.612555], [-77.604087, 37.612808], [-77.599489, 37.614797], [-77.593814, 37.616432], [-77.587447, 37.621854], [-77.586038, 37.621269], [-77.584406, 37.620622], [-77.58524, 37.618348], [-77.585881, 37.617999], [-77.587429, 37.618618], [-77.587726, 37.618449], [-77.58842, 37.617478], [-77.58864, 37.617539], [-77.588731, 37.617408], [-77.588821, 37.617314], [-77.589736, 37.615801], [-77.59221, 37.611489], [-77.595673, 37.610114], [-77.599002, 37.609859], [-77.601069, 37.607164], [-77.604993, 37.607181], [-77.606764, 37.607453], [-77.607339, 37.612555]]]}, "properties": {"GEOID": "510872001382", "total_units": 708, "carfree_units": 0, "pct_carfree": 0.0}}, {"type": "Feature", "geometry": {"type": "Polygon", "coordinates": [[[-77.524203, 37.619717], [-77.523449, 37.620085], [-77.520038, 37.621897], [-77.518695, 37.62043], [-77.50924, 37.616521], [-77.512896, 37.615837], [-77.516657, 37.615077], [-77.520843, 37.613369], [-77.523923, 37.619224], [-77.524203, 37.619717]]]}, "properties": {"GEOID": "510872004182", "total_units": 158, "carfree_units": 0, "pct_carfree": 0.0}}, {"type": "Feature", "geometry": {"type": "Polygon", "coordinates": [[[-77.314711, 37.541869], [-77.313199, 37.545948], [-77.311161, 37.547408], [-77.308918, 37.551077], [-77.307523, 37.552524], [-77.308435, 37.554499], [-77.307314, 37.556326], [-77.304974, 37.557229], [-77.299112, 37.5566], [-77.296603, 37.558254], [-77.295547, 37.559719], [-77.296158, 37.560332], [-77.295455, 37.560625], [-77.288487, 37.553654], [-77.285641, 37.549648], [-77.296172, 37.547708], [-77.296174, 37.547388], [-77.305009, 37.538241], [-77.307979, 37.54081], [-77.309513, 37.540858], [-77.307711, 37.542745], [-77.309867, 37.543825], [-77.315397, 37.540229], [-77.314711, 37.541869]]]}, "properties": {"GEOID": "510872014031", "total_units": 81, "carfree_units": 0, "pct_carfree": 0.0}}, {"type": "Feature", "geometry": {"type": "Polygon", "coordinates": [[[-77.653937, 37.63955], [-77.652522, 37.640571], [-77.647922, 37.641172], [-77.643731, 37.642849], [-77.642626, 37.644259], [-77.639676, 37.645958], [-77.637718, 37.647673], [-77.636901, 37.645675], [-77.63108, 37.640428], [-77.634126, 37.637168], [-77.63577, 37.63799], [-77.636837, 37.635697], [-77.638631, 37.634965], [-77.640042, 37.633097], [-77.642992, 37.631146], [-77.648824, 37.629978], [-77.652052, 37.630897], [-77.652001, 37.632112], [-77.653707, 37.634539], [-77.653937, 37.63955]]]}, "properties": {"GEOID": "510872001391", "total_units": 878, "carfree_units": 39, "pct_carfree": 4.44}}, {"type": "Feature", "geometry": {"type": "Polygon", "coordinates": [[[-77.300721, 37.482509], [-77.295879, 37.488493], [-77.292768, 37.491672], [-77.283021, 37.500836], [-77.277056, 37.506463], [-77.275312, 37.508348], [-77.273066, 37.511623], [-77.271593, 37.514828], [-77.270871, 37.517408], [-77.27056, 37.521155], [-77.245614, 37.51443], [-77.240397, 37.51403], [-77.240632, 37.510944], [-77.239973, 37.505618], [-77.238766, 37.502952], [-77.237102, 37.501631], [-77.233385, 37.500244], [-77.226349, 37.49596], [-77.22509, 37.49455], [-77.219659, 37.489421], [-77.214672, 37.487124], [-77.212998, 37.485217], [-77.212895, 37.483617], [-77.213429, 37.480194], [-77.213232, 37.475407], [-77.211695, 37.472151], [-77.210736, 37.471444], [-77.208567, 37.468359], [-77.209266, 37.467699], [-77.217547, 37.467664], [-77.221374, 37.465333], [-77.222466, 37.465291], [-77.226535, 37.466581], [-77.232742, 37.467046], [-77.237047, 37.468423], [-77.23707, 37.468517], [-77.237511, 37.468612], [-77.237869, 37.468335], [-77.238262, 37.46846], [-77.238916, 37.470513], [-77.242438, 37.473132], [-77.246638, 37.47341], [-77.248302, 37.473396], [-77.254433, 37.474628], [-77.255648, 37.475547], [-77.256785, 37.479112], [-77.258428, 37.479251], [-77.263955, 37.482824], [-77.267447, 37.483421], [-77.267583, 37.483686], [-77.268859, 37.485016], [-77.272679, 37.484174], [-77.275771, 37.484717], [-77.27754, 37.482659], [-77.280438, 37.48123], [-77.284122, 37.481112], [-77.286076, 37.48208], [-77.295211, 37.483079], [-77.298016, 37.481661], [-77.300721, 37.482509]]]}, "properties": {"GEOID": "510872014043", "total_units": 307, "carfree_units": 8, "pct_carfree": 2.61}}, {"type": "Feature", "geometry": {"type": "Polygon", "coordinates": [[[-77.512896, 37.615837], [-77.50924, 37.616521], [-77.508865, 37.616594], [-77.508298, 37.614069], [-77.508367, 37.613286], [-77.510732, 37.613011], [-77.511906, 37.612434], [-77.512896, 37.615837]]]}, "properties": {"GEOID": "510872004172", "total_units": 577, "carfree_units": 67, "pct_carfree": 11.61}}, {"type": "Feature", "geometry": {"type": "Polygon", "coordinates": [[[-77.395554, 37.484655], [-77.391721, 37.484403], [-77.3897, 37.484305], [-77.380687, 37.485887], [-77.379149, 37.491958], [-77.379293, 37.496163], [-77.379224, 37.496911], [-77.37963, 37.501573], [-77.381059, 37.503266], [-77.375239, 37.503009], [-77.369869, 37.502068], [-77.367184, 37.511662], [-77.373121, 37.513778], [-77.377835, 37.518359], [-77.372661, 37.518312], [-77.366151, 37.518644], [-77.359236, 37.518238], [-77.352723, 37.517836], [-77.349978, 37.517342], [-77.349601, 37.515862], [-77.349412, 37.5039], [-77.350172, 37.49843], [-77.350878, 37.496198], [-77.352912, 37.492991], [-77.354692, 37.48607], [-77.355564, 37.484274], [-77.357206, 37.482818], [-77.37161, 37.472204], [-77.378364, 37.468775], [-77.382912, 37.465604], [-77.38797, 37.470156], [-77.388837, 37.471358], [-77.391287, 37.478111], [-77.396222, 37.484431], [-77.395554, 37.484655]]]}, "properties": {"GEOID": "510872015041", "total_units": 731, "carfree_units": 21, "pct_carfree": 2.87}}, {"type": "Feature", "geometry": {"type": "Polygon", "coordinates": [[[-77.442415, 37.617679], [-77.434794, 37.629029], [-77.429857, 37.63475], [-77.425503, 37.639514], [-77.424307, 37.640329], [-77.423516, 37.640768], [-77.42143, 37.641682], [-77.419942, 37.638158], [-77.420679, 37.636503], [-77.419289, 37.635679], [-77.418254, 37.633166], [-77.413777, 37.630269], [-77.411018, 37.629257], [-77.409385, 37.627479], [-77.406828, 37.62728], [-77.405382, 37.626033], [-77.40467, 37.622605], [-77.406256, 37.619746], [-77.405971, 37.618769], [-77.407288, 37.617357], [-77.408706, 37.614656], [-77.407189, 37.612524], [-77.409774, 37.611161], [-77.411317, 37.611729], [-77.411142, 37.612937], [-77.414331, 37.61533], [-77.420062, 37.616503], [-77.424451, 37.614156], [-77.424278, 37.613387], [-77.42835, 37.613384], [-77.431026, 37.614961], [-77.432166, 37.614877], [-77.43765, 37.617185], [-77.440521, 37.616189], [-77.442415, 37.617679]]]}, "properties": {"GEOID": "510872009042", "total_units": 765, "carfree_units": 16, "pct_carfree": 2.09}}, {"type": "Feature", "geometry": {"type": "Polygon", "coordinates": [[[-77.628495, 37.638812], [-77.62603, 37.638386], [-77.621619, 37.64116], [-77.621899, 37.6429], [-77.619896, 37.644623], [-77.61846, 37.647214], [-77.615789, 37.646081], [-77.616285, 37.645043], [-77.616562, 37.640907], [-77.618643, 37.641651], [-77.621513, 37.638351], [-77.622769, 37.635488], [-77.626003, 37.633331], [-77.631317, 37.635486], [-77.628495, 37.638812]]]}, "properties": {"GEOID": "510872001422", "total_units": 454, "carfree_units": 0, "pct_carfree": 0.0}}, {"type": "Feature", "geometry": {"type": "Polygon", "coordinates": [[[-77.383173, 37.594974], [-77.382879, 37.595247], [-77.381755, 37.594513], [-77.373431, 37.593364], [-77.368753, 37.590551], [-77.366633, 37.59073], [-77.362671, 37.588679], [-77.362669, 37.587288], [-77.360707, 37.58676], [-77.358415, 37.584733], [-77.357887, 37.583091], [-77.354785, 37.582654], [-77.352952, 37.581063], [-77.350813, 37.580814], [-77.35022, 37.580059], [-77.346912, 37.579313], [-77.344568, 37.578201], [-77.342772, 37.578533], [-77.338096, 37.577206], [-77.336967, 37.575736], [-77.340503, 37.575004], [-77.349748, 37.569552], [-77.360134, 37.566206], [-77.370942, 37.562207], [-77.375417, 37.561524], [-77.380968, 37.570371], [-77.382275, 37.571816], [-77.381258, 37.57193], [-77.370565, 37.570966], [-77.368913, 37.570982], [-77.372566, 37.580159], [-77.388166, 37.588314], [-77.383173, 37.594974]]]}, "properties": {"GEOID": "510872010012", "total_units": 783, "carfree_units": 90, "pct_carfree": 11.49}}, {"type": "Feature", "geometry": {"type": "Polygon", "coordinates": [[[-77.413364, 37.607688], [-77.412443, 37.609403], [-77.409774, 37.611161], [-77.407189, 37.612524], [-77.406257, 37.611851], [-77.404584, 37.609915], [-77.405274, 37.607699], [-77.404957, 37.60641], [-77.4036, 37.605105], [-77.399853, 37.606068], [-77.397036, 37.602622], [-77.396037, 37.601913], [-77.393832, 37.601567], [-77.392022, 37.599987], [-77.391126, 37.598094], [-77.388661, 37.598433], [-77.387233, 37.598054], [-77.382879, 37.595247], [-77.383173, 37.594974], [-77.388166, 37.588314], [-77.393829, 37.580417], [-77.395832, 37.577512], [-77.398378, 37.578501], [-77.400944, 37.579257], [-77.406286, 37.580937], [-77.409585, 37.583841], [-77.41203, 37.58493], [-77.409098, 37.588867], [-77.407705, 37.596362], [-77.408606, 37.598586], [-77.41097, 37.601657], [-77.413406, 37.606542], [-77.413364, 37.607688]]]}, "properties": {"GEOID": "510872010011", "total_units": 612, "carfree_units": 18, "pct_carfree": 2.94}}, {"type": "Feature", "geometry": {"type": "Polygon", "coordinates": [[[-77.50074, 37.592536], [-77.499684, 37.594579], [-77.495807, 37.5967], [-77.493387, 37.595712], [-77.493923, 37.593846], [-77.493012, 37.592547], [-77.493002, 37.590986], [-77.49177, 37.587342], [-77.491534, 37.584847], [-77.492899, 37.581786], [-77.49381, 37.581987], [-77.503796, 37.590121], [-77.50074, 37.592536]]]}, "properties": {"GEOID": "510872005012", "total_units": 505, "carfree_units": 0, "pct_carfree": 0.0}}, {"type": "Feature", "geometry": {"type": "Polygon", "coordinates": [[[-77.368682, 37.544999], [-77.366453, 37.545751], [-77.3646, 37.546294], [-77.356777, 37.548701], [-77.356145, 37.548966], [-77.354915, 37.544777], [-77.354848, 37.541063], [-77.351635, 37.540506], [-77.349792, 37.53852], [-77.346599, 37.536672], [-77.345098, 37.536474], [-77.343287, 37.536736], [-77.341991, 37.536472], [-77.342722, 37.534243], [-77.344571, 37.531537], [-77.352839, 37.532586], [-77.355951, 37.532721], [-77.361237, 37.53203], [-77.362922, 37.533602], [-77.363603, 37.534513], [-77.369984, 37.544252], [-77.368682, 37.544999]]]}, "properties": {"GEOID": "510872014051", "total_units": 1042, "carfree_units": 19, "pct_carfree": 1.82}}, {"type": "Feature", "geometry": {"type": "Polygon", "coordinates": [[[-77.583173, 37.646924], [-77.581373, 37.652301], [-77.577715, 37.655388], [-77.574864, 37.658891], [-77.574811, 37.662588], [-77.573031, 37.665165], [-77.568006, 37.663665], [-77.565695, 37.663305], [-77.566116, 37.66229], [-77.566213, 37.659998], [-77.567216, 37.656621], [-77.570779, 37.652586], [-77.572626, 37.651543], [-77.575241, 37.645909], [-77.583099, 37.646745], [-77.583173, 37.646924]]]}, "properties": {"GEOID": "510872001513", "total_units": 629, "carfree_units": 0, "pct_carfree": 0.0}}, {"type": "Feature", "geometry": {"type": "Polygon", "coordinates": [[[-77.519669, 37.651673], [-77.517374, 37.651546], [-77.512831, 37.650054], [-77.510196, 37.651041], [-77.508745, 37.650815], [-77.507929, 37.64788], [-77.507312, 37.647851], [-77.507581, 37.64518], [-77.507431, 37.643108], [-77.510675, 37.643312], [-77.512355, 37.643951], [-77.513425, 37.64448], [-77.516203, 37.645014], [-77.518102, 37.645325], [-77.520814, 37.652185], [-77.519669, 37.651673]]]}, "properties": {"GEOID": "510872004161", "total_units": 618, "carfree_units": 0, "pct_carfree": 0.0}}, {"type": "Feature", "geometry": {"type": "Polygon", "coordinates": [[[-77.58524, 37.618348], [-77.584406, 37.620622], [-77.582136, 37.626363], [-77.580918, 37.628026], [-77.576776, 37.631786], [-77.574342, 37.635295], [-77.569293, 37.632304], [-77.572406, 37.629063], [-77.574289, 37.627885], [-77.577463, 37.623616], [-77.577602, 37.617665], [-77.581438, 37.619038], [-77.584612, 37.618283], [-77.58524, 37.618348]]]}, "properties": {"GEOID": "510872001271", "total_units": 342, "carfree_units": 0, "pct_carfree": 0.0}}, {"type": "Feature", "geometry": {"type": "Polygon", "coordinates": [[[-77.50484, 37.665535], [-77.503234, 37.676996], [-77.501222, 37.691381], [-77.500505, 37.690323], [-77.499473, 37.688436], [-77.497968, 37.686491], [-77.495969, 37.681379], [-77.493408, 37.677822], [-77.491897, 37.676657], [-77.483671, 37.67221], [-77.482863, 37.671396], [-77.484649, 37.667611], [-77.486512, 37.663441], [-77.486562, 37.663342], [-77.487272, 37.661895], [-77.489731, 37.659471], [-77.493577, 37.655718], [-77.49539, 37.65243], [-77.499106, 37.653485], [-77.497831, 37.658437], [-77.501853, 37.658926], [-77.500974, 37.665249], [-77.503441, 37.665243], [-77.50484, 37.665535]]]}, "properties": {"GEOID": "510872009062", "total_units": 957, "carfree_units": 52, "pct_carfree": 5.43}}, {"type": "Feature", "geometry": {"type": "Polygon", "coordinates": [[[-77.61601, 37.701579], [-77.613818, 37.701881], [-77.610757, 37.705552], [-77.608896, 37.706242], [-77.60631, 37.704248], [-77.601778, 37.70278], [-77.601147, 37.701503], [-77.601579, 37.700086], [-77.606677, 37.698047], [-77.607562, 37.695468], [-77.609096, 37.693765], [-77.611143, 37.694875], [-77.612599, 37.695372], [-77.612416, 37.697053], [-77.615561, 37.699799], [-77.61601, 37.701579]]]}, "properties": {"GEOID": "510872001462", "total_units": 240, "carfree_units": 0, "pct_carfree": 0.0}}, {"type": "Feature", "geometry": {"type": "Polygon", "coordinates": [[[-77.452642, 37.643789], [-77.450631, 37.657961], [-77.442795, 37.656963], [-77.434529, 37.653795], [-77.430566, 37.653263], [-77.43004, 37.65128], [-77.426603, 37.650172], [-77.424304, 37.648704], [-77.42143, 37.641682], [-77.423516, 37.640768], [-77.424307, 37.640329], [-77.425503, 37.639514], [-77.429857, 37.63475], [-77.432343, 37.635982], [-77.437182, 37.635496], [-77.437555, 37.63818], [-77.442937, 37.63686], [-77.444346, 37.640296], [-77.445415, 37.639666], [-77.448029, 37.637689], [-77.449246, 37.637651], [-77.452603, 37.640253], [-77.452642, 37.643789]]]}, "properties": {"GEOID": "510872009043", "total_units": 359, "carfree_units": 89, "pct_carfree": 24.79}}, {"type": "Feature", "geometry": {"type": "Polygon", "coordinates": [[[-77.623232, 37.620533], [-77.618351, 37.624854], [-77.613958, 37.630631], [-77.611498, 37.631699], [-77.610449, 37.630921], [-77.609345, 37.626517], [-77.606436, 37.622265], [-77.612141, 37.619596], [-77.61642, 37.619208], [-77.619891, 37.619716], [-77.623232, 37.620533]]]}, "properties": {"GEOID": "510872001221", "total_units": 458, "carfree_units": 0, "pct_carfree": 0.0}}, {"type": "Feature", "geometry": {"type": "Polygon", "coordinates": [[[-77.395478, 37.451273], [-77.379094, 37.461581], [-77.372969, 37.45533], [-77.370877, 37.454259], [-77.3692, 37.445928], [-77.369027, 37.44349], [-77.366769, 37.436187], [-77.366051, 37.432714], [-77.365934, 37.428314], [-77.366992, 37.423972], [-77.367036, 37.421704], [-77.365366, 37.419428], [-77.362451, 37.416353], [-77.358151, 37.413513], [-77.356679, 37.411855], [-77.374791, 37.400749], [-77.378216, 37.399452], [-77.381082, 37.398858], [-77.382221, 37.399602], [-77.39024, 37.423407], [-77.394091, 37.442588], [-77.395202, 37.448742], [-77.395478, 37.451273]]]}, "properties": {"GEOID": "510872016021", "total_units": 251, "carfree_units": 17, "pct_carfree": 6.77}}, {"type": "Feature", "geometry": {"type": "Polygon", "coordinates": [[[-77.310356, 37.433594], [-77.304424, 37.437497], [-77.304411, 37.445518], [-77.299534, 37.449979], [-77.29933, 37.451103], [-77.296671, 37.450808], [-77.293654, 37.449455], [-77.286976, 37.450441], [-77.280374, 37.450268], [-77.274882, 37.449048], [-77.269565, 37.449098], [-77.26532, 37.447644], [-77.262551, 37.446381], [-77.260732, 37.446136], [-77.254954, 37.446401], [-77.251962, 37.446307], [-77.24695, 37.445472], [-77.242614, 37.446393], [-77.237984, 37.445777], [-77.229029, 37.446054], [-77.22743, 37.446541], [-77.217393, 37.450456], [-77.213347, 37.451358], [-77.201413, 37.453794], [-77.197726, 37.45382], [-77.211834, 37.427675], [-77.218775, 37.414987], [-77.219632, 37.412626], [-77.221516, 37.410138], [-77.221707, 37.408767], [-77.222839, 37.407099], [-77.225972, 37.405372], [-77.224277, 37.403874], [-77.224411, 37.403176], [-77.220538, 37.40061], [-77.220248, 37.399425], [-77.221148, 37.398694], [-77.220398, 37.396214], [-77.219199, 37.395083], [-77.217083, 37.394946], [-77.214593, 37.393522], [-77.215251, 37.392712], [-77.215214, 37.390416], [-77.216409, 37.389498], [-77.217791, 37.386329], [-77.215071, 37.385932], [-77.216337, 37.384715], [-77.218745, 37.383879], [-77.220172, 37.383884], [-77.220921, 37.382793], [-77.223409, 37.382324], [-77.224614, 37.381572], [-77.224269, 37.380221], [-77.226308, 37.379966], [-77.228628, 37.381408], [-77.228233, 37.382159], [-77.229517, 37.382927], [-77.230386, 37.382226], [-77.232276, 37.382088], [-77.232214, 37.383455], [-77.233428, 37.383017], [-77.234608, 37.381563], [-77.235458, 37.382734], [-77.235333, 37.3842], [-77.236903, 37.385768], [-77.238191, 37.386097], [-77.2383, 37.387474], [-77.239481, 37.388504], [-77.242589, 37.388909], [-77.243387, 37.390596], [-77.246844, 37.391425], [-77.246346, 37.393177], [-77.245006, 37.39298], [-77.246051, 37.394484], [-77.248749, 37.394735], [-77.24863, 37.392756], [-77.250779, 37.392283], [-77.251512, 37.389889], [-77.251278, 37.388721], [-77.253947, 37.387613], [-77.253783, 37.386994], [-77.250404, 37.386654], [-77.248687, 37.384276], [-77.248351, 37.382603], [-77.249665, 37.382], [-77.251571, 37.379347], [-77.255003, 37.379137], [-77.254654, 37.377855], [-77.25506, 37.377078], [-77.254701, 37.377889], [-77.256174, 37.379695], [-77.25857, 37.379635], [-77.262493, 37.378748], [-77.263818, 37.378289], [-77.262014, 37.377564], [-77.265892, 37.376039], [-77.26753, 37.373489], [-77.267898, 37.37139], [-77.267026, 37.36071], [-77.268257, 37.357888], [-77.269703, 37.356202], [-77.272626, 37.353258], [-77.277085, 37.352231], [-77.286455, 37.351972], [-77.292832, 37.353443], [-77.300824, 37.356624], [-77.305485, 37.357997], [-77.304993, 37.358549], [-77.309193, 37.362731], [-77.310747, 37.365782], [-77.310992, 37.370084], [-77.311526, 37.373278], [-77.308482, 37.375581], [-77.307735, 37.377335], [-77.306073, 37.378828], [-77.3053, 37.381857], [-77.298205, 37.392087], [-77.29732, 37.396699], [-77.298084, 37.403195], [-77.300313, 37.405255], [-77.304214, 37.405938], [-77.30275, 37.407979], [-77.29937, 37.410184], [-77.298526, 37.41262], [-77.298495, 37.420455], [-77.297055, 37.420879], [-77.299449, 37.424655], [-77.300985, 37.425904], [-77.30826, 37.427799], [-77.313054, 37.429769], [-77.310356, 37.433594]]]}, "properties": {"GEOID": "510872016012", "total_units": 834, "carfree_units": 21, "pct_carfree": 2.52}}, {"type": "Feature", "geometry": {"type": "Polygon", "coordinates": [[[-77.474851, 37.651863], [-77.474432, 37.651721], [-77.468773, 37.650742], [-77.465802, 37.646518], [-77.460069, 37.640958], [-77.459282, 37.635222], [-77.461466, 37.635089], [-77.475119, 37.644613], [-77.475483, 37.644807], [-77.476956, 37.645192], [-77.476532, 37.647366], [-77.474509, 37.648568], [-77.477738, 37.650442], [-77.474851, 37.651863]]]}, "properties": {"GEOID": "510872009051", "total_units": 425, "carfree_units": 120, "pct_carfree": 28.24}}, {"type": "Feature", "geometry": {"type": "Polygon", "coordinates": [[[-77.652847, 37.565409], [-77.647107, 37.566378], [-77.644079, 37.566246], [-77.64159, 37.566754], [-77.63871, 37.56674], [-77.637241, 37.56609], [-77.634712, 37.565975], [-77.633936, 37.567326], [-77.63626, 37.568699], [-77.635688, 37.57138], [-77.632377, 37.575537], [-77.630553, 37.576715], [-77.627991, 37.57683], [-77.623923, 37.575758], [-77.620062, 37.577056], [-77.617991, 37.576893], [-77.61643, 37.577555], [-77.617145, 37.580606], [-77.618057, 37.581258], [-77.618892, 37.584881], [-77.618368, 37.587558], [-77.614516, 37.587407], [-77.610438, 37.585863], [-77.607511, 37.585296], [-77.603625, 37.583509], [-77.595666, 37.579037], [-77.589411, 37.576871], [-77.585277, 37.574868], [-77.582645, 37.574283], [-77.578223, 37.571849], [-77.57689, 37.57155], [-77.577651, 37.569858], [-77.577338, 37.565188], [-77.576367, 37.563271], [-77.571795, 37.559626], [-77.570569, 37.557935], [-77.57459, 37.55859], [-77.578048, 37.558984], [-77.584758, 37.558483], [-77.590588, 37.556401], [-77.595462, 37.55575], [-77.605953, 37.555464], [-77.61395, 37.556187], [-77.614224, 37.556387], [-77.617478, 37.556965], [-77.622, 37.55688], [-77.622539, 37.556752], [-77.626436, 37.556946], [-77.634952, 37.558845], [-77.639294, 37.559284], [-77.644914, 37.559073], [-77.64984, 37.559837], [-77.652021, 37.560939], [-77.655399, 37.563986], [-77.652847, 37.565409]]]}, "properties": {"GEOID": "510872001082", "total_units": 714, "carfree_units": 7, "pct_carfree": 0.98}}, {"type": "Feature", "geometry": {"type": "Polygon", "coordinates": [[[-77.504623, 37.62642], [-77.500683, 37.627228], [-77.498465, 37.627512], [-77.497906, 37.627251], [-77.493915, 37.625879], [-77.491684, 37.624825], [-77.485488, 37.621855], [-77.482911, 37.621038], [-77.483897, 37.62043], [-77.485654, 37.618828], [-77.488724, 37.618204], [-77.487228, 37.614973], [-77.491609, 37.613979], [-77.494504, 37.613767], [-77.496698, 37.61374], [-77.498764, 37.617508], [-77.499516, 37.618588], [-77.501908, 37.621092], [-77.50292, 37.622255], [-77.504121, 37.625483], [-77.504623, 37.62642]]]}, "properties": {"GEOID": "510872005031", "total_units": 378, "carfree_units": 24, "pct_carfree": 6.35}}, {"type": "Feature", "geometry": {"type": "Polygon", "coordinates": [[[-77.577651, 37.569858], [-77.57689, 37.57155], [-77.57461, 37.57105], [-77.56938, 37.569275], [-77.565807, 37.569096], [-77.564706, 37.569159], [-77.559442, 37.569357], [-77.557134, 37.570109], [-77.553708, 37.572298], [-77.551685, 37.572906], [-77.551249, 37.572985], [-77.547469, 37.572535], [-77.542233, 37.570748], [-77.539021, 37.572863], [-77.537162, 37.572525], [-77.536876, 37.570917], [-77.536155, 37.568644], [-77.534861, 37.568224], [-77.525855, 37.568235], [-77.526468, 37.56649], [-77.529495, 37.559656], [-77.529827, 37.559225], [-77.536836, 37.559236], [-77.538563, 37.559548], [-77.541336, 37.560197], [-77.544161, 37.5604], [-77.547785, 37.560122], [-77.550889, 37.558637], [-77.555286, 37.557669], [-77.558145, 37.556083], [-77.560143, 37.55557], [-77.563963, 37.556115], [-77.570569, 37.557935], [-77.571795, 37.559626], [-77.576367, 37.563271], [-77.577338, 37.565188], [-77.577651, 37.569858]]]}, "properties": {"GEOID": "510872001081", "total_units": 255, "carfree_units": 15, "pct_carfree": 5.88}}, {"type": "Feature", "geometry": {"type": "Polygon", "coordinates": [[[-77.382912, 37.465604], [-77.378364, 37.468775], [-77.37161, 37.472204], [-77.357206, 37.482818], [-77.349616, 37.476875], [-77.34482, 37.473539], [-77.342707, 37.472929], [-77.336068, 37.47259], [-77.334084, 37.471864], [-77.331726, 37.469888], [-77.3295, 37.467431], [-77.328989, 37.4644], [-77.32888, 37.459238], [-77.32968, 37.456858], [-77.332876, 37.452434], [-77.342561, 37.444522], [-77.342867, 37.440757], [-77.346129, 37.442391], [-77.3551, 37.445731], [-77.36156, 37.448377], [-77.368112, 37.452736], [-77.370877, 37.454259], [-77.372969, 37.45533], [-77.379094, 37.461581], [-77.382912, 37.465604]]]}, "properties": {"GEOID": "510872015023", "total_units": 663, "carfree_units": 29, "pct_carfree": 4.37}}, {"type": "Feature", "geometry": {"type": "Polygon", "coordinates": [[[-77.375507, 37.530727], [-77.374413, 37.530361], [-77.372752, 37.529974], [-77.371539, 37.529839], [-77.369946, 37.52983], [-77.368258, 37.528948], [-77.368494, 37.525405], [-77.376113, 37.525582], [-77.375507, 37.530727]]]}, "properties": {"GEOID": "510872011024", "total_units": 145, "carfree_units": 0, "pct_carfree": 0.0}}, {"type": "Feature", "geometry": {"type": "Polygon", "coordinates": [[[-77.473781, 37.616686], [-77.457742, 37.617548], [-77.457642, 37.617558], [-77.457042, 37.617727], [-77.457001, 37.610473], [-77.456685, 37.609108], [-77.458115, 37.608227], [-77.460789, 37.608105], [-77.461959, 37.606397], [-77.459445, 37.603748], [-77.460567, 37.604183], [-77.462224, 37.604417], [-77.466062, 37.60404], [-77.466466, 37.607549], [-77.469401, 37.610825], [-77.471463, 37.610487], [-77.47258, 37.612349], [-77.472896, 37.612952], [-77.473781, 37.616686]]]}, "properties": {"GEOID": "510872007004", "total_units": 667, "carfree_units": 121, "pct_carfree": 18.14}}, {"type": "Feature", "geometry": {"type": "Polygon", "coordinates": [[[-77.630817, 37.705696], [-77.630234, 37.7073], [-77.62252, 37.704891], [-77.61985, 37.705987], [-77.617828, 37.708032], [-77.613619, 37.708684], [-77.610608, 37.71041], [-77.608504, 37.709899], [-77.608923, 37.709481], [-77.608896, 37.706242], [-77.610757, 37.705552], [-77.613818, 37.701881], [-77.61601, 37.701579], [-77.621203, 37.701107], [-77.622871, 37.700361], [-77.623982, 37.699089], [-77.623877, 37.695057], [-77.624406, 37.694114], [-77.626235, 37.692594], [-77.62917, 37.69167], [-77.629056, 37.694918], [-77.630413, 37.69773], [-77.632984, 37.699881], [-77.630817, 37.705696]]]}, "properties": {"GEOID": "510872001451", "total_units": 731, "carfree_units": 0, "pct_carfree": 0.0}}, {"type": "Feature", "geometry": {"type": "Polygon", "coordinates": [[[-77.587587, 37.625088], [-77.587975, 37.626921], [-77.589577, 37.628982], [-77.589688, 37.631694], [-77.587693, 37.635407], [-77.586466, 37.634872], [-77.584391, 37.635995], [-77.582435, 37.635558], [-77.583438, 37.636803], [-77.588044, 37.639756], [-77.587515, 37.640374], [-77.585622, 37.64186], [-77.576943, 37.636788], [-77.574342, 37.635295], [-77.576776, 37.631786], [-77.580918, 37.628026], [-77.582136, 37.626363], [-77.584406, 37.620622], [-77.586038, 37.621269], [-77.587447, 37.621854], [-77.590813, 37.623294], [-77.587587, 37.625088]]]}, "properties": {"GEOID": "510872001274", "total_units": 555, "carfree_units": 54, "pct_carfree": 9.73}}, {"type": "Feature", "geometry": {"type": "Polygon", "coordinates": [[[-77.597373, 37.690839], [-77.592074, 37.695513], [-77.590696, 37.695394], [-77.588878, 37.694227], [-77.587896, 37.69509], [-77.582288, 37.692024], [-77.581017, 37.690284], [-77.578506, 37.688508], [-77.576043, 37.688199], [-77.573089, 37.688931], [-77.572684, 37.687764], [-77.570199, 37.686407], [-77.567088, 37.683921], [-77.565662, 37.684303], [-77.565229, 37.683217], [-77.563048, 37.683775], [-77.562249, 37.682569], [-77.560626, 37.682939], [-77.557856, 37.681919], [-77.556503, 37.68465], [-77.555935, 37.683812], [-77.55039, 37.682381], [-77.549622, 37.683015], [-77.551217, 37.684717], [-77.55124, 37.685906], [-77.550196, 37.68619], [-77.547199, 37.684516], [-77.543432, 37.684646], [-77.542905, 37.686104], [-77.542686, 37.686167], [-77.542172, 37.685727], [-77.540954, 37.684249], [-77.540289, 37.681047], [-77.558505, 37.677978], [-77.563427, 37.676603], [-77.563869, 37.676464], [-77.581615, 37.670956], [-77.58396, 37.673822], [-77.585613, 37.678316], [-77.588798, 37.681226], [-77.589159, 37.681912], [-77.589342, 37.683971], [-77.589576, 37.684896], [-77.59201, 37.687601], [-77.593113, 37.688154], [-77.59755, 37.68935], [-77.597373, 37.690839]]]}, "properties": {"GEOID": "510872001481", "total_units": 949, "carfree_units": 0, "pct_carfree": 0.0}}, {"type": "Feature", "geometry": {"type": "Polygon", "coordinates": [[[-77.59755, 37.68935], [-77.593113, 37.688154], [-77.59201, 37.687601], [-77.589576, 37.684896], [-77.589342, 37.683971], [-77.592491, 37.683615], [-77.595868, 37.684088], [-77.59581, 37.685461], [-77.593827, 37.685276], [-77.593656, 37.687179], [-77.597774, 37.687672], [-77.59755, 37.68935]]]}, "properties": {"GEOID": "510872001482", "total_units": 289, "carfree_units": 0, "pct_carfree": 0.0}}, {"type": "Feature", "geometry": {"type": "Polygon", "coordinates": [[[-77.532988, 37.692209], [-77.531719, 37.694409], [-77.530798, 37.694566], [-77.527868, 37.69372], [-77.526273, 37.694354], [-77.526426, 37.695574], [-77.527746, 37.69679], [-77.526548, 37.697658], [-77.524683, 37.697043], [-77.523868, 37.698872], [-77.522216, 37.700149], [-77.521347, 37.699958], [-77.521349, 37.697686], [-77.520157, 37.697577], [-77.517315, 37.699392], [-77.515165, 37.699889], [-77.513353, 37.699617], [-77.513537, 37.700695], [-77.511306, 37.701794], [-77.510238, 37.700754], [-77.506393, 37.700379], [-77.503983, 37.700724], [-77.502728, 37.699724], [-77.499191, 37.700921], [-77.500537, 37.696036], [-77.501222, 37.691381], [-77.503234, 37.676996], [-77.504257, 37.677302], [-77.514648, 37.68033], [-77.521267, 37.681776], [-77.527857, 37.682295], [-77.532478, 37.682133], [-77.532451, 37.682583], [-77.531276, 37.685346], [-77.530185, 37.688471], [-77.532093, 37.691397], [-77.532988, 37.692209]]]}, "properties": {"GEOID": "510872004151", "total_units": 1077, "carfree_units": 0, "pct_carfree": 0.0}}, {"type": "Feature", "geometry": {"type": "Polygon", "coordinates": [[[-77.342722, 37.534243], [-77.341991, 37.536472], [-77.341373, 37.53719], [-77.337146, 37.539925], [-77.327649, 37.546002], [-77.325139, 37.5435], [-77.323264, 37.541655], [-77.325327, 37.540308], [-77.327847, 37.542809], [-77.331889, 37.540214], [-77.329948, 37.538172], [-77.330979, 37.533979], [-77.329194, 37.532975], [-77.326251, 37.532489], [-77.326913, 37.530086], [-77.334842, 37.530408], [-77.344571, 37.531537], [-77.342722, 37.534243]]]}, "properties": {"GEOID": "510872012053", "total_units": 395, "carfree_units": 30, "pct_carfree": 7.59}}, {"type": "Feature", "geometry": {"type": "Polygon", "coordinates": [[[-77.554389, 37.653353], [-77.552355, 37.657675], [-77.549867, 37.659332], [-77.549028, 37.661793], [-77.544495, 37.660955], [-77.547206, 37.651251], [-77.547211, 37.649226], [-77.548081, 37.649247], [-77.552055, 37.649124], [-77.554357, 37.649044], [-77.554389, 37.653353]]]}, "properties": {"GEOID": "510872004142", "total_units": 430, "carfree_units": 0, "pct_carfree": 0.0}}, {"type": "Feature", "geometry": {"type": "Polygon", "coordinates": [[[-77.530421, 37.652571], [-77.528847, 37.657666], [-77.527484, 37.662058], [-77.523223, 37.656796], [-77.522552, 37.655556], [-77.520814, 37.652185], [-77.518102, 37.645325], [-77.520844, 37.645859], [-77.522209, 37.645862], [-77.525699, 37.646787], [-77.531442, 37.649225], [-77.530421, 37.652571]]]}, "properties": {"GEOID": "510872004132", "total_units": 379, "carfree_units": 7, "pct_carfree": 1.85}}, {"type": "Feature", "geometry": {"type": "Polygon", "coordinates": [[[-77.39427, 37.514884], [-77.391974, 37.515194], [-77.387389, 37.517063], [-77.387597, 37.517483], [-77.385073, 37.518092], [-77.382762, 37.518183], [-77.37828, 37.51837], [-77.377835, 37.518359], [-77.373121, 37.513778], [-77.367184, 37.511662], [-77.369869, 37.502068], [-77.375239, 37.503009], [-77.381059, 37.503266], [-77.384129, 37.506467], [-77.393704, 37.512622], [-77.39366, 37.513094], [-77.39427, 37.514884]]]}, "properties": {"GEOID": "510872015043", "total_units": 604, "carfree_units": 8, "pct_carfree": 1.32}}, {"type": "Feature", "geometry": {"type": "Polygon", "coordinates": [[[-77.626235, 37.692594], [-77.624406, 37.694114], [-77.623877, 37.695057], [-77.623982, 37.699089], [-77.622871, 37.700361], [-77.621203, 37.701107], [-77.61601, 37.701579], [-77.615561, 37.699799], [-77.612416, 37.697053], [-77.612599, 37.695372], [-77.61365, 37.692976], [-77.613606, 37.692357], [-77.612832, 37.691106], [-77.610867, 37.689865], [-77.6149, 37.686346], [-77.616726, 37.685692], [-77.621792, 37.684527], [-77.623924, 37.68484], [-77.625214, 37.685626], [-77.62917, 37.69167], [-77.626235, 37.692594]]]}, "properties": {"GEOID": "510872001452", "total_units": 680, "carfree_units": 16, "pct_carfree": 2.35}}, {"type": "Feature", "geometry": {"type": "Polygon", "coordinates": [[[-77.507581, 37.64518], [-77.507312, 37.647851], [-77.505812, 37.658603], [-77.50484, 37.665535], [-77.503441, 37.665243], [-77.500974, 37.665249], [-77.501853, 37.658926], [-77.497831, 37.658437], [-77.499106, 37.653485], [-77.49539, 37.65243], [-77.496695, 37.649364], [-77.496585, 37.648781], [-77.496509, 37.648579], [-77.494304, 37.643474], [-77.494033, 37.642313], [-77.496856, 37.641688], [-77.507431, 37.643108], [-77.507581, 37.64518]]]}, "properties": {"GEOID": "510872009061", "total_units": 789, "carfree_units": 16, "pct_carfree": 2.03}}, {"type": "Feature", "geometry": {"type": "Polygon", "coordinates": [[[-77.34223, 37.557663], [-77.338615, 37.556962], [-77.33638, 37.557413], [-77.333259, 37.559941], [-77.332281, 37.56147], [-77.329772, 37.560038], [-77.329934, 37.557269], [-77.323136, 37.552888], [-77.32375, 37.552237], [-77.324437, 37.552647], [-77.328375, 37.550117], [-77.329636, 37.551091], [-77.331374, 37.549603], [-77.334331, 37.550856], [-77.339984, 37.55052], [-77.342364, 37.551005], [-77.341403, 37.554225], [-77.343136, 37.55464], [-77.34223, 37.557663]]]}, "properties": {"GEOID": "510872012041", "total_units": 750, "carfree_units": 183, "pct_carfree": 24.4}}, {"type": "Feature", "geometry": {"type": "Polygon", "coordinates": [[[-77.448815, 37.607298], [-77.447811, 37.607002], [-77.44226, 37.607368], [-77.442426, 37.609279], [-77.440878, 37.60953], [-77.441002, 37.611602], [-77.4405, 37.613332], [-77.444785, 37.613948], [-77.442415, 37.617679], [-77.440521, 37.616189], [-77.43765, 37.617185], [-77.432166, 37.614877], [-77.431026, 37.614961], [-77.42835, 37.613384], [-77.424278, 37.613387], [-77.424451, 37.614156], [-77.420062, 37.616503], [-77.414331, 37.61533], [-77.411142, 37.612937], [-77.411317, 37.611729], [-77.409774, 37.611161], [-77.412443, 37.609403], [-77.413364, 37.607688], [-77.413406, 37.606542], [-77.41097, 37.601657], [-77.411643, 37.601574], [-77.416368, 37.599718], [-77.422382, 37.598434], [-77.424512, 37.598513], [-77.424609, 37.598242], [-77.426321, 37.598627], [-77.423559, 37.60259], [-77.424782, 37.603005], [-77.424988, 37.605782], [-77.424681, 37.607952], [-77.424092, 37.609027], [-77.42613, 37.60965], [-77.427695, 37.608864], [-77.427704, 37.606547], [-77.430032, 37.606425], [-77.429857, 37.602739], [-77.435715, 37.602526], [-77.435564, 37.606107], [-77.449824, 37.605701], [-77.448815, 37.607298]]]}, "properties": {"GEOID": "510872008074", "total_units": 574, "carfree_units": 38, "pct_carfree": 6.62}}, {"type": "Feature", "geometry": {"type": "Polygon", "coordinates": [[[-77.518145, 37.60846], [-77.513393, 37.610993], [-77.511906, 37.612434], [-77.510732, 37.613011], [-77.508367, 37.613286], [-77.505727, 37.613396], [-77.50596, 37.606748], [-77.503088, 37.607565], [-77.501787, 37.607367], [-77.500864, 37.60603], [-77.496913, 37.605142], [-77.495633, 37.603146], [-77.492373, 37.602918], [-77.490773, 37.60129], [-77.490764, 37.600808], [-77.491363, 37.597494], [-77.495481, 37.598209], [-77.498478, 37.599633], [-77.501725, 37.603596], [-77.50416, 37.60485], [-77.505506, 37.605119], [-77.512424, 37.605357], [-77.516248, 37.605741], [-77.518145, 37.60846]]]}, "properties": {"GEOID": "510872004041", "total_units": 562, "carfree_units": 4, "pct_carfree": 0.71}}, {"type": "Feature", "geometry": {"type": "Polygon", "coordinates": [[[-77.609096, 37.693765], [-77.607562, 37.695468], [-77.606677, 37.698047], [-77.601579, 37.700086], [-77.601147, 37.701503], [-77.601778, 37.70278], [-77.60631, 37.704248], [-77.608896, 37.706242], [-77.608923, 37.709481], [-77.608504, 37.709899], [-77.607061, 37.709663], [-77.605539, 37.707701], [-77.598065, 37.70365], [-77.597558, 37.702214], [-77.594661, 37.700439], [-77.595394, 37.697036], [-77.592074, 37.695513], [-77.597373, 37.690839], [-77.59755, 37.68935], [-77.606547, 37.691629], [-77.607681, 37.691583], [-77.608108, 37.692816], [-77.609096, 37.693765]]]}, "properties": {"GEOID": "510872001463", "total_units": 615, "carfree_units": 0, "pct_carfree": 0.0}}, {"type": "Feature", "geometry": {"type": "Polygon", "coordinates": [[[-77.375417, 37.561524], [-77.370942, 37.562207], [-77.360134, 37.566206], [-77.359156, 37.563812], [-77.359752, 37.560419], [-77.360179, 37.558206], [-77.361366, 37.553406], [-77.36439, 37.548947], [-77.365756, 37.548308], [-77.3646, 37.546294], [-77.366453, 37.545751], [-77.36811, 37.55004], [-77.371545, 37.549414], [-77.371396, 37.554246], [-77.375417, 37.561524]]]}, "properties": {"GEOID": "510872011032", "total_units": 1000, "carfree_units": 127, "pct_carfree": 12.7}}, {"type": "Feature", "geometry": {"type": "Polygon", "coordinates": [[[-77.606292, 37.621644], [-77.606436, 37.622265], [-77.600935, 37.624938], [-77.599823, 37.625303], [-77.598051, 37.625545], [-77.595834, 37.625304], [-77.590813, 37.623294], [-77.587447, 37.621854], [-77.593814, 37.616432], [-77.599489, 37.614797], [-77.604087, 37.612808], [-77.607339, 37.612555], [-77.606292, 37.621644]]]}, "properties": {"GEOID": "510872001383", "total_units": 666, "carfree_units": 20, "pct_carfree": 3.0}}, {"type": "Feature", "geometry": {"type": "Polygon", "coordinates": [[[-77.427695, 37.608864], [-77.42613, 37.60965], [-77.424092, 37.609027], [-77.424681, 37.607952], [-77.424988, 37.605782], [-77.426705, 37.605696], [-77.427215, 37.605481], [-77.427633, 37.605469], [-77.427704, 37.606547], [-77.427695, 37.608864]]]}, "properties": {"GEOID": "510872008071", "total_units": 350, "carfree_units": 144, "pct_carfree": 41.14}}, {"type": "Feature", "geometry": {"type": "Polygon", "coordinates": [[[-77.552055, 37.649124], [-77.548081, 37.649247], [-77.547211, 37.649226], [-77.54086, 37.649371], [-77.540939, 37.64758], [-77.542743, 37.642854], [-77.544144, 37.641371], [-77.545234, 37.638444], [-77.550059, 37.640349], [-77.550047, 37.645103], [-77.551854, 37.645057], [-77.552055, 37.649124]]]}, "properties": {"GEOID": "510872004072", "total_units": 443, "carfree_units": 0, "pct_carfree": 0.0}}, {"type": "Feature", "geometry": {"type": "Polygon", "coordinates": [[[-77.537864, 37.612705], [-77.535039, 37.610798], [-77.529919, 37.608344], [-77.521713, 37.606413], [-77.527922, 37.602379], [-77.528278, 37.601815], [-77.529779, 37.597295], [-77.530716, 37.596072], [-77.531935, 37.594487], [-77.532006, 37.594264], [-77.536335, 37.596975], [-77.537636, 37.59721], [-77.537765, 37.604987], [-77.537835, 37.610561], [-77.537864, 37.612705]]]}, "properties": {"GEOID": "510872003032", "total_units": 586, "carfree_units": 37, "pct_carfree": 6.31}}, {"type": "Feature", "geometry": {"type": "Polygon", "coordinates": [[[-77.47646, 37.685148], [-77.47461, 37.68555], [-77.471574, 37.687659], [-77.465913, 37.683674], [-77.464293, 37.680683], [-77.461727, 37.680213], [-77.461539, 37.680272], [-77.460693, 37.673236], [-77.460774, 37.671348], [-77.463329, 37.671969], [-77.464898, 37.671014], [-77.466964, 37.668754], [-77.466603, 37.666858], [-77.46515, 37.665752], [-77.459037, 37.666134], [-77.457261, 37.665819], [-77.454487, 37.664592], [-77.451239, 37.663843], [-77.449013, 37.663838], [-77.450631, 37.657961], [-77.460155, 37.659121], [-77.46995, 37.660342], [-77.47332, 37.661256], [-77.473413, 37.662305], [-77.471347, 37.662609], [-77.477638, 37.680879], [-77.47646, 37.685148]]]}, "properties": {"GEOID": "510872009073", "total_units": 1279, "carfree_units": 123, "pct_carfree": 9.62}}]}